Order ID,Order Date,Ship Date,Ship Mode,Customer ID,Customer Name,Segment,Country,City,State,Postal Code,Region,Product ID,Category,Sub-Category,Product Name,Sales,Quantity,Discount,Profit,Shipping Days,Year,Month,Month Name,Quarter,Day of Week,Year-Month,Year-Quarter,Profit Margin %,Unit Price,Cost,Cost per Unit,Profitability Category,Discount Level
B-25601,2018-04-01,2018-04-05,BlueDart Express,IND-CUST-1000,Bharat,Consumer,India,Ahmedabad,Gujarat,380001,West,IND-PRD-10000,Furniture,Bookcases,Bookcases - Grade Premium,19125.0,7,0.2,-13776.0,4,2018,4,Apr,Q2,Sunday,2018-04,2018-Q2,-72.03137254901961,2732.1428571428573,32901.0,4700.142857142857,Loss-Making (<0%),Moderate Discount (1-20%)
B-25601,2018-04-01,2018-04-06,Standard Express,IND-CUST-1000,Bharat,Consumer,India,Ahmedabad,Gujarat,380001,West,IND-PRD-10001,Clothing,Stole,Stole - Grade A,990.0,5,0.1,-144.0,5,2018,4,Apr,Q2,Sunday,2018-04,2018-Q2,-14.545454545454545,198.0,1134.0,226.8,Loss-Making (<0%),Moderate Discount (1-20%)
B-25601,2018-04-01,2018-04-04,Standard Express,IND-CUST-1000,Bharat,Consumer,India,Ahmedabad,Gujarat,380001,West,IND-PRD-10002,Clothing,Hankerchief,Hankerchief - Grade Premium,120.0,3,0.15,-24.0,3,2018,4,Apr,Q2,Sunday,2018-04,2018-Q2,-20.0,40.0,144.0,48.0,Loss-Making (<0%),Moderate Discount (1-20%)
B-25601,2018-04-01,2018-04-06,BlueDart Express,IND-CUST-1000,Bharat,Consumer,India,Ahmedabad,Gujarat,380001,West,IND-PRD-10003,Electronics,Electronic Games,Electronic Games - Grade Standard,1200.0,4,0.15,-672.0,5,2018,4,Apr,Q2,Sunday,2018-04,2018-Q2,-56.00000000000001,300.0,1872.0,468.0,Loss-Making (<0%),Moderate Discount (1-20%)
B-25602,2018-04-01,2018-04-06,Standard Express,IND-CUST-1001,Pearl,Consumer,India,Pune,Maharashtra,411001,West,IND-PRD-10004,Electronics,Phones,Phones - Grade Standard,2520.0,2,0.05,-1332.0,5,2018,4,Apr,Q2,Sunday,2018-04,2018-Q2,-52.85714285714286,1260.0,3852.0,1926.0,Loss-Making (<0%),Moderate Discount (1-20%)
B-25602,2018-04-01,2018-04-03,BlueDart Express,IND-CUST-1001,Pearl,Corporate,India,Pune,Maharashtra,411001,West,IND-PRD-10005,Electronics,Phones,Phones - Grade Standard,6360.0,5,0.05,-3264.0,2,2018,4,Apr,Q2,Sunday,2018-04,2018-Q2,-51.320754716981135,1272.0,9624.0,1924.8,Loss-Making (<0%),Moderate Discount (1-20%)
B-25602,2018-04-01,2018-04-04,Standard Express,IND-CUST-1001,Pearl,Consumer,India,Pune,Maharashtra,411001,West,IND-PRD-10006,Electronics,Phones,Phones - Grade A,39255.0,4,0.15,13812.0,3,2018,4,Apr,Q2,Sunday,2018-04,2018-Q2,35.18532670997325,9813.75,25443.0,6360.75,High Margin (>20%),Moderate Discount (1-20%)
B-25602,2018-04-01,2018-04-04,BlueDart Express,IND-CUST-1001,Pearl,Consumer,India,Pune,Maharashtra,411001,West,IND-PRD-10007,Clothing,Saree,Saree - Grade Standard,8415.0,3,0.05,2544.0,3,2018,4,Apr,Q2,Sunday,2018-04,2018-Q2,30.231729055258466,2805.0,5871.0,1957.0,High Margin (>20%),Moderate Discount (1-20%)
B-25602,2018-04-01,2018-04-04,Standard Express,IND-CUST-1001,Pearl,Small Business,India,Pune,Maharashtra,411001,West,IND-PRD-10008,Clothing,Saree,Saree - Grade A,1785.0,8,0.15,-60.0,3,2018,4,Apr,Q2,Sunday,2018-04,2018-Q2,-3.361344537815126,223.125,1845.0,230.625,Loss-Making (<0%),Moderate Discount (1-20%)
B-25603,2018-04-03,2018-04-08,Same Day Delivery,IND-CUST-1002,Jahan,Consumer,India,Bhopal,Madhya Pradesh,400001,Central,IND-PRD-10009,Clothing,Trousers,Trousers - Grade Premium,20325.0,5,0.25,-720.0,5,2018,4,Apr,Q2,Tuesday,2018-04,2018-Q2,-3.5424354243542435,4065.0,21045.0,4209.0,Loss-Making (<0%),High Discount (>20%)
B-25603,2018-04-03,2018-04-07,India Post Parcel,IND-CUST-1002,Jahan,Corporate,India,Bhopal,Madhya Pradesh,400001,Central,IND-PRD-10010,Furniture,Chairs,Chairs - Grade Standard,360.0,1,0.1,-360.0,4,2018,4,Apr,Q2,Tuesday,2018-04,2018-Q2,-100.0,360.0,720.0,720.0,Loss-Making (<0%),Moderate Discount (1-20%)
B-25603,2018-04-03,2018-04-06,India Post Parcel,IND-CUST-1002,Jahan,Consumer,India,Bhopal,Madhya Pradesh,400001,Central,IND-PRD-10011,Clothing,Saree,Saree - Grade Premium,2895.0,3,0.15,-1992.0,3,2018,4,Apr,Q2,Tuesday,2018-04,2018-Q2,-68.8082901554404,965.0,4887.0,1629.0,Loss-Making (<0%),Moderate Discount (1-20%)
B-25603,2018-04-03,2018-04-08,BlueDart Express,IND-CUST-1002,Jahan,Corporate,India,Bhopal,Madhya Pradesh,400001,Central,IND-PRD-10012,Clothing,Trousers,Trousers - Grade B,2700.0,3,0.15,60.0,5,2018,4,Apr,Q2,Tuesday,2018-04,2018-Q2,2.2222222222222223,900.0,2640.0,880.0,Moderate Margin (0-20%),Moderate Discount (1-20%)
B-25603,2018-04-03,2018-04-05,Standard Express,IND-CUST-1002,Jahan,Corporate,India,Bhopal,Madhya Pradesh,400001,Central,IND-PRD-10013,Clothing,Stole,Stole - Grade Premium,1740.0,4,0.15,192.0,2,2018,4,Apr,Q2,Tuesday,2018-04,2018-Q2,11.03448275862069,435.0,1548.0,387.0,Moderate Margin (0-20%),Moderate Discount (1-20%)
B-25603,2018-04-03,2018-04-07,Same Day Delivery,IND-CUST-1002,Jahan,Consumer,India,Bhopal,Madhya Pradesh,400001,Central,IND-PRD-10014,Clothing,Stole,Stole - Grade B,1605.0,6,0.05,432.0,4,2018,4,Apr,Q2,Tuesday,2018-04,2018-Q2,26.91588785046729,267.5,1173.0,195.5,High Margin (>20%),Moderate Discount (1-20%)
B-25603,2018-04-03,2018-04-05,Standard Express,IND-CUST-1002,Jahan,Small Business,India,Bhopal,Madhya Pradesh,400001,Central,IND-PRD-10015,Clothing,Hankerchief,Hankerchief - Grade Premium,180.0,2,0.0,12.0,2,2018,4,Apr,Q2,Tuesday,2018-04,2018-Q2,6.666666666666667,90.0,168.0,84.0,Moderate Margin (0-20%),No Discount (0%)
B-25603,2018-04-03,2018-04-07,Standard Express,IND-CUST-1002,Jahan,Consumer,India,Bhopal,Madhya Pradesh,400001,Central,IND-PRD-10016,Clothing,Kurti,Kurti - Grade A,570.0,1,0.05,216.0,4,2018,4,Apr,Q2,Tuesday,2018-04,2018-Q2,37.89473684210527,570.0,354.0,354.0,High Margin (>20%),Moderate Discount (1-20%)
B-25604,2018-04-03,2018-04-08,Standard Express,IND-CUST-1003,Divsha,Consumer,India,Jaipur,Rajasthan,302001,North,IND-PRD-10017,Clothing,T-shirt,T-shirt - Grade Premium,975.0,2,0.1,204.0,5,2018,4,Apr,Q2,Tuesday,2018-04,2018-Q2,20.923076923076923,487.5,771.0,385.5,High Margin (>20%),Moderate Discount (1-20%)
B-25604,2018-04-03,2018-04-04,BlueDart Express,IND-CUST-1003,Divsha,Corporate,India,Jaipur,Rajasthan,302001,North,IND-PRD-10018,Clothing,Saree,Saree - Grade A,2355.0,9,0.05,60.0,1,2018,4,Apr,Q2,Tuesday,2018-04,2018-Q2,2.547770700636943,261.6666666666667,2295.0,255.0,Moderate Margin (0-20%),Moderate Discount (1-20%)
B-25605,2018-04-05,2018-04-09,Same Day Delivery,IND-CUST-1004,Kasheen,Corporate,India,Kolkata,West Bengal,700001,East,IND-PRD-10019,Clothing,Saree,Saree - Grade A,1125.0,7,0.15,0.0,4,2018,4,Apr,Q2,Thursday,2018-04,2018-Q2,0.0,160.71428571428572,1125.0,160.71428571428572,Moderate Margin (0-20%),Moderate Discount (1-20%)
B-25606,2018-04-06,2018-04-08,BlueDart Express,IND-CUST-1005,Hazel,Consumer,India,Bangalore,Karnataka,560001,South,IND-PRD-10020,Clothing,Shirt,Shirt - Grade Standard,1305.0,2,0.05,48.0,2,2018,4,Apr,Q2,Friday,2018-04,2018-Q2,3.67816091954023,652.5,1257.0,628.5,Moderate Margin (0-20%),Moderate Discount (1-20%)
B-25607,2018-04-06,2018-04-11,Standard Express,IND-CUST-1006,Sonakshi,Consumer,India,Kashmir,Jammu and Kashmir,400001,North,IND-PRD-10021,Clothing,Leggings,Leggings - Grade A,750.0,4,0.1,180.0,5,2018,4,Apr,Q2,Friday,2018-04,2018-Q2,24.0,187.5,570.0,142.5,High Margin (>20%),Moderate Discount (1-20%)
B-25608,2018-04-08,2018-04-12,Standard Express,IND-CUST-1007,Aarushi,Consumer,India,Chennai,Tamil Nadu,600001,South,IND-PRD-10022,Furniture,Tables,Tables - Grade B,20460.0,5,0.0,-22368.0,4,2018,4,Apr,Q2,Sunday,2018-04,2018-Q2,-109.32551319648094,4092.0,42828.0,8565.6,Loss-Making (<0%),No Discount (0%)
B-25608,2018-04-08,2018-04-09,India Post Parcel,IND-CUST-1007,Aarushi,Consumer,India,Chennai,Tamil Nadu,600001,South,IND-PRD-10023,Furniture,Chairs,Chairs - Grade Standard,7140.0,3,0.15,0.0,1,2018,4,Apr,Q2,Sunday,2018-04,2018-Q2,0.0,2380.0,7140.0,2380.0,Moderate Margin (0-20%),Moderate Discount (1-20%)
B-25608,2018-04-08,2018-04-09,Standard Express,IND-CUST-1007,Aarushi,Corporate,India,Chennai,Tamil Nadu,600001,South,IND-PRD-10024,Clothing,Hankerchief,Hankerchief - Grade Standard,3855.0,5,0.1,276.0,1,2018,4,Apr,Q2,Sunday,2018-04,2018-Q2,7.1595330739299605,771.0,3579.0,715.8,Moderate Margin (0-20%),Moderate Discount (1-20%)
B-25608,2018-04-08,2018-04-11,BlueDart Express,IND-CUST-1007,Aarushi,Consumer,India,Chennai,Tamil Nadu,600001,South,IND-PRD-10025,Electronics,Printers,Printers - Grade Premium,12840.0,6,0.0,4620.0,3,2018,4,Apr,Q2,Sunday,2018-04,2018-Q2,35.981308411214954,2140.0,8220.0,1370.0,High Margin (>20%),No Discount (0%)
B-25609,2018-04-09,2018-04-12,Standard Express,IND-CUST-1008,Jitesh,Consumer,India,Lucknow,Uttar Pradesh,226001,North,IND-PRD-10026,Electronics,Electronic Games,Electronic Games - Grade A,7275.0,4,0.0,348.0,3,2018,4,Apr,Q2,Monday,2018-04,2018-Q2,4.783505154639175,1818.75,6927.0,1731.75,Moderate Margin (0-20%),No Discount (0%)
B-25609,2018-04-09,2018-04-11,Same Day Delivery,IND-CUST-1008,Jitesh,Consumer,India,Lucknow,Uttar Pradesh,226001,North,IND-PRD-10027,Clothing,Saree,Saree - Grade A,375.0,4,0.15,-60.0,2,2018,4,Apr,Q2,Monday,2018-04,2018-Q2,-16.0,93.75,435.0,108.75,Loss-Making (<0%),Moderate Discount (1-20%)
B-25610,2018-04-09,2018-04-13,BlueDart Express,IND-CUST-1009,Yogesh,Consumer,India,Patna,Bihar,400001,East,IND-PRD-10028,Electronics,Printers,Printers - Grade B,16140.0,4,0.05,-456.0,4,2018,4,Apr,Q2,Monday,2018-04,2018-Q2,-2.825278810408922,4035.0,16596.0,4149.0,Loss-Making (<0%),Moderate Discount (1-20%)
B-25610,2018-04-09,2018-04-13,Standard Express,IND-CUST-1009,Yogesh,Consumer,India,Patna,Bihar,400001,East,IND-PRD-10029,Clothing,Stole,Stole - Grade Premium,1605.0,4,0.0,-648.0,4,2018,4,Apr,Q2,Monday,2018-04,2018-Q2,-40.373831775700936,401.25,2253.0,563.25,Loss-Making (<0%),No Discount (0%)
B-25610,2018-04-09,2018-04-12,Standard Express,IND-CUST-1009,Yogesh,Corporate,India,Patna,Bihar,400001,East,IND-PRD-10030,Electronics,Accessories,Accessories - Grade Premium,1020.0,5,0.25,-660.0,3,2018,4,Apr,Q2,Monday,2018-04,2018-Q2,-64.70588235294117,204.0,1680.0,336.0,Loss-Making (<0%),High Discount (>20%)
B-25610,2018-04-09,2018-04-13,BlueDart Express,IND-CUST-1009,Yogesh,Small Business,India,Patna,Bihar,400001,East,IND-PRD-10031,Electronics,Printers,Printers - Grade Standard,11715.0,6,0.15,-7128.0,4,2018,4,Apr,Q2,Monday,2018-04,2018-Q2,-60.84507042253521,1952.5,18843.0,3140.5,Loss-Making (<0%),Moderate Discount (1-20%)
B-25610,2018-04-09,2018-04-13,BlueDart Express,IND-CUST-1009,Yogesh,Corporate,India,Patna,Bihar,400001,East,IND-PRD-10032,Clothing,Saree,Saree - Grade Standard,645.0,3,0.25,0.0,4,2018,4,Apr,Q2,Monday,2018-04,2018-Q2,0.0,215.0,645.0,215.0,Moderate Margin (0-20%),High Discount (>20%)
B-25610,2018-04-09,2018-04-10,Standard Express,IND-CUST-1009,Yogesh,Consumer,India,Patna,Bihar,400001,East,IND-PRD-10033,Furniture,Furnishings,Furnishings - Grade Standard,450.0,2,0.05,-60.0,1,2018,4,Apr,Q2,Monday,2018-04,2018-Q2,-13.333333333333334,225.0,510.0,255.0,Loss-Making (<0%),Moderate Discount (1-20%)
B-25611,2018-04-11,2018-04-14,India Post Parcel,IND-CUST-1010,Anita,Small Business,India,Thiruvananthapuram,Kerala,400001,Central,IND-PRD-10034,Clothing,Saree,Saree - Grade B,2400.0,2,0.05,-708.0,3,2018,4,Apr,Q2,Wednesday,2018-04,2018-Q2,-29.5,1200.0,3108.0,1554.0,Loss-Making (<0%),Moderate Discount (1-20%)
B-25612,2018-04-12,2018-04-17,Standard Express,IND-CUST-1011,Shrichand,Corporate,India,Chandigarh,Punjab,400001,North,IND-PRD-10035,Furniture,Chairs,Chairs - Grade B,3885.0,2,0.2,-660.0,5,2018,4,Apr,Q2,Thursday,2018-04,2018-Q2,-16.988416988416986,1942.5,4545.0,2272.5,Loss-Making (<0%),Moderate Discount (1-20%)
B-25613,2018-04-12,2018-04-15,Standard Express,IND-CUST-1012,Mukesh,Corporate,India,Chandigarh,Haryana,400001,North,IND-PRD-10036,Clothing,Saree,Saree - Grade Standard,24045.0,9,0.1,0.0,3,2018,4,Apr,Q2,Thursday,2018-04,2018-Q2,0.0,2671.6666666666665,24045.0,2671.6666666666665,Moderate Margin (0-20%),Moderate Discount (1-20%)
B-25614,2018-04-13,2018-04-18,India Post Parcel,IND-CUST-1013,Vandana,Consumer,India,Simla,Himachal Pradesh,400001,Central,IND-PRD-10037,Furniture,Bookcases,Bookcases - Grade Premium,7410.0,4,0.15,648.0,5,2018,4,Apr,Q2,Friday,2018-04,2018-Q2,8.74493927125506,1852.5,6762.0,1690.5,Moderate Margin (0-20%),Moderate Discount (1-20%)
B-25614,2018-04-13,2018-04-14,Standard Express,IND-CUST-1013,Vandana,Consumer,India,Simla,Himachal Pradesh,400001,Central,IND-PRD-10038,Electronics,Electronic Games,Electronic Games - Grade B,1470.0,2,0.0,-144.0,1,2018,4,Apr,Q2,Friday,2018-04,2018-Q2,-9.795918367346939,735.0,1614.0,807.0,Loss-Making (<0%),No Discount (0%)
B-25615,2018-04-15,2018-04-17,BlueDart Express,IND-CUST-1014,Bhavna,Consumer,India,Gangtok,Sikkim,400001,Central,IND-PRD-10039,Clothing,Hankerchief,Hankerchief - Grade Premium,1020.0,5,0.05,240.0,2,2018,4,Apr,Q2,Sunday,2018-04,2018-Q2,23.52941176470588,204.0,780.0,156.0,High Margin (>20%),Moderate Discount (1-20%)
B-25616,2018-04-15,2018-04-19,Standard Express,IND-CUST-1015,Kanak,Consumer,India,Goa,Goa,400001,West,IND-PRD-10040,Clothing,Hankerchief,Hankerchief - Grade Premium,630.0,5,0.0,144.0,4,2018,4,Apr,Q2,Sunday,2018-04,2018-Q2,22.857142857142858,126.0,486.0,97.2,High Margin (>20%),No Discount (0%)
B-25616,2018-04-15,2018-04-16,Standard Express,IND-CUST-1015,Kanak,Consumer,India,Goa,Goa,400001,West,IND-PRD-10041,Clothing,Stole,Stole - Grade A,1740.0,5,0.0,-672.0,1,2018,4,Apr,Q2,Sunday,2018-04,2018-Q2,-38.62068965517241,348.0,2412.0,482.4,Loss-Making (<0%),No Discount (0%)
B-25616,2018-04-15,2018-04-19,India Post Parcel,IND-CUST-1015,Kanak,Consumer,India,Goa,Goa,400001,West,IND-PRD-10042,Clothing,Hankerchief,Hankerchief - Grade Standard,330.0,3,0.0,-24.0,4,2018,4,Apr,Q2,Sunday,2018-04,2018-Q2,-7.2727272727272725,110.0,354.0,118.0,Loss-Making (<0%),No Discount (0%)
B-25616,2018-04-15,2018-04-17,Standard Express,IND-CUST-1015,Kanak,Consumer,India,Goa,Goa,400001,West,IND-PRD-10043,Clothing,Hankerchief,Hankerchief - Grade A,210.0,3,0.0,-24.0,2,2018,4,Apr,Q2,Sunday,2018-04,2018-Q2,-11.428571428571429,70.0,234.0,78.0,Loss-Making (<0%),No Discount (0%)
B-25617,2018-04-17,2018-04-19,Same Day Delivery,IND-CUST-1016,Sagar,Corporate,India,Kohima,Nagaland,400001,Central,IND-PRD-10044,Electronics,Electronic Games,Electronic Games - Grade Standard,4575.0,5,0.25,-3240.0,2,2018,4,Apr,Q2,Tuesday,2018-04,2018-Q2,-70.81967213114754,915.0,7815.0,1563.0,Loss-Making (<0%),High Discount (>20%)
B-25618,2018-04-18,2018-04-19,Standard Express,IND-CUST-1017,Manju,Consumer,India,Hyderabad,Andhra Pradesh,500001,South,IND-PRD-10045,Furniture,Bookcases,Bookcases - Grade Standard,5430.0,1,0.0,1524.0,1,2018,4,Apr,Q2,Wednesday,2018-04,2018-Q2,28.066298342541433,5430.0,3906.0,3906.0,High Margin (>20%),No Discount (0%)
B-25618,2018-04-18,2018-04-20,Standard Express,IND-CUST-1017,Manju,Consumer,India,Hyderabad,Andhra Pradesh,500001,South,IND-PRD-10046,Clothing,Hankerchief,Hankerchief - Grade Premium,180.0,2,0.1,0.0,2,2018,4,Apr,Q2,Wednesday,2018-04,2018-Q2,0.0,90.0,180.0,90.0,Moderate Margin (0-20%),Moderate Discount (1-20%)
B-25619,2018-04-18,2018-04-23,Standard Express,IND-CUST-1018,Ramesh,Small Business,India,Ahmedabad,Gujarat,380001,West,IND-PRD-10047,Clothing,Saree,Saree - Grade Standard,5295.0,8,0.15,1080.0,5,2018,4,Apr,Q2,Wednesday,2018-04,2018-Q2,20.396600566572236,661.875,4215.0,526.875,High Margin (>20%),Moderate Discount (1-20%)
B-25620,2018-04-20,2018-04-22,BlueDart Express,IND-CUST-1019,Sarita,Small Business,India,Pune,Maharashtra,411001,West,IND-PRD-10048,Electronics,Printers,Printers - Grade Premium,2895.0,1,0.1,552.0,2,2018,4,Apr,Q2,Friday,2018-04,2018-Q2,19.067357512953368,2895.0,2343.0,2343.0,Moderate Margin (0-20%),Moderate Discount (1-20%)
B-25621,2018-04-20,2018-04-24,Standard Express,IND-CUST-1020,Deepak,Corporate,India,Bhopal,Madhya Pradesh,400001,Central,IND-PRD-10049,Electronics,Electronic Games,Electronic Games - Grade Premium,3495.0,5,0.0,-120.0,4,2018,4,Apr,Q2,Friday,2018-04,2018-Q2,-3.4334763948497855,699.0,3615.0,723.0,Loss-Making (<0%),No Discount (0%)
B-25621,2018-04-20,2018-04-24,Same Day Delivery,IND-CUST-1020,Deepak,Small Business,India,Bhopal,Madhya Pradesh,400001,Central,IND-PRD-10050,Electronics,Electronic Games,Electronic Games - Grade Standard,3420.0,3,0.15,756.0,4,2018,4,Apr,Q2,Friday,2018-04,2018-Q2,22.105263157894736,1140.0,2664.0,888.0,High Margin (>20%),Moderate Discount (1-20%)
B-25621,2018-04-20,2018-04-24,BlueDart Express,IND-CUST-1020,Deepak,Consumer,India,Bhopal,Madhya Pradesh,400001,Central,IND-PRD-10051,Electronics,Phones,Phones - Grade Premium,4995.0,3,0.1,-180.0,4,2018,4,Apr,Q2,Friday,2018-04,2018-Q2,-3.6036036036036037,1665.0,5175.0,1725.0,Loss-Making (<0%),Moderate Discount (1-20%)
B-25622,2018-04-22,2018-04-26,India Post Parcel,IND-CUST-1021,Monisha,Small Business,India,Jaipur,Rajasthan,302001,North,IND-PRD-10052,Clothing,Saree,Saree - Grade Premium,8010.0,3,0.15,0.0,4,2018,4,Apr,Q2,Sunday,2018-04,2018-Q2,0.0,2670.0,8010.0,2670.0,Moderate Margin (0-20%),Moderate Discount (1-20%)
B-25623,2018-04-22,2018-04-27,Standard Express,IND-CUST-1022,Atharv,Consumer,India,Kolkata,West Bengal,700001,East,IND-PRD-10053,Clothing,Stole,Stole - Grade Premium,795.0,4,0.15,12.0,5,2018,4,Apr,Q2,Sunday,2018-04,2018-Q2,1.509433962264151,198.75,783.0,195.75,Moderate Margin (0-20%),Moderate Discount (1-20%)
B-25623,2018-04-22,2018-04-25,Same Day Delivery,IND-CUST-1022,Atharv,Consumer,India,Kolkata,West Bengal,700001,East,IND-PRD-10054,Clothing,Stole,Stole - Grade B,2370.0,3,0.25,828.0,3,2018,4,Apr,Q2,Sunday,2018-04,2018-Q2,34.93670886075949,790.0,1542.0,514.0,High Margin (>20%),High Discount (>20%)
B-25623,2018-04-22,2018-04-23,Same Day Delivery,IND-CUST-1022,Atharv,Consumer,India,Kolkata,West Bengal,700001,East,IND-PRD-10055,Clothing,Saree,Saree - Grade Premium,2235.0,4,0.1,-1044.0,1,2018,4,Apr,Q2,Sunday,2018-04,2018-Q2,-46.71140939597315,558.75,3279.0,819.75,Loss-Making (<0%),Moderate Discount (1-20%)
B-25623,2018-04-22,2018-04-26,Same Day Delivery,IND-CUST-1022,Atharv,Consumer,India,Kolkata,West Bengal,700001,East,IND-PRD-10056,Clothing,Stole,Stole - Grade B,1575.0,2,0.05,240.0,4,2018,4,Apr,Q2,Sunday,2018-04,2018-Q2,15.238095238095239,787.5,1335.0,667.5,Moderate Margin (0-20%),Moderate Discount (1-20%)
B-25624,2018-04-22,2018-04-24,Same Day Delivery,IND-CUST-1023,Vini,Consumer,India,Bangalore,Karnataka,560001,South,IND-PRD-10057,Clothing,Hankerchief,Hankerchief - Grade B,390.0,3,0.1,144.0,2,2018,4,Apr,Q2,Sunday,2018-04,2018-Q2,36.92307692307693,130.0,246.0,82.0,High Margin (>20%),Moderate Discount (1-20%)
B-25625,2018-04-23,2018-04-27,Same Day Delivery,IND-CUST-1024,Pinky,Corporate,India,Kashmir,Jammu and Kashmir,400001,North,IND-PRD-10058,Clothing,Hankerchief,Hankerchief - Grade Premium,1455.0,2,0.0,348.0,4,2018,4,Apr,Q2,Monday,2018-04,2018-Q2,23.917525773195877,727.5,1107.0,553.5,High Margin (>20%),No Discount (0%)
B-25625,2018-04-23,2018-04-25,BlueDart Express,IND-CUST-1024,Pinky,Corporate,India,Kashmir,Jammu and Kashmir,400001,North,IND-PRD-10059,Clothing,Leggings,Leggings - Grade Premium,885.0,3,0.2,360.0,2,2018,4,Apr,Q2,Monday,2018-04,2018-Q2,40.67796610169492,295.0,525.0,175.0,High Margin (>20%),Moderate Discount (1-20%)
B-25625,2018-04-23,2018-04-25,Standard Express,IND-CUST-1024,Pinky,Corporate,India,Kashmir,Jammu and Kashmir,400001,North,IND-PRD-10060,Clothing,Saree,Saree - Grade B,9525.0,5,0.0,-4188.0,2,2018,4,Apr,Q2,Monday,2018-04,2018-Q2,-43.968503937007874,1905.0,13713.0,2742.6,Loss-Making (<0%),No Discount (0%)
B-25626,2018-04-23,2018-04-27,Standard Express,IND-CUST-1025,Bhishm,Consumer,India,Mumbai,Maharashtra,400001,West,IND-PRD-10061,Electronics,Phones,Phones - Grade B,690.0,1,0.05,-168.0,4,2018,4,Apr,Q2,Monday,2018-04,2018-Q2,-24.347826086956523,690.0,858.0,858.0,Loss-Making (<0%),Moderate Discount (1-20%)
B-25626,2018-04-23,2018-04-28,India Post Parcel,IND-CUST-1025,Bhishm,Corporate,India,Mumbai,Maharashtra,400001,West,IND-PRD-10062,Furniture,Chairs,Chairs - Grade Premium,16545.0,3,0.15,-3312.0,5,2018,4,Apr,Q2,Monday,2018-04,2018-Q2,-20.0181323662738,5515.0,19857.0,6619.0,Loss-Making (<0%),Moderate Discount (1-20%)
B-25627,2018-04-23,2018-04-25,BlueDart Express,IND-CUST-1026,Hitika,Corporate,India,Indore,Madhya Pradesh,452001,Central,IND-PRD-10063,Clothing,Stole,Stole - Grade Premium,825.0,4,0.1,-468.0,2,2018,4,Apr,Q2,Monday,2018-04,2018-Q2,-56.72727272727273,206.25,1293.0,323.25,Loss-Making (<0%),Moderate Discount (1-20%)
B-25628,2018-04-24,2018-04-26,Same Day Delivery,IND-CUST-1027,Pooja,Consumer,India,Patna,Bihar,400001,East,IND-PRD-10064,Clothing,Skirt,Skirt - Grade Standard,675.0,4,0.05,156.0,2,2018,4,Apr,Q2,Tuesday,2018-04,2018-Q2,23.11111111111111,168.75,519.0,129.75,High Margin (>20%),Moderate Discount (1-20%)
B-25628,2018-04-24,2018-04-28,BlueDart Express,IND-CUST-1027,Pooja,Corporate,India,Patna,Bihar,400001,East,IND-PRD-10065,Clothing,Saree,Saree - Grade B,360.0,4,0.05,-108.0,4,2018,4,Apr,Q2,Tuesday,2018-04,2018-Q2,-30.0,90.0,468.0,117.0,Loss-Making (<0%),Moderate Discount (1-20%)
B-25628,2018-04-24,2018-04-26,Standard Express,IND-CUST-1027,Pooja,Consumer,India,Patna,Bihar,400001,East,IND-PRD-10066,Furniture,Furnishings,Furnishings - Grade B,525.0,2,0.2,-96.0,2,2018,4,Apr,Q2,Tuesday,2018-04,2018-Q2,-18.285714285714285,262.5,621.0,310.5,Loss-Making (<0%),Moderate Discount (1-20%)
B-25629,2018-04-24,2018-04-26,Standard Express,IND-CUST-1028,Hemant,Consumer,India,Thiruvananthapuram,Kerala,400001,Central,IND-PRD-10067,Clothing,Trousers,Trousers - Grade Standard,23400.0,3,0.05,5052.0,2,2018,4,Apr,Q2,Tuesday,2018-04,2018-Q2,21.58974358974359,7800.0,18348.0,6116.0,High Margin (>20%),Moderate Discount (1-20%)
B-25630,2018-04-24,2018-04-28,BlueDart Express,IND-CUST-1029,Sahil,Small Business,India,Chandigarh,Punjab,400001,North,IND-PRD-10068,Clothing,Stole,Stole - Grade B,1995.0,5,0.2,144.0,4,2018,4,Apr,Q2,Tuesday,2018-04,2018-Q2,7.218045112781955,399.0,1851.0,370.2,Moderate Margin (0-20%),Moderate Discount (1-20%)
B-25630,2018-04-24,2018-04-28,Standard Express,IND-CUST-1029,Sahil,Consumer,India,Chandigarh,Punjab,400001,North,IND-PRD-10069,Clothing,Kurti,Kurti - Grade A,1710.0,5,0.0,-468.0,4,2018,4,Apr,Q2,Tuesday,2018-04,2018-Q2,-27.368421052631582,342.0,2178.0,435.6,Loss-Making (<0%),No Discount (0%)
B-25630,2018-04-24,2018-04-25,Standard Express,IND-CUST-1029,Sahil,Consumer,India,Chandigarh,Punjab,400001,North,IND-PRD-10070,Electronics,Phones,Phones - Grade B,2145.0,2,0.15,-1548.0,1,2018,4,Apr,Q2,Tuesday,2018-04,2018-Q2,-72.16783216783217,1072.5,3693.0,1846.5,Loss-Making (<0%),Moderate Discount (1-20%)
B-25630,2018-04-24,2018-04-29,BlueDart Express,IND-CUST-1029,Sahil,Small Business,India,Chandigarh,Punjab,400001,North,IND-PRD-10071,Clothing,Stole,Stole - Grade Standard,600.0,3,0.15,-84.0,5,2018,4,Apr,Q2,Tuesday,2018-04,2018-Q2,-14.000000000000002,200.0,684.0,228.0,Loss-Making (<0%),Moderate Discount (1-20%)
B-25630,2018-04-24,2018-04-29,Standard Express,IND-CUST-1029,Sahil,Corporate,India,Chandigarh,Punjab,400001,North,IND-PRD-10072,Clothing,T-shirt,T-shirt - Grade A,510.0,4,0.0,-264.0,5,2018,4,Apr,Q2,Tuesday,2018-04,2018-Q2,-51.76470588235295,127.5,774.0,193.5,Loss-Making (<0%),No Discount (0%)
B-25630,2018-04-24,2018-04-26,BlueDart Express,IND-CUST-1029,Sahil,Consumer,India,Chandigarh,Punjab,400001,North,IND-PRD-10073,Clothing,Kurti,Kurti - Grade Premium,630.0,2,0.05,-312.0,2,2018,4,Apr,Q2,Tuesday,2018-04,2018-Q2,-49.523809523809526,315.0,942.0,471.0,Loss-Making (<0%),Moderate Discount (1-20%)
B-25631,2018-04-24,2018-04-29,Standard Express,IND-CUST-1030,Ritu,Consumer,India,Chandigarh,Haryana,400001,North,IND-PRD-10074,Furniture,Furnishings,Furnishings - Grade Standard,1335.0,2,0.0,-1068.0,5,2018,4,Apr,Q2,Tuesday,2018-04,2018-Q2,-80.0,667.5,2403.0,1201.5,Loss-Making (<0%),No Discount (0%)
B-25632,2018-04-25,2018-04-27,Same Day Delivery,IND-CUST-1031,Manish,Consumer,India,Simla,Himachal Pradesh,400001,Central,IND-PRD-10075,Clothing,Leggings,Leggings - Grade Standard,285.0,2,0.15,-24.0,2,2018,4,Apr,Q2,Wednesday,2018-04,2018-Q2,-8.421052631578947,142.5,309.0,154.5,Loss-Making (<0%),Moderate Discount (1-20%)
B-25633,2018-04-26,2018-04-27,Standard Express,IND-CUST-1032,Amit,Corporate,India,Gangtok,Sikkim,400001,Central,IND-PRD-10076,Electronics,Phones,Phones - Grade Premium,3735.0,4,0.1,-1560.0,1,2018,4,Apr,Q2,Thursday,2018-04,2018-Q2,-41.76706827309237,933.75,5295.0,1323.75,Loss-Making (<0%),Moderate Discount (1-20%)
B-25633,2018-04-26,2018-04-30,BlueDart Express,IND-CUST-1032,Amit,Consumer,India,Gangtok,Sikkim,400001,Central,IND-PRD-10077,Clothing,Saree,Saree - Grade Standard,10665.0,4,0.1,-96.0,4,2018,4,Apr,Q2,Thursday,2018-04,2018-Q2,-0.90014064697609,2666.25,10761.0,2690.25,Loss-Making (<0%),Moderate Discount (1-20%)
B-25633,2018-04-26,2018-04-30,Standard Express,IND-CUST-1032,Amit,Consumer,India,Gangtok,Sikkim,400001,Central,IND-PRD-10078,Clothing,Trousers,Trousers - Grade B,7440.0,2,0.0,-948.0,4,2018,4,Apr,Q2,Thursday,2018-04,2018-Q2,-12.741935483870966,3720.0,8388.0,4194.0,Loss-Making (<0%),No Discount (0%)
B-25634,2018-04-26,2018-04-30,Standard Express,IND-CUST-1033,Sanjay,Small Business,India,Goa,Goa,400001,West,IND-PRD-10079,Furniture,Chairs,Chairs - Grade Premium,5835.0,3,0.0,-996.0,4,2018,4,Apr,Q2,Thursday,2018-04,2018-Q2,-17.069408740359897,1945.0,6831.0,2277.0,Loss-Making (<0%),No Discount (0%)
B-25635,2018-04-26,2018-05-01,Standard Express,IND-CUST-1034,Nidhi,Consumer,India,Kohima,Nagaland,400001,Central,IND-PRD-10080,Clothing,Hankerchief,Hankerchief - Grade Standard,600.0,3,0.0,192.0,5,2018,4,Apr,Q2,Thursday,2018-04,2018-Q2,32.0,200.0,408.0,136.0,High Margin (>20%),No Discount (0%)
B-25635,2018-04-26,2018-04-27,BlueDart Express,IND-CUST-1034,Nidhi,Consumer,India,Kohima,Nagaland,400001,Central,IND-PRD-10081,Clothing,Skirt,Skirt - Grade Premium,345.0,2,0.05,24.0,1,2018,4,Apr,Q2,Thursday,2018-04,2018-Q2,6.956521739130435,172.5,321.0,160.5,Moderate Margin (0-20%),Moderate Discount (1-20%)
B-25635,2018-04-26,2018-05-01,BlueDart Express,IND-CUST-1034,Nidhi,Consumer,India,Kohima,Nagaland,400001,Central,IND-PRD-10082,Clothing,Saree,Saree - Grade Premium,5730.0,3,0.1,360.0,5,2018,4,Apr,Q2,Thursday,2018-04,2018-Q2,6.282722513089005,1910.0,5370.0,1790.0,Moderate Margin (0-20%),Moderate Discount (1-20%)
B-25636,2018-04-26,2018-05-01,Standard Express,IND-CUST-1035,Nishi,Corporate,India,Mumbai,Maharashtra,400001,West,IND-PRD-10083,Clothing,Saree,Saree - Grade Premium,9555.0,5,0.2,1356.0,5,2018,4,Apr,Q2,Thursday,2018-04,2018-Q2,14.191522762951333,1911.0,8199.0,1639.8,Moderate Margin (0-20%),Moderate Discount (1-20%)
B-25637,2018-04-26,2018-04-27,BlueDart Express,IND-CUST-1036,Ashmi,Consumer,India,Indore,Madhya Pradesh,452001,Central,IND-PRD-10084,Clothing,Shirt,Shirt - Grade A,1755.0,3,0.1,168.0,1,2018,4,Apr,Q2,Thursday,2018-04,2018-Q2,9.572649572649574,585.0,1587.0,529.0,Moderate Margin (0-20%),Moderate Discount (1-20%)
B-25638,2018-04-26,2018-04-27,Same Day Delivery,IND-CUST-1037,Parth,Consumer,India,Pune,Maharashtra,411001,West,IND-PRD-10085,Furniture,Bookcases,Bookcases - Grade Standard,2730.0,3,0.05,-132.0,1,2018,4,Apr,Q2,Thursday,2018-04,2018-Q2,-4.835164835164836,910.0,2862.0,954.0,Loss-Making (<0%),Moderate Discount (1-20%)
B-25638,2018-04-26,2018-04-27,Same Day Delivery,IND-CUST-1037,Parth,Corporate,India,Pune,Maharashtra,411001,West,IND-PRD-10086,Furniture,Furnishings,Furnishings - Grade A,13200.0,8,0.25,1164.0,1,2018,4,Apr,Q2,Thursday,2018-04,2018-Q2,8.818181818181818,1650.0,12036.0,1504.5,Moderate Margin (0-20%),High Discount (>20%)
B-25638,2018-04-26,2018-04-27,Standard Express,IND-CUST-1037,Parth,Consumer,India,Pune,Maharashtra,411001,West,IND-PRD-10087,Clothing,Hankerchief,Hankerchief - Grade Standard,2310.0,3,0.15,468.0,1,2018,4,Apr,Q2,Thursday,2018-04,2018-Q2,20.259740259740262,770.0,1842.0,614.0,High Margin (>20%),Moderate Discount (1-20%)
B-25638,2018-04-26,2018-04-30,BlueDart Express,IND-CUST-1037,Parth,Consumer,India,Pune,Maharashtra,411001,West,IND-PRD-10088,Electronics,Printers,Printers - Grade B,12240.0,3,0.25,-1152.0,4,2018,4,Apr,Q2,Thursday,2018-04,2018-Q2,-9.411764705882353,4080.0,13392.0,4464.0,Loss-Making (<0%),High Discount (>20%)
B-25639,2018-04-27,2018-04-30,Standard Express,IND-CUST-1038,Lisha,Consumer,India,Bhopal,Madhya Pradesh,400001,Central,IND-PRD-10089,Electronics,Phones,Phones - Grade B,24435.0,3,0.1,-1836.0,3,2018,4,Apr,Q2,Friday,2018-04,2018-Q2,-7.513812154696133,8145.0,26271.0,8757.0,Loss-Making (<0%),Moderate Discount (1-20%)
B-25640,2018-04-27,2018-04-30,Standard Express,IND-CUST-1039,Paridhi,Consumer,India,Jaipur,Rajasthan,302001,North,IND-PRD-10090,Clothing,Trousers,Trousers - Grade B,1020.0,2,0.0,-744.0,3,2018,4,Apr,Q2,Friday,2018-04,2018-Q2,-72.94117647058823,510.0,1764.0,882.0,Loss-Making (<0%),No Discount (0%)
B-25640,2018-04-27,2018-04-28,India Post Parcel,IND-CUST-1039,Paridhi,Consumer,India,Jaipur,Rajasthan,302001,North,IND-PRD-10091,Clothing,Hankerchief,Hankerchief - Grade Standard,4710.0,13,0.0,-2868.0,1,2018,4,Apr,Q2,Friday,2018-04,2018-Q2,-60.89171974522293,362.3076923076923,7578.0,582.9230769230769,Loss-Making (<0%),No Discount (0%)
B-25640,2018-04-27,2018-04-30,Standard Express,IND-CUST-1039,Paridhi,Consumer,India,Jaipur,Rajasthan,302001,North,IND-PRD-10092,Clothing,Saree,Saree - Grade Premium,1830.0,4,0.15,-564.0,3,2018,4,Apr,Q2,Friday,2018-04,2018-Q2,-30.81967213114754,457.5,2394.0,598.5,Loss-Making (<0%),Moderate Discount (1-20%)
B-25641,2018-04-27,2018-04-30,BlueDart Express,IND-CUST-1040,Parishi,Consumer,India,Kolkata,West Bengal,700001,East,IND-PRD-10093,Furniture,Furnishings,Furnishings - Grade Premium,330.0,1,0.0,-72.0,3,2018,4,Apr,Q2,Friday,2018-04,2018-Q2,-21.818181818181817,330.0,402.0,402.0,Loss-Making (<0%),No Discount (0%)
B-25642,2018-04-28,2018-04-29,BlueDart Express,IND-CUST-1041,Ajay,Consumer,India,Bangalore,Karnataka,560001,South,IND-PRD-10094,Clothing,Shirt,Shirt - Grade A,6510.0,11,0.05,312.0,1,2018,4,Apr,Q2,Saturday,2018-04,2018-Q2,4.7926267281106,591.8181818181819,6198.0,563.4545454545455,Moderate Margin (0-20%),Moderate Discount (1-20%)
B-25643,2018-04-29,2018-05-02,BlueDart Express,IND-CUST-1042,Kirti,Corporate,India,Kashmir,Jammu and Kashmir,400001,North,IND-PRD-10095,Furniture,Bookcases,Bookcases - Grade A,15915.0,8,0.1,-432.0,3,2018,4,Apr,Q2,Sunday,2018-04,2018-Q2,-2.714420358152686,1989.375,16347.0,2043.375,Loss-Making (<0%),Moderate Discount (1-20%)
B-25643,2018-04-29,2018-05-04,BlueDart Express,IND-CUST-1042,Kirti,Small Business,India,Kashmir,Jammu and Kashmir,400001,North,IND-PRD-10096,Clothing,Hankerchief,Hankerchief - Grade B,750.0,2,0.1,-528.0,5,2018,4,Apr,Q2,Sunday,2018-04,2018-Q2,-70.39999999999999,375.0,1278.0,639.0,Loss-Making (<0%),Moderate Discount (1-20%)
B-25643,2018-04-29,2018-05-01,Standard Express,IND-CUST-1042,Kirti,Corporate,India,Kashmir,Jammu and Kashmir,400001,North,IND-PRD-10097,Clothing,Shirt,Shirt - Grade A,555.0,4,0.1,-276.0,2,2018,4,Apr,Q2,Sunday,2018-04,2018-Q2,-49.72972972972973,138.75,831.0,207.75,Loss-Making (<0%),Moderate Discount (1-20%)
B-25643,2018-04-29,2018-05-01,Standard Express,IND-CUST-1042,Kirti,Small Business,India,Kashmir,Jammu and Kashmir,400001,North,IND-PRD-10098,Electronics,Electronic Games,Electronic Games - Grade Standard,3945.0,2,0.0,-756.0,2,2018,4,Apr,Q2,Sunday,2018-04,2018-Q2,-19.163498098859318,1972.5,4701.0,2350.5,Loss-Making (<0%),No Discount (0%)
B-25643,2018-04-29,2018-04-30,BlueDart Express,IND-CUST-1042,Kirti,Consumer,India,Kashmir,Jammu and Kashmir,400001,North,IND-PRD-10099,Electronics,Electronic Games,Electronic Games - Grade Standard,540.0,1,0.05,-84.0,1,2018,4,Apr,Q2,Sunday,2018-04,2018-Q2,-15.555555555555555,540.0,624.0,624.0,Loss-Making (<0%),Moderate Discount (1-20%)
B-25644,2018-04-30,2018-05-04,Standard Express,IND-CUST-1043,Mayank,Small Business,India,Mumbai,Maharashtra,400001,West,IND-PRD-10100,Furniture,Furnishings,Furnishings - Grade A,1140.0,8,0.1,-1104.0,4,2018,4,Apr,Q2,Monday,2018-04,2018-Q2,-96.84210526315789,142.5,2244.0,280.5,Loss-Making (<0%),Moderate Discount (1-20%)
B-25645,2018-05-01,2018-05-02,Standard Express,IND-CUST-1044,Yaanvi,Consumer,India,Indore,Madhya Pradesh,452001,Central,IND-PRD-10101,Electronics,Phones,Phones - Grade A,4095.0,4,0.25,-1044.0,1,2018,5,May,Q2,Tuesday,2018-05,2018-Q2,-25.494505494505493,1023.75,5139.0,1284.75,Loss-Making (<0%),High Discount (>20%)
B-25645,2018-05-01,2018-05-05,Standard Express,IND-CUST-1044,Yaanvi,Small Business,India,Indore,Madhya Pradesh,452001,Central,IND-PRD-10102,Clothing,T-shirt,T-shirt - Grade A,1290.0,4,0.15,0.0,4,2018,5,May,Q2,Tuesday,2018-05,2018-Q2,0.0,322.5,1290.0,322.5,Moderate Margin (0-20%),Moderate Discount (1-20%)
B-25645,2018-05-01,2018-05-03,Standard Express,IND-CUST-1044,Yaanvi,Small Business,India,Indore,Madhya Pradesh,452001,Central,IND-PRD-10103,Electronics,Printers,Printers - Grade A,1995.0,1,0.2,-504.0,2,2018,5,May,Q2,Tuesday,2018-05,2018-Q2,-25.263157894736842,1995.0,2499.0,2499.0,Loss-Making (<0%),Moderate Discount (1-20%)
B-25645,2018-05-01,2018-05-02,Standard Express,IND-CUST-1044,Yaanvi,Corporate,India,Indore,Madhya Pradesh,452001,Central,IND-PRD-10104,Electronics,Phones,Phones - Grade B,2745.0,5,0.15,-792.0,1,2018,5,May,Q2,Tuesday,2018-05,2018-Q2,-28.852459016393446,549.0,3537.0,707.4,Loss-Making (<0%),Moderate Discount (1-20%)
B-25646,2018-05-01,2018-05-06,Standard Express,IND-CUST-1045,Sonal,Small Business,India,Patna,Bihar,400001,East,IND-PRD-10105,Clothing,Saree,Saree - Grade B,300.0,2,0.1,-96.0,5,2018,5,May,Q2,Tuesday,2018-05,2018-Q2,-32.0,150.0,396.0,198.0,Loss-Making (<0%),Moderate Discount (1-20%)
B-25647,2018-05-03,2018-05-06,BlueDart Express,IND-CUST-1046,Sharda,Corporate,India,Thiruvananthapuram,Kerala,400001,Central,IND-PRD-10106,Clothing,Saree,Saree - Grade A,630.0,4,0.0,-72.0,3,2018,5,May,Q2,Thursday,2018-05,2018-Q2,-11.428571428571429,157.5,702.0,175.5,Loss-Making (<0%),No Discount (0%)
B-25648,2018-05-04,2018-05-08,BlueDart Express,IND-CUST-1047,Aditya,Consumer,India,Chandigarh,Punjab,400001,North,IND-PRD-10107,Electronics,Phones,Phones - Grade Standard,1500.0,1,0.1,-276.0,4,2018,5,May,Q2,Friday,2018-05,2018-Q2,-18.4,1500.0,1776.0,1776.0,Loss-Making (<0%),Moderate Discount (1-20%)
B-25648,2018-05-04,2018-05-07,Same Day Delivery,IND-CUST-1047,Aditya,Consumer,India,Chandigarh,Punjab,400001,North,IND-PRD-10108,Clothing,T-shirt,T-shirt - Grade B,450.0,1,0.1,156.0,3,2018,5,May,Q2,Friday,2018-05,2018-Q2,34.66666666666667,450.0,294.0,294.0,High Margin (>20%),Moderate Discount (1-20%)
B-25648,2018-05-04,2018-05-07,Standard Express,IND-CUST-1047,Aditya,Corporate,India,Chandigarh,Punjab,400001,North,IND-PRD-10109,Clothing,Saree,Saree - Grade Standard,825.0,4,0.1,-312.0,3,2018,5,May,Q2,Friday,2018-05,2018-Q2,-37.81818181818182,206.25,1137.0,284.25,Loss-Making (<0%),Moderate Discount (1-20%)
B-25648,2018-05-04,2018-05-05,Standard Express,IND-CUST-1047,Aditya,Consumer,India,Chandigarh,Punjab,400001,North,IND-PRD-10110,Clothing,Saree,Saree - Grade Premium,1950.0,4,0.05,-492.0,1,2018,5,May,Q2,Friday,2018-05,2018-Q2,-25.23076923076923,487.5,2442.0,610.5,Loss-Making (<0%),Moderate Discount (1-20%)
B-25649,2018-05-05,2018-05-08,Standard Express,IND-CUST-1048,Rachna,Corporate,India,Chandigarh,Haryana,400001,North,IND-PRD-10111,Clothing,Stole,Stole - Grade Standard,405.0,2,0.1,-300.0,3,2018,5,May,Q2,Saturday,2018-05,2018-Q2,-74.07407407407408,202.5,705.0,352.5,Loss-Making (<0%),Moderate Discount (1-20%)
B-25650,2018-05-06,2018-05-11,BlueDart Express,IND-CUST-1049,Chirag,Small Business,India,Mumbai,Maharashtra,400001,West,IND-PRD-10112,Electronics,Printers,Printers - Grade A,3675.0,2,0.05,-936.0,5,2018,5,May,Q2,Sunday,2018-05,2018-Q2,-25.46938775510204,1837.5,4611.0,2305.5,Loss-Making (<0%),Moderate Discount (1-20%)
B-25650,2018-05-06,2018-05-09,BlueDart Express,IND-CUST-1049,Chirag,Consumer,India,Mumbai,Maharashtra,400001,West,IND-PRD-10113,Clothing,Saree,Saree - Grade Premium,3165.0,2,0.1,-1260.0,3,2018,5,May,Q2,Sunday,2018-05,2018-Q2,-39.81042654028436,1582.5,4425.0,2212.5,Loss-Making (<0%),Moderate Discount (1-20%)
B-25650,2018-05-06,2018-05-07,Standard Express,IND-CUST-1049,Chirag,Corporate,India,Mumbai,Maharashtra,400001,West,IND-PRD-10114,Clothing,Saree,Saree - Grade B,465.0,2,0.0,-24.0,1,2018,5,May,Q2,Sunday,2018-05,2018-Q2,-5.161290322580645,232.5,489.0,244.5,Loss-Making (<0%),No Discount (0%)
B-25650,2018-05-06,2018-05-11,India Post Parcel,IND-CUST-1049,Chirag,Small Business,India,Mumbai,Maharashtra,400001,West,IND-PRD-10115,Clothing,Stole,Stole - Grade B,420.0,2,0.15,-312.0,5,2018,5,May,Q2,Sunday,2018-05,2018-Q2,-74.28571428571429,210.0,732.0,366.0,Loss-Making (<0%),Moderate Discount (1-20%)
B-25650,2018-05-06,2018-05-08,Standard Express,IND-CUST-1049,Chirag,Small Business,India,Mumbai,Maharashtra,400001,West,IND-PRD-10116,Clothing,Saree,Saree - Grade Premium,7680.0,5,0.0,-2700.0,2,2018,5,May,Q2,Sunday,2018-05,2018-Q2,-35.15625,1536.0,10380.0,2076.0,Loss-Making (<0%),No Discount (0%)
B-25650,2018-05-06,2018-05-09,BlueDart Express,IND-CUST-1049,Chirag,Small Business,India,Mumbai,Maharashtra,400001,West,IND-PRD-10117,Electronics,Electronic Games,Electronic Games - Grade Standard,13875.0,5,0.0,-5364.0,3,2018,5,May,Q2,Sunday,2018-05,2018-Q2,-38.65945945945946,2775.0,19239.0,3847.8,Loss-Making (<0%),No Discount (0%)
B-25650,2018-05-06,2018-05-07,BlueDart Express,IND-CUST-1049,Chirag,Consumer,India,Mumbai,Maharashtra,400001,West,IND-PRD-10118,Clothing,Saree,Saree - Grade B,3570.0,2,0.05,240.0,1,2018,5,May,Q2,Sunday,2018-05,2018-Q2,6.722689075630252,1785.0,3330.0,1665.0,Moderate Margin (0-20%),Moderate Discount (1-20%)
B-25650,2018-05-06,2018-05-08,Same Day Delivery,IND-CUST-1049,Chirag,Small Business,India,Mumbai,Maharashtra,400001,West,IND-PRD-10119,Electronics,Phones,Phones - Grade A,5265.0,8,0.1,-564.0,2,2018,5,May,Q2,Sunday,2018-05,2018-Q2,-10.712250712250713,658.125,5829.0,728.625,Loss-Making (<0%),Moderate Discount (1-20%)
B-25650,2018-05-06,2018-05-08,BlueDart Express,IND-CUST-1049,Chirag,Corporate,India,Mumbai,Maharashtra,400001,West,IND-PRD-10120,Clothing,Trousers,Trousers - Grade Premium,4035.0,3,0.05,1332.0,2,2018,5,May,Q2,Sunday,2018-05,2018-Q2,33.01115241635688,1345.0,2703.0,901.0,High Margin (>20%),Moderate Discount (1-20%)
B-25651,2018-05-07,2018-05-11,Same Day Delivery,IND-CUST-1050,Anurag,Consumer,India,Indore,Madhya Pradesh,452001,Central,IND-PRD-10121,Furniture,Bookcases,Bookcases - Grade A,3000.0,4,0.0,-720.0,4,2018,5,May,Q2,Monday,2018-05,2018-Q2,-24.0,750.0,3720.0,930.0,Loss-Making (<0%),No Discount (0%)
B-25651,2018-05-07,2018-05-12,Standard Express,IND-CUST-1050,Anurag,Consumer,India,Indore,Madhya Pradesh,452001,Central,IND-PRD-10122,Clothing,Stole,Stole - Grade Premium,660.0,3,0.1,-96.0,5,2018,5,May,Q2,Monday,2018-05,2018-Q2,-14.545454545454545,220.0,756.0,252.0,Loss-Making (<0%),Moderate Discount (1-20%)
B-25651,2018-05-07,2018-05-10,Same Day Delivery,IND-CUST-1050,Anurag,Corporate,India,Indore,Madhya Pradesh,452001,Central,IND-PRD-10123,Clothing,Leggings,Leggings - Grade B,105.0,1,0.05,0.0,3,2018,5,May,Q2,Monday,2018-05,2018-Q2,0.0,105.0,105.0,105.0,Moderate Margin (0-20%),Moderate Discount (1-20%)
B-25651,2018-05-07,2018-05-08,Standard Express,IND-CUST-1050,Anurag,Consumer,India,Indore,Madhya Pradesh,452001,Central,IND-PRD-10124,Clothing,Skirt,Skirt - Grade Standard,165.0,2,0.25,-48.0,1,2018,5,May,Q2,Monday,2018-05,2018-Q2,-29.09090909090909,82.5,213.0,106.5,Loss-Making (<0%),High Discount (>20%)
B-25651,2018-05-07,2018-05-11,Same Day Delivery,IND-CUST-1050,Anurag,Corporate,India,Indore,Madhya Pradesh,452001,Central,IND-PRD-10125,Clothing,T-shirt,T-shirt - Grade Premium,240.0,2,0.2,-120.0,4,2018,5,May,Q2,Monday,2018-05,2018-Q2,-50.0,120.0,360.0,180.0,Loss-Making (<0%),Moderate Discount (1-20%)
B-25651,2018-05-07,2018-05-12,BlueDart Express,IND-CUST-1050,Anurag,Corporate,India,Indore,Madhya Pradesh,452001,Central,IND-PRD-10126,Furniture,Chairs,Chairs - Grade Premium,2580.0,3,0.1,-1236.0,5,2018,5,May,Q2,Monday,2018-05,2018-Q2,-47.906976744186046,860.0,3816.0,1272.0,Loss-Making (<0%),Moderate Discount (1-20%)
B-25651,2018-05-07,2018-05-11,Same Day Delivery,IND-CUST-1050,Anurag,Consumer,India,Indore,Madhya Pradesh,452001,Central,IND-PRD-10127,Clothing,Shirt,Shirt - Grade A,735.0,1,0.05,36.0,4,2018,5,May,Q2,Monday,2018-05,2018-Q2,4.8979591836734695,735.0,699.0,699.0,Moderate Margin (0-20%),Moderate Discount (1-20%)
B-25651,2018-05-07,2018-05-12,BlueDart Express,IND-CUST-1050,Anurag,Corporate,India,Indore,Madhya Pradesh,452001,Central,IND-PRD-10128,Furniture,Chairs,Chairs - Grade B,12345.0,7,0.15,-216.0,5,2018,5,May,Q2,Monday,2018-05,2018-Q2,-1.7496962332928312,1763.5714285714287,12561.0,1794.4285714285713,Loss-Making (<0%),Moderate Discount (1-20%)
B-25651,2018-05-07,2018-05-12,BlueDart Express,IND-CUST-1050,Anurag,Corporate,India,Indore,Madhya Pradesh,452001,Central,IND-PRD-10129,Clothing,Saree,Saree - Grade A,345.0,1,0.0,48.0,5,2018,5,May,Q2,Monday,2018-05,2018-Q2,13.91304347826087,345.0,297.0,297.0,Moderate Margin (0-20%),No Discount (0%)
B-25651,2018-05-07,2018-05-10,BlueDart Express,IND-CUST-1050,Anurag,Consumer,India,Indore,Madhya Pradesh,452001,Central,IND-PRD-10130,Clothing,Saree,Saree - Grade B,6855.0,4,0.05,-492.0,3,2018,5,May,Q2,Monday,2018-05,2018-Q2,-7.177242888402626,1713.75,7347.0,1836.75,Loss-Making (<0%),Moderate Discount (1-20%)
B-25652,2018-05-08,2018-05-13,BlueDart Express,IND-CUST-1051,Tushina,Consumer,India,Goa,Goa,400001,West,IND-PRD-10131,Clothing,Skirt,Skirt - Grade A,360.0,7,0.05,-252.0,5,2018,5,May,Q2,Tuesday,2018-05,2018-Q2,-70.0,51.42857142857143,612.0,87.42857142857143,Loss-Making (<0%),Moderate Discount (1-20%)
B-25652,2018-05-08,2018-05-12,Standard Express,IND-CUST-1051,Tushina,Consumer,India,Goa,Goa,400001,West,IND-PRD-10132,Clothing,Hankerchief,Hankerchief - Grade Premium,375.0,5,0.2,-24.0,4,2018,5,May,Q2,Tuesday,2018-05,2018-Q2,-6.4,75.0,399.0,79.8,Loss-Making (<0%),Moderate Discount (1-20%)
B-25652,2018-05-08,2018-05-13,Standard Express,IND-CUST-1051,Tushina,Consumer,India,Goa,Goa,400001,West,IND-PRD-10133,Electronics,Accessories,Accessories - Grade A,2610.0,3,0.0,-840.0,5,2018,5,May,Q2,Tuesday,2018-05,2018-Q2,-32.18390804597701,870.0,3450.0,1150.0,Loss-Making (<0%),No Discount (0%)
B-25652,2018-05-08,2018-05-11,Standard Express,IND-CUST-1051,Tushina,Small Business,India,Goa,Goa,400001,West,IND-PRD-10134,Clothing,Saree,Saree - Grade Standard,3090.0,3,0.1,-2472.0,3,2018,5,May,Q2,Tuesday,2018-05,2018-Q2,-80.0,1030.0,5562.0,1854.0,Loss-Making (<0%),Moderate Discount (1-20%)
B-25652,2018-05-08,2018-05-11,Standard Express,IND-CUST-1051,Tushina,Consumer,India,Goa,Goa,400001,West,IND-PRD-10135,Clothing,Leggings,Leggings - Grade B,315.0,3,0.15,-156.0,3,2018,5,May,Q2,Tuesday,2018-05,2018-Q2,-49.523809523809526,105.0,471.0,157.0,Loss-Making (<0%),Moderate Discount (1-20%)
B-25652,2018-05-08,2018-05-12,Same Day Delivery,IND-CUST-1051,Tushina,Corporate,India,Goa,Goa,400001,West,IND-PRD-10136,Clothing,Leggings,Leggings - Grade B,510.0,4,0.05,-72.0,4,2018,5,May,Q2,Tuesday,2018-05,2018-Q2,-14.117647058823529,127.5,582.0,145.5,Loss-Making (<0%),Moderate Discount (1-20%)
B-25652,2018-05-08,2018-05-10,Standard Express,IND-CUST-1051,Tushina,Consumer,India,Goa,Goa,400001,West,IND-PRD-10137,Clothing,Hankerchief,Hankerchief - Grade Premium,135.0,2,0.0,-72.0,2,2018,5,May,Q2,Tuesday,2018-05,2018-Q2,-53.333333333333336,67.5,207.0,103.5,Loss-Making (<0%),No Discount (0%)
B-25653,2018-05-08,2018-05-10,India Post Parcel,IND-CUST-1052,Farah,Consumer,India,Kohima,Nagaland,400001,Central,IND-PRD-10138,Electronics,Printers,Printers - Grade B,19185.0,8,0.25,-7680.0,2,2018,5,May,Q2,Tuesday,2018-05,2018-Q2,-40.0312744331509,2398.125,26865.0,3358.125,Loss-Making (<0%),High Discount (>20%)
B-25653,2018-05-08,2018-05-13,Standard Express,IND-CUST-1052,Farah,Corporate,India,Kohima,Nagaland,400001,Central,IND-PRD-10139,Clothing,Saree,Saree - Grade Standard,420.0,2,0.1,-36.0,5,2018,5,May,Q2,Tuesday,2018-05,2018-Q2,-8.571428571428571,210.0,456.0,228.0,Loss-Making (<0%),Moderate Discount (1-20%)
B-25653,2018-05-08,2018-05-09,Standard Express,IND-CUST-1052,Farah,Corporate,India,Kohima,Nagaland,400001,Central,IND-PRD-10140,Electronics,Phones,Phones - Grade A,6405.0,7,0.1,-600.0,1,2018,5,May,Q2,Tuesday,2018-05,2018-Q2,-9.367681498829041,915.0,7005.0,1000.7142857142857,Loss-Making (<0%),Moderate Discount (1-20%)
B-25653,2018-05-08,2018-05-13,Same Day Delivery,IND-CUST-1052,Farah,Consumer,India,Kohima,Nagaland,400001,Central,IND-PRD-10141,Electronics,Accessories,Accessories - Grade Premium,2520.0,3,0.0,-120.0,5,2018,5,May,Q2,Tuesday,2018-05,2018-Q2,-4.761904761904762,840.0,2640.0,880.0,Loss-Making (<0%),No Discount (0%)
B-25653,2018-05-08,2018-05-12,BlueDart Express,IND-CUST-1052,Farah,Consumer,India,Kohima,Nagaland,400001,Central,IND-PRD-10142,Furniture,Chairs,Chairs - Grade Standard,19905.0,8,0.05,3816.0,4,2018,5,May,Q2,Tuesday,2018-05,2018-Q2,19.171062547098717,2488.125,16089.0,2011.125,Moderate Margin (0-20%),Moderate Discount (1-20%)
B-25653,2018-05-08,2018-05-12,BlueDart Express,IND-CUST-1052,Farah,Consumer,India,Kohima,Nagaland,400001,Central,IND-PRD-10143,Electronics,Phones,Phones - Grade B,2925.0,5,0.05,-1404.0,4,2018,5,May,Q2,Tuesday,2018-05,2018-Q2,-48.0,585.0,4329.0,865.8,Loss-Making (<0%),Moderate Discount (1-20%)
B-25653,2018-05-08,2018-05-12,BlueDart Express,IND-CUST-1052,Farah,Consumer,India,Kohima,Nagaland,400001,Central,IND-PRD-10144,Electronics,Accessories,Accessories - Grade B,1725.0,1,0.0,300.0,4,2018,5,May,Q2,Tuesday,2018-05,2018-Q2,17.391304347826086,1725.0,1425.0,1425.0,Moderate Margin (0-20%),No Discount (0%)
B-25653,2018-05-08,2018-05-12,BlueDart Express,IND-CUST-1052,Farah,Corporate,India,Kohima,Nagaland,400001,Central,IND-PRD-10145,Electronics,Printers,Printers - Grade Standard,10020.0,3,0.0,-372.0,4,2018,5,May,Q2,Tuesday,2018-05,2018-Q2,-3.7125748502994016,3340.0,10392.0,3464.0,Loss-Making (<0%),No Discount (0%)
B-25653,2018-05-08,2018-05-12,Standard Express,IND-CUST-1052,Farah,Consumer,India,Kohima,Nagaland,400001,Central,IND-PRD-10146,Electronics,Accessories,Accessories - Grade A,3405.0,8,0.15,1224.0,4,2018,5,May,Q2,Tuesday,2018-05,2018-Q2,35.947136563876654,425.625,2181.0,272.625,High Margin (>20%),Moderate Discount (1-20%)
B-25654,2018-05-10,2018-05-13,India Post Parcel,IND-CUST-1053,Sabah,Consumer,India,Mumbai,Maharashtra,400001,West,IND-PRD-10147,Clothing,Hankerchief,Hankerchief - Grade A,510.0,3,0.0,144.0,3,2018,5,May,Q2,Thursday,2018-05,2018-Q2,28.235294117647058,170.0,366.0,122.0,High Margin (>20%),No Discount (0%)
B-25654,2018-05-10,2018-05-12,India Post Parcel,IND-CUST-1053,Sabah,Consumer,India,Mumbai,Maharashtra,400001,West,IND-PRD-10148,Clothing,Saree,Saree - Grade Premium,3435.0,2,0.0,-276.0,2,2018,5,May,Q2,Thursday,2018-05,2018-Q2,-8.034934497816595,1717.5,3711.0,1855.5,Loss-Making (<0%),No Discount (0%)
B-25654,2018-05-10,2018-05-14,BlueDart Express,IND-CUST-1053,Sabah,Small Business,India,Mumbai,Maharashtra,400001,West,IND-PRD-10149,Clothing,Saree,Saree - Grade B,810.0,3,0.1,-36.0,4,2018,5,May,Q2,Thursday,2018-05,2018-Q2,-4.444444444444445,270.0,846.0,282.0,Loss-Making (<0%),Moderate Discount (1-20%)
B-25654,2018-05-10,2018-05-11,Standard Express,IND-CUST-1053,Sabah,Small Business,India,Mumbai,Maharashtra,400001,West,IND-PRD-10150,Electronics,Electronic Games,Electronic Games - Grade Standard,4035.0,2,0.15,-1032.0,1,2018,5,May,Q2,Thursday,2018-05,2018-Q2,-25.576208178438662,2017.5,5067.0,2533.5,Loss-Making (<0%),Moderate Discount (1-20%)
B-25654,2018-05-10,2018-05-11,BlueDart Express,IND-CUST-1053,Sabah,Consumer,India,Mumbai,Maharashtra,400001,West,IND-PRD-10151,Furniture,Furnishings,Furnishings - Grade A,1830.0,3,0.0,-252.0,1,2018,5,May,Q2,Thursday,2018-05,2018-Q2,-13.77049180327869,610.0,2082.0,694.0,Loss-Making (<0%),No Discount (0%)
B-25654,2018-05-10,2018-05-11,Standard Express,IND-CUST-1053,Sabah,Corporate,India,Mumbai,Maharashtra,400001,West,IND-PRD-10152,Clothing,Stole,Stole - Grade Premium,1575.0,2,0.1,552.0,1,2018,5,May,Q2,Thursday,2018-05,2018-Q2,35.04761904761905,787.5,1023.0,511.5,High Margin (>20%),Moderate Discount (1-20%)
B-25654,2018-05-10,2018-05-11,Standard Express,IND-CUST-1053,Sabah,Consumer,India,Mumbai,Maharashtra,400001,West,IND-PRD-10153,Electronics,Printers,Printers - Grade B,6750.0,3,0.0,-1080.0,1,2018,5,May,Q2,Thursday,2018-05,2018-Q2,-16.0,2250.0,7830.0,2610.0,Loss-Making (<0%),No Discount (0%)
B-25654,2018-05-10,2018-05-13,Standard Express,IND-CUST-1053,Sabah,Consumer,India,Mumbai,Maharashtra,400001,West,IND-PRD-10154,Furniture,Furnishings,Furnishings - Grade B,1815.0,3,0.0,-204.0,3,2018,5,May,Q2,Thursday,2018-05,2018-Q2,-11.239669421487603,605.0,2019.0,673.0,Loss-Making (<0%),No Discount (0%)
B-25655,2018-05-11,2018-05-12,BlueDart Express,IND-CUST-1054,Nida,Corporate,India,Indore,Madhya Pradesh,452001,Central,IND-PRD-10155,Clothing,Hankerchief,Hankerchief - Grade Premium,660.0,3,0.0,-312.0,1,2018,5,May,Q2,Friday,2018-05,2018-Q2,-47.27272727272727,220.0,972.0,324.0,Loss-Making (<0%),No Discount (0%)
B-25655,2018-05-11,2018-05-15,Same Day Delivery,IND-CUST-1054,Nida,Small Business,India,Indore,Madhya Pradesh,452001,Central,IND-PRD-10156,Clothing,Hankerchief,Hankerchief - Grade Premium,105.0,3,0.15,-48.0,4,2018,5,May,Q2,Friday,2018-05,2018-Q2,-45.714285714285715,35.0,153.0,51.0,Loss-Making (<0%),Moderate Discount (1-20%)
B-25655,2018-05-11,2018-05-16,BlueDart Express,IND-CUST-1054,Nida,Small Business,India,Indore,Madhya Pradesh,452001,Central,IND-PRD-10157,Clothing,Saree,Saree - Grade A,5940.0,9,0.0,-372.0,5,2018,5,May,Q2,Friday,2018-05,2018-Q2,-6.262626262626263,660.0,6312.0,701.3333333333334,Loss-Making (<0%),No Discount (0%)
B-25655,2018-05-11,2018-05-12,BlueDart Express,IND-CUST-1054,Nida,Corporate,India,Indore,Madhya Pradesh,452001,Central,IND-PRD-10158,Clothing,Trousers,Trousers - Grade Standard,1455.0,2,0.0,-744.0,1,2018,5,May,Q2,Friday,2018-05,2018-Q2,-51.1340206185567,727.5,2199.0,1099.5,Loss-Making (<0%),No Discount (0%)
B-25655,2018-05-11,2018-05-14,Standard Express,IND-CUST-1054,Nida,Consumer,India,Indore,Madhya Pradesh,452001,Central,IND-PRD-10159,Clothing,Saree,Saree - Grade B,1650.0,4,0.05,-816.0,3,2018,5,May,Q2,Friday,2018-05,2018-Q2,-49.45454545454545,412.5,2466.0,616.5,Loss-Making (<0%),Moderate Discount (1-20%)
B-25655,2018-05-11,2018-05-14,Standard Express,IND-CUST-1054,Nida,Corporate,India,Indore,Madhya Pradesh,452001,Central,IND-PRD-10160,Furniture,Chairs,Chairs - Grade Standard,4680.0,7,0.15,-3744.0,3,2018,5,May,Q2,Friday,2018-05,2018-Q2,-80.0,668.5714285714286,8424.0,1203.4285714285713,Loss-Making (<0%),Moderate Discount (1-20%)
B-25655,2018-05-11,2018-05-12,Standard Express,IND-CUST-1054,Nida,Consumer,India,Indore,Madhya Pradesh,452001,Central,IND-PRD-10161,Clothing,Skirt,Skirt - Grade B,135.0,2,0.0,-72.0,1,2018,5,May,Q2,Friday,2018-05,2018-Q2,-53.333333333333336,67.5,207.0,103.5,Loss-Making (<0%),No Discount (0%)
B-25655,2018-05-11,2018-05-16,India Post Parcel,IND-CUST-1054,Nida,Corporate,India,Indore,Madhya Pradesh,452001,Central,IND-PRD-10162,Clothing,Hankerchief,Hankerchief - Grade B,90.0,1,0.05,-36.0,5,2018,5,May,Q2,Friday,2018-05,2018-Q2,-40.0,90.0,126.0,126.0,Loss-Making (<0%),Moderate Discount (1-20%)
B-25655,2018-05-11,2018-05-12,Standard Express,IND-CUST-1054,Nida,Consumer,India,Indore,Madhya Pradesh,452001,Central,IND-PRD-10163,Clothing,Skirt,Skirt - Grade Standard,1110.0,8,0.0,276.0,1,2018,5,May,Q2,Friday,2018-05,2018-Q2,24.864864864864867,138.75,834.0,104.25,High Margin (>20%),No Discount (0%)
B-25656,2018-05-11,2018-05-14,Same Day Delivery,IND-CUST-1055,Priyanka,Corporate,India,Pune,Maharashtra,411001,West,IND-PRD-10164,Clothing,Saree,Saree - Grade Premium,8010.0,3,0.05,0.0,3,2018,5,May,Q2,Friday,2018-05,2018-Q2,0.0,2670.0,8010.0,2670.0,Moderate Margin (0-20%),Moderate Discount (1-20%)
B-25656,2018-05-11,2018-05-13,BlueDart Express,IND-CUST-1055,Priyanka,Consumer,India,Pune,Maharashtra,411001,West,IND-PRD-10165,Clothing,Stole,Stole - Grade A,450.0,5,0.1,-60.0,2,2018,5,May,Q2,Friday,2018-05,2018-Q2,-13.333333333333334,90.0,510.0,102.0,Loss-Making (<0%),Moderate Discount (1-20%)
B-25656,2018-05-11,2018-05-15,Standard Express,IND-CUST-1055,Priyanka,Consumer,India,Pune,Maharashtra,411001,West,IND-PRD-10166,Clothing,Saree,Saree - Grade B,915.0,2,0.1,-276.0,4,2018,5,May,Q2,Friday,2018-05,2018-Q2,-30.16393442622951,457.5,1191.0,595.5,Loss-Making (<0%),Moderate Discount (1-20%)
B-25656,2018-05-11,2018-05-14,BlueDart Express,IND-CUST-1055,Priyanka,Small Business,India,Pune,Maharashtra,411001,West,IND-PRD-10167,Clothing,Hankerchief,Hankerchief - Grade Premium,90.0,1,0.05,36.0,3,2018,5,May,Q2,Friday,2018-05,2018-Q2,40.0,90.0,54.0,54.0,High Margin (>20%),Moderate Discount (1-20%)
B-25656,2018-05-11,2018-05-12,BlueDart Express,IND-CUST-1055,Priyanka,Consumer,India,Pune,Maharashtra,411001,West,IND-PRD-10168,Clothing,Hankerchief,Hankerchief - Grade B,360.0,2,0.05,-12.0,1,2018,5,May,Q2,Friday,2018-05,2018-Q2,-3.3333333333333335,180.0,372.0,186.0,Loss-Making (<0%),Moderate Discount (1-20%)
B-25656,2018-05-11,2018-05-15,Same Day Delivery,IND-CUST-1055,Priyanka,Consumer,India,Pune,Maharashtra,411001,West,IND-PRD-10169,Clothing,Hankerchief,Hankerchief - Grade A,840.0,2,0.0,216.0,4,2018,5,May,Q2,Friday,2018-05,2018-Q2,25.71428571428571,420.0,624.0,312.0,High Margin (>20%),No Discount (0%)
B-25656,2018-05-11,2018-05-12,India Post Parcel,IND-CUST-1055,Priyanka,Consumer,India,Pune,Maharashtra,411001,West,IND-PRD-10170,Clothing,Saree,Saree - Grade B,6090.0,2,0.05,1512.0,1,2018,5,May,Q2,Friday,2018-05,2018-Q2,24.82758620689655,3045.0,4578.0,2289.0,High Margin (>20%),Moderate Discount (1-20%)
B-25656,2018-05-11,2018-05-12,Standard Express,IND-CUST-1055,Priyanka,Consumer,India,Pune,Maharashtra,411001,West,IND-PRD-10171,Electronics,Electronic Games,Electronic Games - Grade A,9360.0,2,0.0,444.0,1,2018,5,May,Q2,Friday,2018-05,2018-Q2,4.743589743589744,4680.0,8916.0,4458.0,Moderate Margin (0-20%),No Discount (0%)
B-25656,2018-05-11,2018-05-13,Standard Express,IND-CUST-1055,Priyanka,Consumer,India,Pune,Maharashtra,411001,West,IND-PRD-10172,Clothing,Skirt,Skirt - Grade A,1515.0,9,0.15,216.0,2,2018,5,May,Q2,Friday,2018-05,2018-Q2,14.257425742574256,168.33333333333334,1299.0,144.33333333333334,Moderate Margin (0-20%),Moderate Discount (1-20%)
B-25656,2018-05-11,2018-05-15,BlueDart Express,IND-CUST-1055,Priyanka,Consumer,India,Pune,Maharashtra,411001,West,IND-PRD-10173,Clothing,Saree,Saree - Grade B,20835.0,7,0.25,8160.0,4,2018,5,May,Q2,Friday,2018-05,2018-Q2,39.16486681065515,2976.4285714285716,12675.0,1810.7142857142858,High Margin (>20%),High Discount (>20%)
B-25656,2018-05-11,2018-05-15,India Post Parcel,IND-CUST-1055,Priyanka,Small Business,India,Pune,Maharashtra,411001,West,IND-PRD-10174,Electronics,Printers,Printers - Grade B,9765.0,5,0.25,2028.0,4,2018,5,May,Q2,Friday,2018-05,2018-Q2,20.768049155145928,1953.0,7737.0,1547.4,High Margin (>20%),High Discount (>20%)
B-25656,2018-05-11,2018-05-13,Standard Express,IND-CUST-1055,Priyanka,Consumer,India,Pune,Maharashtra,411001,West,IND-PRD-10175,Clothing,Hankerchief,Hankerchief - Grade A,195.0,3,0.2,-12.0,2,2018,5,May,Q2,Friday,2018-05,2018-Q2,-6.153846153846154,65.0,207.0,69.0,Loss-Making (<0%),Moderate Discount (1-20%)
B-25657,2018-05-13,2018-05-16,BlueDart Express,IND-CUST-1056,Tulika,Small Business,India,Bhopal,Madhya Pradesh,400001,Central,IND-PRD-10176,Electronics,Electronic Games,Electronic Games - Grade Premium,15315.0,4,0.1,-576.0,3,2018,5,May,Q2,Sunday,2018-05,2018-Q2,-3.76101860920666,3828.75,15891.0,3972.75,Loss-Making (<0%),Moderate Discount (1-20%)
B-25657,2018-05-13,2018-05-14,BlueDart Express,IND-CUST-1056,Tulika,Corporate,India,Bhopal,Madhya Pradesh,400001,Central,IND-PRD-10177,Clothing,Saree,Saree - Grade Standard,480.0,5,0.15,-264.0,1,2018,5,May,Q2,Sunday,2018-05,2018-Q2,-55.00000000000001,96.0,744.0,148.8,Loss-Making (<0%),Moderate Discount (1-20%)
B-25657,2018-05-13,2018-05-18,BlueDart Express,IND-CUST-1056,Tulika,Consumer,India,Bhopal,Madhya Pradesh,400001,Central,IND-PRD-10178,Electronics,Phones,Phones - Grade A,4980.0,6,0.0,-516.0,5,2018,5,May,Q2,Sunday,2018-05,2018-Q2,-10.361445783132531,830.0,5496.0,916.0,Loss-Making (<0%),No Discount (0%)
B-25657,2018-05-13,2018-05-14,Standard Express,IND-CUST-1056,Tulika,Corporate,India,Bhopal,Madhya Pradesh,400001,Central,IND-PRD-10179,Furniture,Chairs,Chairs - Grade B,4320.0,4,0.1,-2160.0,1,2018,5,May,Q2,Sunday,2018-05,2018-Q2,-50.0,1080.0,6480.0,1620.0,Loss-Making (<0%),Moderate Discount (1-20%)
B-25658,2018-05-14,2018-05-15,BlueDart Express,IND-CUST-1057,Shefali,Consumer,India,Jaipur,Rajasthan,302001,North,IND-PRD-10180,Clothing,T-shirt,T-shirt - Grade B,405.0,2,0.05,108.0,1,2018,5,May,Q2,Monday,2018-05,2018-Q2,26.666666666666668,202.5,297.0,148.5,High Margin (>20%),Moderate Discount (1-20%)
B-25659,2018-05-15,2018-05-18,India Post Parcel,IND-CUST-1058,Sanskriti,Corporate,India,Kolkata,West Bengal,700001,East,IND-PRD-10181,Clothing,T-shirt,T-shirt - Grade Premium,2220.0,7,0.05,864.0,3,2018,5,May,Q2,Tuesday,2018-05,2018-Q2,38.91891891891892,317.14285714285717,1356.0,193.71428571428572,High Margin (>20%),Moderate Discount (1-20%)
B-25660,2018-05-16,2018-05-17,Standard Express,IND-CUST-1059,Shruti,Consumer,India,Bangalore,Karnataka,560001,South,IND-PRD-10182,Clothing,Saree,Saree - Grade Standard,3675.0,3,0.15,-936.0,1,2018,5,May,Q2,Wednesday,2018-05,2018-Q2,-25.46938775510204,1225.0,4611.0,1537.0,Loss-Making (<0%),Moderate Discount (1-20%)
B-25661,2018-05-17,2018-05-19,Standard Express,IND-CUST-1060,Subhashree,Consumer,India,Kashmir,Jammu and Kashmir,400001,North,IND-PRD-10183,Clothing,Hankerchief,Hankerchief - Grade A,285.0,3,0.0,-180.0,2,2018,5,May,Q2,Thursday,2018-05,2018-Q2,-63.1578947368421,95.0,465.0,155.0,Loss-Making (<0%),No Discount (0%)
B-25661,2018-05-17,2018-05-19,India Post Parcel,IND-CUST-1060,Subhashree,Small Business,India,Kashmir,Jammu and Kashmir,400001,North,IND-PRD-10184,Furniture,Chairs,Chairs - Grade A,3360.0,3,0.05,-972.0,2,2018,5,May,Q2,Thursday,2018-05,2018-Q2,-28.92857142857143,1120.0,4332.0,1444.0,Loss-Making (<0%),Moderate Discount (1-20%)
B-25661,2018-05-17,2018-05-21,Standard Express,IND-CUST-1060,Subhashree,Small Business,India,Kashmir,Jammu and Kashmir,400001,North,IND-PRD-10185,Furniture,Chairs,Chairs - Grade Standard,870.0,2,0.2,-504.0,4,2018,5,May,Q2,Thursday,2018-05,2018-Q2,-57.931034482758626,435.0,1374.0,687.0,Loss-Making (<0%),Moderate Discount (1-20%)
B-25661,2018-05-17,2018-05-22,Same Day Delivery,IND-CUST-1060,Subhashree,Small Business,India,Kashmir,Jammu and Kashmir,400001,North,IND-PRD-10186,Furniture,Chairs,Chairs - Grade A,2175.0,5,0.0,-1248.0,5,2018,5,May,Q2,Thursday,2018-05,2018-Q2,-57.37931034482758,435.0,3423.0,684.6,Loss-Making (<0%),No Discount (0%)
B-25661,2018-05-17,2018-05-18,BlueDart Express,IND-CUST-1060,Subhashree,Consumer,India,Kashmir,Jammu and Kashmir,400001,North,IND-PRD-10187,Furniture,Chairs,Chairs - Grade Standard,825.0,2,0.05,-396.0,1,2018,5,May,Q2,Thursday,2018-05,2018-Q2,-48.0,412.5,1221.0,610.5,Loss-Making (<0%),Moderate Discount (1-20%)
B-25661,2018-05-17,2018-05-18,Standard Express,IND-CUST-1060,Subhashree,Corporate,India,Kashmir,Jammu and Kashmir,400001,North,IND-PRD-10188,Clothing,Hankerchief,Hankerchief - Grade B,105.0,2,0.2,-12.0,1,2018,5,May,Q2,Thursday,2018-05,2018-Q2,-11.428571428571429,52.5,117.0,58.5,Loss-Making (<0%),Moderate Discount (1-20%)
B-25662,2018-05-17,2018-05-20,Same Day Delivery,IND-CUST-1061,Sweta,Consumer,India,Mumbai,Maharashtra,400001,West,IND-PRD-10189,Clothing,T-shirt,T-shirt - Grade Standard,360.0,2,0.1,-24.0,3,2018,5,May,Q2,Thursday,2018-05,2018-Q2,-6.666666666666667,180.0,384.0,192.0,Loss-Making (<0%),Moderate Discount (1-20%)
B-25662,2018-05-17,2018-05-19,Standard Express,IND-CUST-1061,Sweta,Consumer,India,Mumbai,Maharashtra,400001,West,IND-PRD-10190,Electronics,Electronic Games,Electronic Games - Grade A,1290.0,1,0.1,-252.0,2,2018,5,May,Q2,Thursday,2018-05,2018-Q2,-19.53488372093023,1290.0,1542.0,1542.0,Loss-Making (<0%),Moderate Discount (1-20%)
B-25662,2018-05-17,2018-05-22,BlueDart Express,IND-CUST-1061,Sweta,Consumer,India,Mumbai,Maharashtra,400001,West,IND-PRD-10191,Furniture,Furnishings,Furnishings - Grade Standard,5775.0,11,0.0,-924.0,5,2018,5,May,Q2,Thursday,2018-05,2018-Q2,-16.0,525.0,6699.0,609.0,Loss-Making (<0%),No Discount (0%)
B-25663,2018-05-19,2018-05-23,Standard Express,IND-CUST-1062,Pournamasi,Corporate,India,Indore,Madhya Pradesh,452001,Central,IND-PRD-10192,Electronics,Printers,Printers - Grade Premium,4410.0,2,0.05,1656.0,4,2018,5,May,Q2,Saturday,2018-05,2018-Q2,37.55102040816327,2205.0,2754.0,1377.0,High Margin (>20%),Moderate Discount (1-20%)
B-25664,2018-05-20,2018-05-22,BlueDart Express,IND-CUST-1063,Pratyusmita,Consumer,India,Patna,Bihar,400001,East,IND-PRD-10193,Electronics,Phones,Phones - Grade B,6660.0,4,0.2,-2400.0,2,2018,5,May,Q2,Sunday,2018-05,2018-Q2,-36.03603603603604,1665.0,9060.0,2265.0,Loss-Making (<0%),Moderate Discount (1-20%)
B-25664,2018-05-20,2018-05-24,Standard Express,IND-CUST-1063,Pratyusmita,Consumer,India,Patna,Bihar,400001,East,IND-PRD-10194,Electronics,Phones,Phones - Grade B,11775.0,2,0.1,624.0,4,2018,5,May,Q2,Sunday,2018-05,2018-Q2,5.2993630573248405,5887.5,11151.0,5575.5,Moderate Margin (0-20%),Moderate Discount (1-20%)
B-25664,2018-05-20,2018-05-23,Standard Express,IND-CUST-1063,Pratyusmita,Small Business,India,Patna,Bihar,400001,East,IND-PRD-10195,Electronics,Phones,Phones - Grade Standard,3870.0,2,0.1,-324.0,3,2018,5,May,Q2,Sunday,2018-05,2018-Q2,-8.372093023255815,1935.0,4194.0,2097.0,Loss-Making (<0%),Moderate Discount (1-20%)
B-25664,2018-05-20,2018-05-23,India Post Parcel,IND-CUST-1063,Pratyusmita,Consumer,India,Patna,Bihar,400001,East,IND-PRD-10196,Furniture,Bookcases,Bookcases - Grade A,1245.0,1,0.0,-576.0,3,2018,5,May,Q2,Sunday,2018-05,2018-Q2,-46.265060240963855,1245.0,1821.0,1821.0,Loss-Making (<0%),No Discount (0%)
B-25665,2018-05-21,2018-05-22,Standard Express,IND-CUST-1064,Chayanika,Consumer,India,Thiruvananthapuram,Kerala,400001,Central,IND-PRD-10197,Electronics,Accessories,Accessories - Grade Premium,2490.0,4,0.0,-1356.0,1,2018,5,May,Q2,Monday,2018-05,2018-Q2,-54.45783132530121,622.5,3846.0,961.5,Loss-Making (<0%),No Discount (0%)
B-25666,2018-05-22,2018-05-27,BlueDart Express,IND-CUST-1065,Tanvi,Consumer,India,Chandigarh,Punjab,400001,North,IND-PRD-10198,Electronics,Electronic Games,Electronic Games - Grade B,14010.0,7,0.25,-10992.0,5,2018,5,May,Q2,Tuesday,2018-05,2018-Q2,-78.45824411134905,2001.4285714285713,25002.0,3571.714285714286,Loss-Making (<0%),High Discount (>20%)
B-25667,2018-05-23,2018-05-27,Standard Express,IND-CUST-1066,Anjali,Small Business,India,Chandigarh,Haryana,400001,North,IND-PRD-10199,Clothing,Hankerchief,Hankerchief - Grade B,165.0,4,0.05,-24.0,4,2018,5,May,Q2,Wednesday,2018-05,2018-Q2,-14.545454545454545,41.25,189.0,47.25,Loss-Making (<0%),Moderate Discount (1-20%)
B-25667,2018-05-23,2018-05-25,Same Day Delivery,IND-CUST-1066,Anjali,Consumer,India,Chandigarh,Haryana,400001,North,IND-PRD-10200,Clothing,Skirt,Skirt - Grade A,615.0,5,0.1,72.0,2,2018,5,May,Q2,Wednesday,2018-05,2018-Q2,11.707317073170733,123.0,543.0,108.6,Moderate Margin (0-20%),Moderate Discount (1-20%)
B-25667,2018-05-23,2018-05-26,Standard Express,IND-CUST-1066,Anjali,Consumer,India,Chandigarh,Haryana,400001,North,IND-PRD-10201,Clothing,Saree,Saree - Grade A,5160.0,3,0.0,-408.0,3,2018,5,May,Q2,Wednesday,2018-05,2018-Q2,-7.906976744186046,1720.0,5568.0,1856.0,Loss-Making (<0%),No Discount (0%)
B-25667,2018-05-23,2018-05-24,India Post Parcel,IND-CUST-1066,Anjali,Corporate,India,Chandigarh,Haryana,400001,North,IND-PRD-10202,Electronics,Printers,Printers - Grade Premium,15450.0,8,0.1,2472.0,1,2018,5,May,Q2,Wednesday,2018-05,2018-Q2,16.0,1931.25,12978.0,1622.25,Moderate Margin (0-20%),Moderate Discount (1-20%)
B-25667,2018-05-23,2018-05-24,BlueDart Express,IND-CUST-1066,Anjali,Corporate,India,Chandigarh,Haryana,400001,North,IND-PRD-10203,Furniture,Bookcases,Bookcases - Grade Standard,7740.0,4,0.25,828.0,1,2018,5,May,Q2,Wednesday,2018-05,2018-Q2,10.69767441860465,1935.0,6912.0,1728.0,Moderate Margin (0-20%),High Discount (>20%)
B-25668,2018-05-24,2018-05-28,Standard Express,IND-CUST-1067,Rhea,Consumer,India,Simla,Himachal Pradesh,400001,Central,IND-PRD-10204,Furniture,Furnishings,Furnishings - Grade A,1845.0,3,0.1,204.0,4,2018,5,May,Q2,Thursday,2018-05,2018-Q2,11.05691056910569,615.0,1641.0,547.0,Moderate Margin (0-20%),Moderate Discount (1-20%)
B-25669,2018-05-25,2018-05-28,Standard Express,IND-CUST-1068,Piyali,Corporate,India,Gangtok,Sikkim,400001,Central,IND-PRD-10205,Furniture,Tables,Tables - Grade Standard,9150.0,2,0.0,-792.0,3,2018,5,May,Q2,Friday,2018-05,2018-Q2,-8.655737704918034,4575.0,9942.0,4971.0,Loss-Making (<0%),No Discount (0%)
B-25670,2018-05-25,2018-05-30,Standard Express,IND-CUST-1069,Charika,Corporate,India,Goa,Goa,400001,West,IND-PRD-10206,Clothing,Stole,Stole - Grade Premium,1110.0,3,0.1,348.0,5,2018,5,May,Q2,Friday,2018-05,2018-Q2,31.351351351351354,370.0,762.0,254.0,High Margin (>20%),Moderate Discount (1-20%)
B-25670,2018-05-25,2018-05-28,BlueDart Express,IND-CUST-1069,Charika,Corporate,India,Goa,Goa,400001,West,IND-PRD-10207,Clothing,Hankerchief,Hankerchief - Grade Standard,360.0,2,0.15,12.0,3,2018,5,May,Q2,Friday,2018-05,2018-Q2,3.3333333333333335,180.0,348.0,174.0,Moderate Margin (0-20%),Moderate Discount (1-20%)
B-25670,2018-05-25,2018-05-29,Standard Express,IND-CUST-1069,Charika,Consumer,India,Goa,Goa,400001,West,IND-PRD-10208,Clothing,Hankerchief,Hankerchief - Grade B,210.0,1,0.05,24.0,4,2018,5,May,Q2,Friday,2018-05,2018-Q2,11.428571428571429,210.0,186.0,186.0,Moderate Margin (0-20%),Moderate Discount (1-20%)
B-25670,2018-05-25,2018-05-29,Same Day Delivery,IND-CUST-1069,Charika,Small Business,India,Goa,Goa,400001,West,IND-PRD-10209,Furniture,Bookcases,Bookcases - Grade Standard,9840.0,2,0.2,-432.0,4,2018,5,May,Q2,Friday,2018-05,2018-Q2,-4.390243902439024,4920.0,10272.0,5136.0,Loss-Making (<0%),Moderate Discount (1-20%)
B-25671,2018-05-27,2018-05-30,Standard Express,IND-CUST-1070,Mitali,Consumer,India,Kohima,Nagaland,400001,Central,IND-PRD-10210,Clothing,Trousers,Trousers - Grade Premium,12480.0,3,0.1,0.0,3,2018,5,May,Q2,Sunday,2018-05,2018-Q2,0.0,4160.0,12480.0,4160.0,Moderate Margin (0-20%),Moderate Discount (1-20%)
B-25672,2018-05-28,2018-06-01,Standard Express,IND-CUST-1071,Akanksha,Consumer,India,Hyderabad,Andhra Pradesh,500001,South,IND-PRD-10211,Clothing,Stole,Stole - Grade Premium,405.0,1,0.2,-180.0,4,2018,5,May,Q2,Monday,2018-05,2018-Q2,-44.44444444444444,405.0,585.0,585.0,Loss-Making (<0%),Moderate Discount (1-20%)
B-25673,2018-05-28,2018-05-31,BlueDart Express,IND-CUST-1072,Arsheen,Consumer,India,Ahmedabad,Gujarat,380001,West,IND-PRD-10212,Clothing,Saree,Saree - Grade Premium,2145.0,5,0.1,-1488.0,3,2018,5,May,Q2,Monday,2018-05,2018-Q2,-69.37062937062936,429.0,3633.0,726.6,Loss-Making (<0%),Moderate Discount (1-20%)
B-25673,2018-05-28,2018-05-30,BlueDart Express,IND-CUST-1072,Arsheen,Consumer,India,Ahmedabad,Gujarat,380001,West,IND-PRD-10213,Clothing,Saree,Saree - Grade Standard,660.0,5,0.0,-204.0,2,2018,5,May,Q2,Monday,2018-05,2018-Q2,-30.909090909090907,132.0,864.0,172.8,Loss-Making (<0%),No Discount (0%)
B-25673,2018-05-28,2018-05-31,Standard Express,IND-CUST-1072,Arsheen,Consumer,India,Ahmedabad,Gujarat,380001,West,IND-PRD-10214,Clothing,Shirt,Shirt - Grade B,675.0,4,0.05,-24.0,3,2018,5,May,Q2,Monday,2018-05,2018-Q2,-3.5555555555555554,168.75,699.0,174.75,Loss-Making (<0%),Moderate Discount (1-20%)
B-25673,2018-05-28,2018-05-31,Standard Express,IND-CUST-1072,Arsheen,Corporate,India,Ahmedabad,Gujarat,380001,West,IND-PRD-10215,Clothing,Saree,Saree - Grade A,240.0,1,0.0,-12.0,3,2018,5,May,Q2,Monday,2018-05,2018-Q2,-5.0,240.0,252.0,252.0,Loss-Making (<0%),No Discount (0%)
B-25673,2018-05-28,2018-06-01,Standard Express,IND-CUST-1072,Arsheen,Consumer,India,Ahmedabad,Gujarat,380001,West,IND-PRD-10216,Clothing,T-shirt,T-shirt - Grade B,555.0,3,0.2,-60.0,4,2018,5,May,Q2,Monday,2018-05,2018-Q2,-10.81081081081081,185.0,615.0,205.0,Loss-Making (<0%),Moderate Discount (1-20%)
B-25674,2018-05-28,2018-06-01,BlueDart Express,IND-CUST-1073,Mahima,Consumer,India,Pune,Maharashtra,411001,West,IND-PRD-10217,Clothing,Skirt,Skirt - Grade Standard,255.0,5,0.15,-144.0,4,2018,5,May,Q2,Monday,2018-05,2018-Q2,-56.470588235294116,51.0,399.0,79.8,Loss-Making (<0%),Moderate Discount (1-20%)
B-25675,2018-05-31,2018-06-01,BlueDart Express,IND-CUST-1074,Shreya,Consumer,India,Bhopal,Madhya Pradesh,400001,Central,IND-PRD-10218,Clothing,Saree,Saree - Grade Standard,13935.0,9,0.1,-1116.0,1,2018,5,May,Q2,Thursday,2018-05,2018-Q2,-8.008611410118407,1548.3333333333333,15051.0,1672.3333333333333,Loss-Making (<0%),Moderate Discount (1-20%)
B-25676,2018-06-01,2018-06-02,BlueDart Express,IND-CUST-1075,Chandni,Consumer,India,Jaipur,Rajasthan,302001,North,IND-PRD-10219,Electronics,Electronic Games,Electronic Games - Grade A,5130.0,4,0.05,-1236.0,1,2018,6,Jun,Q2,Friday,2018-06,2018-Q2,-24.09356725146199,1282.5,6366.0,1591.5,Loss-Making (<0%),Moderate Discount (1-20%)
B-25676,2018-06-01,2018-06-03,Same Day Delivery,IND-CUST-1075,Chandni,Small Business,India,Jaipur,Rajasthan,302001,North,IND-PRD-10220,Clothing,Trousers,Trousers - Grade Standard,18945.0,5,0.0,-672.0,2,2018,6,Jun,Q2,Friday,2018-06,2018-Q2,-3.5471100554235946,3789.0,19617.0,3923.4,Loss-Making (<0%),No Discount (0%)
B-25676,2018-06-01,2018-06-02,Same Day Delivery,IND-CUST-1075,Chandni,Consumer,India,Jaipur,Rajasthan,302001,North,IND-PRD-10221,Furniture,Tables,Tables - Grade Premium,10110.0,2,0.15,-2244.0,1,2018,6,Jun,Q2,Friday,2018-06,2018-Q2,-22.19584569732938,5055.0,12354.0,6177.0,Loss-Making (<0%),Moderate Discount (1-20%)
B-25676,2018-06-01,2018-06-04,BlueDart Express,IND-CUST-1075,Chandni,Consumer,India,Jaipur,Rajasthan,302001,North,IND-PRD-10222,Clothing,Shirt,Shirt - Grade Premium,480.0,3,0.05,72.0,3,2018,6,Jun,Q2,Friday,2018-06,2018-Q2,15.0,160.0,408.0,136.0,Moderate Margin (0-20%),Moderate Discount (1-20%)
B-25676,2018-06-01,2018-06-05,Same Day Delivery,IND-CUST-1075,Chandni,Consumer,India,Jaipur,Rajasthan,302001,North,IND-PRD-10223,Clothing,Shirt,Shirt - Grade Premium,1185.0,4,0.0,432.0,4,2018,6,Jun,Q2,Friday,2018-06,2018-Q2,36.45569620253165,296.25,753.0,188.25,High Margin (>20%),No Discount (0%)
B-25677,2018-06-02,2018-06-03,Standard Express,IND-CUST-1076,Ekta,Consumer,India,Kolkata,West Bengal,700001,East,IND-PRD-10224,Electronics,Accessories,Accessories - Grade Premium,300.0,1,0.1,-24.0,1,2018,6,Jun,Q2,Saturday,2018-06,2018-Q2,-8.0,300.0,324.0,324.0,Loss-Making (<0%),Moderate Discount (1-20%)
B-25678,2018-06-03,2018-06-04,Standard Express,IND-CUST-1077,Bathina,Consumer,India,Bangalore,Karnataka,560001,South,IND-PRD-10225,Clothing,Saree,Saree - Grade Premium,960.0,3,0.0,-84.0,1,2018,6,Jun,Q2,Sunday,2018-06,2018-Q2,-8.75,320.0,1044.0,348.0,Loss-Making (<0%),No Discount (0%)
B-25678,2018-06-03,2018-06-05,Standard Express,IND-CUST-1077,Bathina,Corporate,India,Bangalore,Karnataka,560001,South,IND-PRD-10226,Clothing,Skirt,Skirt - Grade Standard,105.0,2,0.05,-36.0,2,2018,6,Jun,Q2,Sunday,2018-06,2018-Q2,-34.285714285714285,52.5,141.0,70.5,Loss-Making (<0%),Moderate Discount (1-20%)
B-25678,2018-06-03,2018-06-05,Standard Express,IND-CUST-1077,Bathina,Small Business,India,Bangalore,Karnataka,560001,South,IND-PRD-10227,Electronics,Phones,Phones - Grade A,4905.0,1,0.05,-468.0,2,2018,6,Jun,Q2,Sunday,2018-06,2018-Q2,-9.541284403669724,4905.0,5373.0,5373.0,Loss-Making (<0%),Moderate Discount (1-20%)
B-25678,2018-06-03,2018-06-06,BlueDart Express,IND-CUST-1077,Bathina,Consumer,India,Bangalore,Karnataka,560001,South,IND-PRD-10228,Clothing,Shirt,Shirt - Grade A,405.0,2,0.0,-300.0,3,2018,6,Jun,Q2,Sunday,2018-06,2018-Q2,-74.07407407407408,202.5,705.0,352.5,Loss-Making (<0%),No Discount (0%)
B-25679,2018-06-04,2018-06-08,India Post Parcel,IND-CUST-1078,Avni,Corporate,India,Mumbai,Maharashtra,400001,West,IND-PRD-10229,Clothing,Saree,Saree - Grade Premium,1140.0,1,0.3,-600.0,4,2018,6,Jun,Q2,Monday,2018-06,2018-Q2,-52.63157894736842,1140.0,1740.0,1740.0,Loss-Making (<0%),High Discount (>20%)
B-25680,2018-06-04,2018-06-06,Standard Express,IND-CUST-1079,Aayushi,Corporate,India,Indore,Madhya Pradesh,452001,Central,IND-PRD-10230,Clothing,Saree,Saree - Grade Standard,1095.0,3,0.0,-300.0,2,2018,6,Jun,Q2,Monday,2018-06,2018-Q2,-27.397260273972602,365.0,1395.0,465.0,Loss-Making (<0%),No Discount (0%)
B-25681,2018-06-04,2018-06-05,Standard Express,IND-CUST-1080,Bhawna,Corporate,India,Indore,Madhya Pradesh,452001,Central,IND-PRD-10231,Electronics,Accessories,Accessories - Grade B,1020.0,3,0.0,-324.0,1,2018,6,Jun,Q2,Monday,2018-06,2018-Q2,-31.76470588235294,340.0,1344.0,448.0,Loss-Making (<0%),No Discount (0%)
B-25681,2018-06-04,2018-06-08,BlueDart Express,IND-CUST-1080,Bhawna,Consumer,India,Indore,Madhya Pradesh,452001,Central,IND-PRD-10232,Clothing,Trousers,Trousers - Grade B,7845.0,7,0.0,2448.0,4,2018,6,Jun,Q2,Monday,2018-06,2018-Q2,31.204588910133847,1120.7142857142858,5397.0,771.0,High Margin (>20%),No Discount (0%)
B-25681,2018-06-04,2018-06-08,India Post Parcel,IND-CUST-1080,Bhawna,Consumer,India,Indore,Madhya Pradesh,452001,Central,IND-PRD-10233,Clothing,Saree,Saree - Grade Standard,660.0,1,0.15,-36.0,4,2018,6,Jun,Q2,Monday,2018-06,2018-Q2,-5.454545454545454,660.0,696.0,696.0,Loss-Making (<0%),Moderate Discount (1-20%)
B-25681,2018-06-04,2018-06-05,Standard Express,IND-CUST-1080,Bhawna,Consumer,India,Indore,Madhya Pradesh,452001,Central,IND-PRD-10234,Furniture,Chairs,Chairs - Grade Premium,3645.0,2,0.05,-168.0,1,2018,6,Jun,Q2,Monday,2018-06,2018-Q2,-4.609053497942387,1822.5,3813.0,1906.5,Loss-Making (<0%),Moderate Discount (1-20%)
B-25681,2018-06-04,2018-06-06,BlueDart Express,IND-CUST-1080,Bhawna,Corporate,India,Indore,Madhya Pradesh,452001,Central,IND-PRD-10235,Electronics,Phones,Phones - Grade A,24375.0,3,0.1,-924.0,2,2018,6,Jun,Q2,Monday,2018-06,2018-Q2,-3.790769230769231,8125.0,25299.0,8433.0,Loss-Making (<0%),Moderate Discount (1-20%)
B-25681,2018-06-04,2018-06-05,Standard Express,IND-CUST-1080,Bhawna,Corporate,India,Indore,Madhya Pradesh,452001,Central,IND-PRD-10236,Electronics,Electronic Games,Electronic Games - Grade Standard,16440.0,7,0.0,-7896.0,1,2018,6,Jun,Q2,Monday,2018-06,2018-Q2,-48.02919708029197,2348.5714285714284,24336.0,3476.5714285714284,Loss-Making (<0%),No Discount (0%)
B-25682,2018-06-07,2018-06-11,Standard Express,IND-CUST-1081,Krutika,Consumer,India,Patna,Bihar,400001,East,IND-PRD-10237,Electronics,Phones,Phones - Grade B,8175.0,11,0.0,-876.0,4,2018,6,Jun,Q2,Thursday,2018-06,2018-Q2,-10.715596330275229,743.1818181818181,9051.0,822.8181818181819,Loss-Making (<0%),No Discount (0%)
B-25683,2018-06-08,2018-06-13,India Post Parcel,IND-CUST-1074,Shreya,Consumer,India,Thiruvananthapuram,Kerala,400001,Central,IND-PRD-10238,Electronics,Printers,Printers - Grade B,6495.0,3,0.05,312.0,5,2018,6,Jun,Q2,Friday,2018-06,2018-Q2,4.803695150115474,2165.0,6183.0,2061.0,Moderate Margin (0-20%),Moderate Discount (1-20%)
B-25683,2018-06-08,2018-06-13,India Post Parcel,IND-CUST-1074,Shreya,Small Business,India,Thiruvananthapuram,Kerala,400001,Central,IND-PRD-10239,Electronics,Phones,Phones - Grade B,3675.0,4,0.15,-36.0,5,2018,6,Jun,Q2,Friday,2018-06,2018-Q2,-0.9795918367346939,918.75,3711.0,927.75,Loss-Making (<0%),Moderate Discount (1-20%)
B-25683,2018-06-08,2018-06-11,Standard Express,IND-CUST-1074,Shreya,Corporate,India,Thiruvananthapuram,Kerala,400001,Central,IND-PRD-10240,Furniture,Furnishings,Furnishings - Grade Premium,2325.0,3,0.2,672.0,3,2018,6,Jun,Q2,Friday,2018-06,2018-Q2,28.903225806451616,775.0,1653.0,551.0,High Margin (>20%),Moderate Discount (1-20%)
B-25683,2018-06-08,2018-06-09,India Post Parcel,IND-CUST-1074,Shreya,Small Business,India,Thiruvananthapuram,Kerala,400001,Central,IND-PRD-10241,Clothing,Stole,Stole - Grade B,2220.0,5,0.0,624.0,1,2018,6,Jun,Q2,Friday,2018-06,2018-Q2,28.10810810810811,444.0,1596.0,319.2,High Margin (>20%),No Discount (0%)
B-25683,2018-06-08,2018-06-09,BlueDart Express,IND-CUST-1074,Shreya,Corporate,India,Thiruvananthapuram,Kerala,400001,Central,IND-PRD-10242,Clothing,Saree,Saree - Grade Standard,1290.0,6,0.1,-660.0,1,2018,6,Jun,Q2,Friday,2018-06,2018-Q2,-51.162790697674424,215.0,1950.0,325.0,Loss-Making (<0%),Moderate Discount (1-20%)
B-25684,2018-06-09,2018-06-12,Same Day Delivery,IND-CUST-1082,Samiksha,Consumer,India,Mumbai,Maharashtra,400001,West,IND-PRD-10243,Furniture,Chairs,Chairs - Grade Standard,2010.0,2,0.2,504.0,3,2018,6,Jun,Q2,Saturday,2018-06,2018-Q2,25.07462686567164,1005.0,1506.0,753.0,High Margin (>20%),Moderate Discount (1-20%)
B-25685,2018-06-10,2018-06-13,BlueDart Express,IND-CUST-1083,Sheetal,Corporate,India,Indore,Madhya Pradesh,452001,Central,IND-PRD-10244,Furniture,Furnishings,Furnishings - Grade B,765.0,2,0.05,84.0,3,2018,6,Jun,Q2,Sunday,2018-06,2018-Q2,10.980392156862745,382.5,681.0,340.5,Moderate Margin (0-20%),Moderate Discount (1-20%)
B-25685,2018-06-10,2018-06-13,BlueDart Express,IND-CUST-1083,Sheetal,Corporate,India,Indore,Madhya Pradesh,452001,Central,IND-PRD-10245,Electronics,Phones,Phones - Grade Standard,7935.0,3,0.15,1644.0,3,2018,6,Jun,Q2,Sunday,2018-06,2018-Q2,20.71833648393195,2645.0,6291.0,2097.0,High Margin (>20%),Moderate Discount (1-20%)
B-25685,2018-06-10,2018-06-14,BlueDart Express,IND-CUST-1083,Sheetal,Consumer,India,Indore,Madhya Pradesh,452001,Central,IND-PRD-10246,Furniture,Furnishings,Furnishings - Grade B,3960.0,3,0.0,-360.0,4,2018,6,Jun,Q2,Sunday,2018-06,2018-Q2,-9.090909090909092,1320.0,4320.0,1440.0,Loss-Making (<0%),No Discount (0%)
B-25685,2018-06-10,2018-06-11,BlueDart Express,IND-CUST-1083,Sheetal,Consumer,India,Indore,Madhya Pradesh,452001,Central,IND-PRD-10247,Clothing,Shirt,Shirt - Grade B,675.0,4,0.25,-24.0,1,2018,6,Jun,Q2,Sunday,2018-06,2018-Q2,-3.5555555555555554,168.75,699.0,174.75,Loss-Making (<0%),High Discount (>20%)
B-25686,2018-06-11,2018-06-15,Standard Express,IND-CUST-1027,Pooja,Corporate,India,Simla,Himachal Pradesh,400001,Central,IND-PRD-10248,Clothing,Saree,Saree - Grade A,5715.0,2,0.15,-156.0,4,2018,6,Jun,Q2,Monday,2018-06,2018-Q2,-2.729658792650919,2857.5,5871.0,2935.5,Loss-Making (<0%),Moderate Discount (1-20%)
B-25686,2018-06-11,2018-06-14,Standard Express,IND-CUST-1027,Pooja,Consumer,India,Simla,Himachal Pradesh,400001,Central,IND-PRD-10249,Electronics,Printers,Printers - Grade Premium,4980.0,3,0.25,-6036.0,3,2018,6,Jun,Q2,Monday,2018-06,2018-Q2,-121.20481927710844,1660.0,11016.0,3672.0,Loss-Making (<0%),High Discount (>20%)
B-25686,2018-06-11,2018-06-12,Standard Express,IND-CUST-1027,Pooja,Corporate,India,Simla,Himachal Pradesh,400001,Central,IND-PRD-10250,Furniture,Tables,Tables - Grade Premium,27435.0,6,0.1,-672.0,1,2018,6,Jun,Q2,Monday,2018-06,2018-Q2,-2.449425915800984,4572.5,28107.0,4684.5,Loss-Making (<0%),Moderate Discount (1-20%)
B-25687,2018-06-11,2018-06-15,BlueDart Express,IND-CUST-1084,Sanjna,Corporate,India,Mumbai,Maharashtra,400001,West,IND-PRD-10251,Clothing,Stole,Stole - Grade A,255.0,1,0.05,72.0,4,2018,6,Jun,Q2,Monday,2018-06,2018-Q2,28.235294117647058,255.0,183.0,183.0,High Margin (>20%),Moderate Discount (1-20%)
B-25687,2018-06-11,2018-06-15,Standard Express,IND-CUST-1084,Sanjna,Small Business,India,Mumbai,Maharashtra,400001,West,IND-PRD-10252,Clothing,Saree,Saree - Grade A,5355.0,2,0.25,1668.0,4,2018,6,Jun,Q2,Monday,2018-06,2018-Q2,31.1484593837535,2677.5,3687.0,1843.5,High Margin (>20%),High Discount (>20%)
B-25687,2018-06-11,2018-06-14,BlueDart Express,IND-CUST-1084,Sanjna,Consumer,India,Mumbai,Maharashtra,400001,West,IND-PRD-10253,Clothing,T-shirt,T-shirt - Grade Premium,765.0,3,0.0,252.0,3,2018,6,Jun,Q2,Monday,2018-06,2018-Q2,32.94117647058823,255.0,513.0,171.0,High Margin (>20%),No Discount (0%)
B-25687,2018-06-11,2018-06-12,India Post Parcel,IND-CUST-1084,Sanjna,Consumer,India,Mumbai,Maharashtra,400001,West,IND-PRD-10254,Clothing,Saree,Saree - Grade B,5805.0,5,0.05,-2556.0,1,2018,6,Jun,Q2,Monday,2018-06,2018-Q2,-44.031007751937985,1161.0,8361.0,1672.2,Loss-Making (<0%),Moderate Discount (1-20%)
B-25687,2018-06-11,2018-06-14,Standard Express,IND-CUST-1084,Sanjna,Corporate,India,Mumbai,Maharashtra,400001,West,IND-PRD-10255,Clothing,Kurti,Kurti - Grade B,210.0,4,0.15,-12.0,3,2018,6,Jun,Q2,Monday,2018-06,2018-Q2,-5.714285714285714,52.5,222.0,55.5,Loss-Making (<0%),Moderate Discount (1-20%)
B-25688,2018-06-11,2018-06-12,BlueDart Express,IND-CUST-1085,Swetha,Consumer,India,Indore,Madhya Pradesh,452001,Central,IND-PRD-10256,Clothing,Saree,Saree - Grade Premium,5280.0,5,0.15,-4140.0,1,2018,6,Jun,Q2,Monday,2018-06,2018-Q2,-78.4090909090909,1056.0,9420.0,1884.0,Loss-Making (<0%),Moderate Discount (1-20%)
B-25689,2018-06-14,2018-06-19,Standard Express,IND-CUST-1086,Bhaggyasree,Corporate,India,Mumbai,Maharashtra,400001,West,IND-PRD-10257,Electronics,Electronic Games,Electronic Games - Grade B,7035.0,3,0.2,-5508.0,5,2018,6,Jun,Q2,Thursday,2018-06,2018-Q2,-78.29424307036247,2345.0,12543.0,4181.0,Loss-Making (<0%),Moderate Discount (1-20%)
B-25689,2018-06-14,2018-06-16,Same Day Delivery,IND-CUST-1086,Bhaggyasree,Corporate,India,Mumbai,Maharashtra,400001,West,IND-PRD-10258,Clothing,Stole,Stole - Grade A,1455.0,2,0.0,204.0,2,2018,6,Jun,Q2,Thursday,2018-06,2018-Q2,14.02061855670103,727.5,1251.0,625.5,Moderate Margin (0-20%),No Discount (0%)
B-25689,2018-06-14,2018-06-16,Standard Express,IND-CUST-1086,Bhaggyasree,Consumer,India,Mumbai,Maharashtra,400001,West,IND-PRD-10259,Clothing,Stole,Stole - Grade B,2235.0,3,0.15,432.0,2,2018,6,Jun,Q2,Thursday,2018-06,2018-Q2,19.328859060402685,745.0,1803.0,601.0,Moderate Margin (0-20%),Moderate Discount (1-20%)
B-25690,2018-06-15,2018-06-17,BlueDart Express,IND-CUST-1087,Gunjan,Consumer,India,Indore,Madhya Pradesh,452001,Central,IND-PRD-10260,Clothing,Skirt,Skirt - Grade B,465.0,3,0.15,120.0,2,2018,6,Jun,Q2,Friday,2018-06,2018-Q2,25.806451612903224,155.0,345.0,115.0,High Margin (>20%),Moderate Discount (1-20%)
B-25691,2018-06-16,2018-06-19,Same Day Delivery,IND-CUST-1088,Akancha,Consumer,India,Mumbai,Maharashtra,400001,West,IND-PRD-10261,Clothing,Saree,Saree - Grade Standard,10710.0,4,0.0,672.0,3,2018,6,Jun,Q2,Saturday,2018-06,2018-Q2,6.2745098039215685,2677.5,10038.0,2509.5,Moderate Margin (0-20%),No Discount (0%)
B-25691,2018-06-16,2018-06-21,India Post Parcel,IND-CUST-1088,Akancha,Consumer,India,Mumbai,Maharashtra,400001,West,IND-PRD-10262,Clothing,Stole,Stole - Grade Standard,1125.0,3,0.05,-300.0,5,2018,6,Jun,Q2,Saturday,2018-06,2018-Q2,-26.666666666666668,375.0,1425.0,475.0,Loss-Making (<0%),Moderate Discount (1-20%)
B-25691,2018-06-16,2018-06-17,BlueDart Express,IND-CUST-1088,Akancha,Small Business,India,Mumbai,Maharashtra,400001,West,IND-PRD-10263,Clothing,Stole,Stole - Grade Standard,255.0,3,0.0,-108.0,1,2018,6,Jun,Q2,Saturday,2018-06,2018-Q2,-42.35294117647059,85.0,363.0,121.0,Loss-Making (<0%),No Discount (0%)
B-25692,2018-06-17,2018-06-21,BlueDart Express,IND-CUST-1089,Rashmi,Corporate,India,Indore,Madhya Pradesh,452001,Central,IND-PRD-10264,Furniture,Furnishings,Furnishings - Grade B,2115.0,7,0.05,336.0,4,2018,6,Jun,Q2,Sunday,2018-06,2018-Q2,15.886524822695037,302.14285714285717,1779.0,254.14285714285714,Moderate Margin (0-20%),Moderate Discount (1-20%)
B-25693,2018-06-18,2018-06-19,BlueDart Express,IND-CUST-1090,Parna,Corporate,India,Bhopal,Madhya Pradesh,400001,Central,IND-PRD-10265,Clothing,Hankerchief,Hankerchief - Grade Premium,1140.0,9,0.3,-864.0,1,2018,6,Jun,Q2,Monday,2018-06,2018-Q2,-75.78947368421053,126.66666666666667,2004.0,222.66666666666666,Loss-Making (<0%),High Discount (>20%)
B-25693,2018-06-18,2018-06-22,Same Day Delivery,IND-CUST-1090,Parna,Corporate,India,Bhopal,Madhya Pradesh,400001,Central,IND-PRD-10266,Clothing,Saree,Saree - Grade A,9480.0,6,0.1,-3792.0,4,2018,6,Jun,Q2,Monday,2018-06,2018-Q2,-40.0,1580.0,13272.0,2212.0,Loss-Making (<0%),Moderate Discount (1-20%)
B-25693,2018-06-18,2018-06-19,BlueDart Express,IND-CUST-1090,Parna,Consumer,India,Bhopal,Madhya Pradesh,400001,Central,IND-PRD-10267,Clothing,Saree,Saree - Grade B,480.0,6,0.15,-192.0,1,2018,6,Jun,Q2,Monday,2018-06,2018-Q2,-40.0,80.0,672.0,112.0,Loss-Making (<0%),Moderate Discount (1-20%)
B-25693,2018-06-18,2018-06-23,Standard Express,IND-CUST-1090,Parna,Small Business,India,Bhopal,Madhya Pradesh,400001,Central,IND-PRD-10268,Electronics,Phones,Phones - Grade Premium,1020.0,1,0.25,-360.0,5,2018,6,Jun,Q2,Monday,2018-06,2018-Q2,-35.294117647058826,1020.0,1380.0,1380.0,Loss-Making (<0%),High Discount (>20%)
B-25693,2018-06-18,2018-06-22,India Post Parcel,IND-CUST-1090,Parna,Corporate,India,Bhopal,Madhya Pradesh,400001,Central,IND-PRD-10269,Clothing,T-shirt,T-shirt - Grade B,1230.0,5,0.05,-468.0,4,2018,6,Jun,Q2,Monday,2018-06,2018-Q2,-38.048780487804876,246.0,1698.0,339.6,Loss-Making (<0%),Moderate Discount (1-20%)
B-25693,2018-06-18,2018-06-21,BlueDart Express,IND-CUST-1090,Parna,Corporate,India,Bhopal,Madhya Pradesh,400001,Central,IND-PRD-10270,Electronics,Phones,Phones - Grade A,1080.0,1,0.15,-588.0,3,2018,6,Jun,Q2,Monday,2018-06,2018-Q2,-54.44444444444444,1080.0,1668.0,1668.0,Loss-Making (<0%),Moderate Discount (1-20%)
B-25693,2018-06-18,2018-06-19,BlueDart Express,IND-CUST-1090,Parna,Small Business,India,Bhopal,Madhya Pradesh,400001,Central,IND-PRD-10271,Clothing,Skirt,Skirt - Grade B,195.0,2,0.05,-156.0,1,2018,6,Jun,Q2,Monday,2018-06,2018-Q2,-80.0,97.5,351.0,175.5,Loss-Making (<0%),Moderate Discount (1-20%)
B-25694,2018-06-18,2018-06-19,Standard Express,IND-CUST-1091,Subhasmita,Consumer,India,Jaipur,Rajasthan,302001,North,IND-PRD-10272,Clothing,T-shirt,T-shirt - Grade A,2505.0,7,0.2,516.0,1,2018,6,Jun,Q2,Monday,2018-06,2018-Q2,20.59880239520958,357.85714285714283,1989.0,284.14285714285717,High Margin (>20%),Moderate Discount (1-20%)
B-25695,2018-06-18,2018-06-22,BlueDart Express,IND-CUST-1092,Suhani,Corporate,India,Kolkata,West Bengal,700001,East,IND-PRD-10273,Clothing,Shirt,Shirt - Grade B,2565.0,9,0.0,168.0,4,2018,6,Jun,Q2,Monday,2018-06,2018-Q2,6.549707602339182,285.0,2397.0,266.3333333333333,Moderate Margin (0-20%),No Discount (0%)
B-25696,2018-06-21,2018-06-24,Standard Express,IND-CUST-1093,Noopur,Consumer,India,Bangalore,Karnataka,560001,South,IND-PRD-10274,Electronics,Phones,Phones - Grade A,1755.0,3,0.25,-72.0,3,2018,6,Jun,Q2,Thursday,2018-06,2018-Q2,-4.102564102564102,585.0,1827.0,609.0,Loss-Making (<0%),High Discount (>20%)
B-25696,2018-06-21,2018-06-24,BlueDart Express,IND-CUST-1093,Noopur,Consumer,India,Bangalore,Karnataka,560001,South,IND-PRD-10275,Clothing,Saree,Saree - Grade B,1740.0,1,0.0,-48.0,3,2018,6,Jun,Q2,Thursday,2018-06,2018-Q2,-2.7586206896551726,1740.0,1788.0,1788.0,Loss-Making (<0%),No Discount (0%)
B-25696,2018-06-21,2018-06-26,Standard Express,IND-CUST-1093,Noopur,Consumer,India,Bangalore,Karnataka,560001,South,IND-PRD-10276,Electronics,Printers,Printers - Grade A,13305.0,3,0.05,960.0,5,2018,6,Jun,Q2,Thursday,2018-06,2018-Q2,7.215332581736189,4435.0,12345.0,4115.0,Moderate Margin (0-20%),Moderate Discount (1-20%)
B-25696,2018-06-21,2018-06-24,BlueDart Express,IND-CUST-1093,Noopur,Small Business,India,Bangalore,Karnataka,560001,South,IND-PRD-10277,Clothing,Saree,Saree - Grade Standard,4125.0,4,0.15,-3300.0,3,2018,6,Jun,Q2,Thursday,2018-06,2018-Q2,-80.0,1031.25,7425.0,1856.25,Loss-Making (<0%),Moderate Discount (1-20%)
B-25696,2018-06-21,2018-06-24,India Post Parcel,IND-CUST-1093,Noopur,Small Business,India,Bangalore,Karnataka,560001,South,IND-PRD-10278,Clothing,Kurti,Kurti - Grade B,660.0,3,0.05,84.0,3,2018,6,Jun,Q2,Thursday,2018-06,2018-Q2,12.727272727272727,220.0,576.0,192.0,Moderate Margin (0-20%),Moderate Discount (1-20%)
B-25696,2018-06-21,2018-06-24,Standard Express,IND-CUST-1093,Noopur,Corporate,India,Bangalore,Karnataka,560001,South,IND-PRD-10279,Clothing,Saree,Saree - Grade B,2520.0,3,0.1,-108.0,3,2018,6,Jun,Q2,Thursday,2018-06,2018-Q2,-4.285714285714286,840.0,2628.0,876.0,Loss-Making (<0%),Moderate Discount (1-20%)
B-25697,2018-06-22,2018-06-24,India Post Parcel,IND-CUST-1094,Vijay,Corporate,India,Kashmir,Jammu and Kashmir,400001,North,IND-PRD-10280,Electronics,Accessories,Accessories - Grade Premium,1710.0,3,0.05,96.0,2,2018,6,Jun,Q2,Friday,2018-06,2018-Q2,5.614035087719298,570.0,1614.0,538.0,Moderate Margin (0-20%),Moderate Discount (1-20%)
B-25697,2018-06-22,2018-06-27,Standard Express,IND-CUST-1094,Vijay,Corporate,India,Kashmir,Jammu and Kashmir,400001,North,IND-PRD-10281,Electronics,Printers,Printers - Grade Premium,19500.0,8,0.15,-192.0,5,2018,6,Jun,Q2,Friday,2018-06,2018-Q2,-0.9846153846153847,2437.5,19692.0,2461.5,Loss-Making (<0%),Moderate Discount (1-20%)
B-25697,2018-06-22,2018-06-23,Same Day Delivery,IND-CUST-1094,Vijay,Small Business,India,Kashmir,Jammu and Kashmir,400001,North,IND-PRD-10282,Clothing,Skirt,Skirt - Grade A,60.0,1,0.0,-36.0,1,2018,6,Jun,Q2,Friday,2018-06,2018-Q2,-60.0,60.0,96.0,96.0,Loss-Making (<0%),No Discount (0%)
B-25697,2018-06-22,2018-06-26,Same Day Delivery,IND-CUST-1094,Vijay,Consumer,India,Kashmir,Jammu and Kashmir,400001,North,IND-PRD-10283,Electronics,Phones,Phones - Grade B,1095.0,1,0.0,-84.0,4,2018,6,Jun,Q2,Friday,2018-06,2018-Q2,-7.671232876712329,1095.0,1179.0,1179.0,Loss-Making (<0%),No Discount (0%)
B-25697,2018-06-22,2018-06-23,BlueDart Express,IND-CUST-1094,Vijay,Consumer,India,Kashmir,Jammu and Kashmir,400001,North,IND-PRD-10284,Clothing,Stole,Stole - Grade A,1005.0,3,0.0,-504.0,1,2018,6,Jun,Q2,Friday,2018-06,2018-Q2,-50.14925373134328,335.0,1509.0,503.0,Loss-Making (<0%),No Discount (0%)
B-25697,2018-06-22,2018-06-27,BlueDart Express,IND-CUST-1094,Vijay,Consumer,India,Kashmir,Jammu and Kashmir,400001,North,IND-PRD-10285,Electronics,Printers,Printers - Grade Standard,4830.0,5,0.05,-2316.0,5,2018,6,Jun,Q2,Friday,2018-06,2018-Q2,-47.95031055900621,966.0,7146.0,1429.2,Loss-Making (<0%),Moderate Discount (1-20%)
B-25697,2018-06-22,2018-06-26,Same Day Delivery,IND-CUST-1094,Vijay,Corporate,India,Kashmir,Jammu and Kashmir,400001,North,IND-PRD-10286,Clothing,Trousers,Trousers - Grade Premium,1725.0,3,0.0,-468.0,4,2018,6,Jun,Q2,Friday,2018-06,2018-Q2,-27.1304347826087,575.0,2193.0,731.0,Loss-Making (<0%),No Discount (0%)
B-25698,2018-06-23,2018-06-28,Standard Express,IND-CUST-1095,Amisha,Corporate,India,Chennai,Tamil Nadu,600001,South,IND-PRD-10287,Clothing,Kurti,Kurti - Grade A,1305.0,5,0.05,-996.0,5,2018,6,Jun,Q2,Saturday,2018-06,2018-Q2,-76.32183908045977,261.0,2301.0,460.2,Loss-Making (<0%),Moderate Discount (1-20%)
B-25698,2018-06-23,2018-06-26,Standard Express,IND-CUST-1095,Amisha,Consumer,India,Chennai,Tamil Nadu,600001,South,IND-PRD-10288,Clothing,Hankerchief,Hankerchief - Grade A,405.0,4,0.05,-72.0,3,2018,6,Jun,Q2,Saturday,2018-06,2018-Q2,-17.77777777777778,101.25,477.0,119.25,Loss-Making (<0%),Moderate Discount (1-20%)
B-25698,2018-06-23,2018-06-27,BlueDart Express,IND-CUST-1095,Amisha,Consumer,India,Chennai,Tamil Nadu,600001,South,IND-PRD-10289,Clothing,Saree,Saree - Grade Premium,3105.0,3,0.0,-1836.0,4,2018,6,Jun,Q2,Saturday,2018-06,2018-Q2,-59.130434782608695,1035.0,4941.0,1647.0,Loss-Making (<0%),No Discount (0%)
B-25698,2018-06-23,2018-06-26,Same Day Delivery,IND-CUST-1095,Amisha,Corporate,India,Chennai,Tamil Nadu,600001,South,IND-PRD-10290,Furniture,Chairs,Chairs - Grade B,7740.0,8,0.1,-4704.0,3,2018,6,Jun,Q2,Saturday,2018-06,2018-Q2,-60.775193798449614,967.5,12444.0,1555.5,Loss-Making (<0%),Moderate Discount (1-20%)
B-25698,2018-06-23,2018-06-24,Same Day Delivery,IND-CUST-1095,Amisha,Consumer,India,Chennai,Tamil Nadu,600001,South,IND-PRD-10291,Clothing,Hankerchief,Hankerchief - Grade A,105.0,1,0.2,-24.0,1,2018,6,Jun,Q2,Saturday,2018-06,2018-Q2,-22.857142857142858,105.0,129.0,129.0,Loss-Making (<0%),Moderate Discount (1-20%)
B-25698,2018-06-23,2018-06-24,Same Day Delivery,IND-CUST-1095,Amisha,Corporate,India,Chennai,Tamil Nadu,600001,South,IND-PRD-10292,Electronics,Phones,Phones - Grade Premium,975.0,2,0.0,-192.0,1,2018,6,Jun,Q2,Saturday,2018-06,2018-Q2,-19.692307692307693,487.5,1167.0,583.5,Loss-Making (<0%),No Discount (0%)
B-25699,2018-06-24,2018-06-28,Standard Express,IND-CUST-1096,Kritika,Small Business,India,Lucknow,Uttar Pradesh,226001,North,IND-PRD-10293,Furniture,Furnishings,Furnishings - Grade B,300.0,1,0.1,-264.0,4,2018,6,Jun,Q2,Sunday,2018-06,2018-Q2,-88.0,300.0,564.0,564.0,Loss-Making (<0%),Moderate Discount (1-20%)
B-25699,2018-06-24,2018-06-28,Same Day Delivery,IND-CUST-1096,Kritika,Consumer,India,Lucknow,Uttar Pradesh,226001,North,IND-PRD-10294,Clothing,Stole,Stole - Grade Standard,735.0,2,0.1,-372.0,4,2018,6,Jun,Q2,Sunday,2018-06,2018-Q2,-50.61224489795918,367.5,1107.0,553.5,Loss-Making (<0%),Moderate Discount (1-20%)
B-25699,2018-06-24,2018-06-29,Standard Express,IND-CUST-1096,Kritika,Consumer,India,Lucknow,Uttar Pradesh,226001,North,IND-PRD-10295,Clothing,Leggings,Leggings - Grade Premium,510.0,5,0.05,-156.0,5,2018,6,Jun,Q2,Sunday,2018-06,2018-Q2,-30.58823529411765,102.0,666.0,133.2,Loss-Making (<0%),Moderate Discount (1-20%)
B-25699,2018-06-24,2018-06-29,BlueDart Express,IND-CUST-1096,Kritika,Corporate,India,Lucknow,Uttar Pradesh,226001,North,IND-PRD-10296,Electronics,Accessories,Accessories - Grade A,315.0,1,0.15,-60.0,5,2018,6,Jun,Q2,Sunday,2018-06,2018-Q2,-19.047619047619047,315.0,375.0,375.0,Loss-Making (<0%),Moderate Discount (1-20%)
B-25700,2018-06-25,2018-06-28,Standard Express,IND-CUST-1097,Shubhi,Corporate,India,Mumbai,Maharashtra,400001,West,IND-PRD-10297,Clothing,Shirt,Shirt - Grade Standard,1935.0,5,0.05,-900.0,3,2018,6,Jun,Q2,Monday,2018-06,2018-Q2,-46.51162790697674,387.0,2835.0,567.0,Loss-Making (<0%),Moderate Discount (1-20%)
B-25700,2018-06-25,2018-06-29,Standard Express,IND-CUST-1097,Shubhi,Consumer,India,Mumbai,Maharashtra,400001,West,IND-PRD-10298,Clothing,Stole,Stole - Grade B,660.0,3,0.1,-384.0,4,2018,6,Jun,Q2,Monday,2018-06,2018-Q2,-58.18181818181818,220.0,1044.0,348.0,Loss-Making (<0%),Moderate Discount (1-20%)
B-25700,2018-06-25,2018-06-26,Standard Express,IND-CUST-1097,Shubhi,Small Business,India,Mumbai,Maharashtra,400001,West,IND-PRD-10299,Clothing,Hankerchief,Hankerchief - Grade B,105.0,2,0.0,-36.0,1,2018,6,Jun,Q2,Monday,2018-06,2018-Q2,-34.285714285714285,52.5,141.0,70.5,Loss-Making (<0%),No Discount (0%)
B-25701,2018-06-26,2018-07-01,Standard Express,IND-CUST-1098,Maithilee,Consumer,India,Indore,Madhya Pradesh,452001,Central,IND-PRD-10300,Clothing,Skirt,Skirt - Grade Premium,150.0,2,0.1,-96.0,5,2018,6,Jun,Q2,Tuesday,2018-06,2018-Q2,-64.0,75.0,246.0,123.0,Loss-Making (<0%),Moderate Discount (1-20%)
B-25701,2018-06-26,2018-07-01,BlueDart Express,IND-CUST-1098,Maithilee,Consumer,India,Indore,Madhya Pradesh,452001,Central,IND-PRD-10301,Clothing,Shirt,Shirt - Grade Premium,495.0,3,0.1,-348.0,5,2018,6,Jun,Q2,Tuesday,2018-06,2018-Q2,-70.3030303030303,165.0,843.0,281.0,Loss-Making (<0%),Moderate Discount (1-20%)
B-25701,2018-06-26,2018-06-27,Standard Express,IND-CUST-1098,Maithilee,Corporate,India,Indore,Madhya Pradesh,452001,Central,IND-PRD-10302,Furniture,Chairs,Chairs - Grade Premium,1470.0,2,0.0,-540.0,1,2018,6,Jun,Q2,Tuesday,2018-06,2018-Q2,-36.734693877551024,735.0,2010.0,1005.0,Loss-Making (<0%),No Discount (0%)
B-25701,2018-06-26,2018-07-01,Standard Express,IND-CUST-1098,Maithilee,Small Business,India,Indore,Madhya Pradesh,452001,Central,IND-PRD-10303,Clothing,Hankerchief,Hankerchief - Grade B,495.0,5,0.05,-144.0,5,2018,6,Jun,Q2,Tuesday,2018-06,2018-Q2,-29.09090909090909,99.0,639.0,127.8,Loss-Making (<0%),Moderate Discount (1-20%)
B-25702,2018-06-27,2018-06-30,Standard Express,IND-CUST-1099,Shaily,Consumer,India,Mumbai,Maharashtra,400001,West,IND-PRD-10304,Clothing,Shirt,Shirt - Grade Standard,1125.0,3,0.25,0.0,3,2018,6,Jun,Q2,Wednesday,2018-06,2018-Q2,0.0,375.0,1125.0,375.0,Moderate Margin (0-20%),High Discount (>20%)
B-25702,2018-06-27,2018-07-01,Standard Express,IND-CUST-1099,Shaily,Corporate,India,Mumbai,Maharashtra,400001,West,IND-PRD-10305,Furniture,Chairs,Chairs - Grade B,6360.0,9,0.05,-204.0,4,2018,6,Jun,Q2,Wednesday,2018-06,2018-Q2,-3.207547169811321,706.6666666666666,6564.0,729.3333333333334,Loss-Making (<0%),Moderate Discount (1-20%)
B-25702,2018-06-27,2018-06-28,Standard Express,IND-CUST-1099,Shaily,Corporate,India,Mumbai,Maharashtra,400001,West,IND-PRD-10306,Clothing,Saree,Saree - Grade A,465.0,4,0.1,-36.0,1,2018,6,Jun,Q2,Wednesday,2018-06,2018-Q2,-7.741935483870968,116.25,501.0,125.25,Loss-Making (<0%),Moderate Discount (1-20%)
B-25702,2018-06-27,2018-07-01,Standard Express,IND-CUST-1099,Shaily,Consumer,India,Mumbai,Maharashtra,400001,West,IND-PRD-10307,Furniture,Tables,Tables - Grade B,14115.0,3,0.2,-2436.0,4,2018,6,Jun,Q2,Wednesday,2018-06,2018-Q2,-17.258235919234856,4705.0,16551.0,5517.0,Loss-Making (<0%),Moderate Discount (1-20%)
B-25702,2018-06-27,2018-07-02,BlueDart Express,IND-CUST-1099,Shaily,Consumer,India,Mumbai,Maharashtra,400001,West,IND-PRD-10308,Clothing,Saree,Saree - Grade A,4590.0,3,0.15,-1764.0,5,2018,6,Jun,Q2,Wednesday,2018-06,2018-Q2,-38.43137254901961,1530.0,6354.0,2118.0,Loss-Making (<0%),Moderate Discount (1-20%)
B-25703,2018-06-28,2018-07-03,BlueDart Express,IND-CUST-1076,Ekta,Small Business,India,Indore,Madhya Pradesh,452001,Central,IND-PRD-10309,Furniture,Furnishings,Furnishings - Grade Standard,630.0,2,0.1,-276.0,5,2018,6,Jun,Q2,Thursday,2018-06,2018-Q2,-43.80952380952381,315.0,906.0,453.0,Loss-Making (<0%),Moderate Discount (1-20%)
B-25703,2018-06-28,2018-06-29,BlueDart Express,IND-CUST-1076,Ekta,Consumer,India,Indore,Madhya Pradesh,452001,Central,IND-PRD-10310,Clothing,Stole,Stole - Grade Premium,255.0,2,0.15,-36.0,1,2018,6,Jun,Q2,Thursday,2018-06,2018-Q2,-14.117647058823529,127.5,291.0,145.5,Loss-Making (<0%),Moderate Discount (1-20%)
B-25703,2018-06-28,2018-07-01,BlueDart Express,IND-CUST-1076,Ekta,Consumer,India,Indore,Madhya Pradesh,452001,Central,IND-PRD-10311,Clothing,Hankerchief,Hankerchief - Grade Premium,480.0,5,0.2,-60.0,3,2018,6,Jun,Q2,Thursday,2018-06,2018-Q2,-12.5,96.0,540.0,108.0,Loss-Making (<0%),Moderate Discount (1-20%)
B-25703,2018-06-28,2018-06-30,Standard Express,IND-CUST-1076,Ekta,Consumer,India,Indore,Madhya Pradesh,452001,Central,IND-PRD-10312,Clothing,Hankerchief,Hankerchief - Grade B,3465.0,9,0.05,-2280.0,2,2018,6,Jun,Q2,Thursday,2018-06,2018-Q2,-65.80086580086581,385.0,5745.0,638.3333333333334,Loss-Making (<0%),Moderate Discount (1-20%)
B-25703,2018-06-28,2018-06-29,Same Day Delivery,IND-CUST-1076,Ekta,Small Business,India,Indore,Madhya Pradesh,452001,Central,IND-PRD-10313,Clothing,Kurti,Kurti - Grade Premium,330.0,4,0.05,-180.0,1,2018,6,Jun,Q2,Thursday,2018-06,2018-Q2,-54.54545454545454,82.5,510.0,127.5,Loss-Making (<0%),Moderate Discount (1-20%)
B-25703,2018-06-28,2018-06-30,BlueDart Express,IND-CUST-1076,Ekta,Corporate,India,Indore,Madhya Pradesh,452001,Central,IND-PRD-10314,Clothing,Saree,Saree - Grade Standard,1455.0,4,0.05,-540.0,2,2018,6,Jun,Q2,Thursday,2018-06,2018-Q2,-37.11340206185567,363.75,1995.0,498.75,Loss-Making (<0%),Moderate Discount (1-20%)
B-25703,2018-06-28,2018-06-30,BlueDart Express,IND-CUST-1076,Ekta,Corporate,India,Indore,Madhya Pradesh,452001,Central,IND-PRD-10315,Clothing,Saree,Saree - Grade Premium,705.0,4,0.25,-324.0,2,2018,6,Jun,Q2,Thursday,2018-06,2018-Q2,-45.95744680851064,176.25,1029.0,257.25,Loss-Making (<0%),High Discount (>20%)
B-25703,2018-06-28,2018-07-01,Standard Express,IND-CUST-1076,Ekta,Consumer,India,Indore,Madhya Pradesh,452001,Central,IND-PRD-10316,Clothing,Shirt,Shirt - Grade B,2790.0,9,0.1,-1692.0,3,2018,6,Jun,Q2,Thursday,2018-06,2018-Q2,-60.64516129032258,310.0,4482.0,498.0,Loss-Making (<0%),Moderate Discount (1-20%)
B-25704,2018-06-29,2018-07-01,Standard Express,IND-CUST-1100,Riya,Corporate,India,Mumbai,Maharashtra,400001,West,IND-PRD-10317,Electronics,Accessories,Accessories - Grade Standard,1890.0,3,0.0,-756.0,2,2018,6,Jun,Q2,Friday,2018-06,2018-Q2,-40.0,630.0,2646.0,882.0,Loss-Making (<0%),No Discount (0%)
B-25704,2018-06-29,2018-07-01,Standard Express,IND-CUST-1100,Riya,Corporate,India,Mumbai,Maharashtra,400001,West,IND-PRD-10318,Electronics,Phones,Phones - Grade A,1530.0,3,0.2,0.0,2,2018,6,Jun,Q2,Friday,2018-06,2018-Q2,0.0,510.0,1530.0,510.0,Moderate Margin (0-20%),Moderate Discount (1-20%)
B-25705,2018-06-30,2018-07-03,Standard Express,IND-CUST-1101,Shweta,Corporate,India,Indore,Madhya Pradesh,452001,Central,IND-PRD-10319,Electronics,Electronic Games,Electronic Games - Grade B,690.0,2,0.05,0.0,3,2018,6,Jun,Q2,Saturday,2018-06,2018-Q2,0.0,345.0,690.0,345.0,Moderate Margin (0-20%),Moderate Discount (1-20%)
B-25706,2018-07-01,2018-07-03,BlueDart Express,IND-CUST-1102,Swetlana,Small Business,India,Goa,Goa,400001,West,IND-PRD-10320,Clothing,Stole,Stole - Grade A,465.0,4,0.0,-132.0,2,2018,7,Jul,Q3,Sunday,2018-07,2018-Q3,-28.387096774193548,116.25,597.0,149.25,Loss-Making (<0%),No Discount (0%)
B-25707,2018-07-01,2018-07-03,BlueDart Express,IND-CUST-1103,Shivani,Consumer,India,Mumbai,Maharashtra,400001,West,IND-PRD-10321,Clothing,Stole,Stole - Grade Standard,120.0,1,0.1,-72.0,2,2018,7,Jul,Q3,Sunday,2018-07,2018-Q3,-60.0,120.0,192.0,192.0,Loss-Making (<0%),Moderate Discount (1-20%)
B-25708,2018-07-01,2018-07-03,BlueDart Express,IND-CUST-1104,Kishwar,Corporate,India,Indore,Madhya Pradesh,452001,Central,IND-PRD-10322,Furniture,Furnishings,Furnishings - Grade B,2865.0,8,0.05,156.0,2,2018,7,Jul,Q3,Sunday,2018-07,2018-Q3,5.445026178010471,358.125,2709.0,338.625,Moderate Margin (0-20%),Moderate Discount (1-20%)
B-25708,2018-07-01,2018-07-02,Same Day Delivery,IND-CUST-1104,Kishwar,Consumer,India,Indore,Madhya Pradesh,452001,Central,IND-PRD-10323,Electronics,Phones,Phones - Grade B,10635.0,5,0.2,-1200.0,1,2018,7,Jul,Q3,Sunday,2018-07,2018-Q3,-11.283497884344147,2127.0,11835.0,2367.0,Loss-Making (<0%),Moderate Discount (1-20%)
B-25708,2018-07-01,2018-07-02,Same Day Delivery,IND-CUST-1104,Kishwar,Consumer,India,Indore,Madhya Pradesh,452001,Central,IND-PRD-10324,Clothing,Stole,Stole - Grade Standard,1215.0,7,0.0,-612.0,1,2018,7,Jul,Q3,Sunday,2018-07,2018-Q3,-50.37037037037037,173.57142857142858,1827.0,261.0,Loss-Making (<0%),No Discount (0%)
B-25708,2018-07-01,2018-07-02,BlueDart Express,IND-CUST-1104,Kishwar,Consumer,India,Indore,Madhya Pradesh,452001,Central,IND-PRD-10325,Clothing,Stole,Stole - Grade Premium,480.0,2,0.15,-96.0,1,2018,7,Jul,Q3,Sunday,2018-07,2018-Q3,-20.0,240.0,576.0,288.0,Loss-Making (<0%),Moderate Discount (1-20%)
B-25709,2018-07-01,2018-07-04,India Post Parcel,IND-CUST-1105,Aakanksha,Consumer,India,Indore,Madhya Pradesh,452001,Central,IND-PRD-10326,Clothing,Saree,Saree - Grade B,495.0,7,0.1,-144.0,3,2018,7,Jul,Q3,Sunday,2018-07,2018-Q3,-29.09090909090909,70.71428571428571,639.0,91.28571428571429,Loss-Making (<0%),Moderate Discount (1-20%)
B-25709,2018-07-01,2018-07-06,Standard Express,IND-CUST-1105,Aakanksha,Consumer,India,Indore,Madhya Pradesh,452001,Central,IND-PRD-10327,Furniture,Chairs,Chairs - Grade B,615.0,1,0.0,-72.0,5,2018,7,Jul,Q3,Sunday,2018-07,2018-Q3,-11.707317073170733,615.0,687.0,687.0,Loss-Making (<0%),No Discount (0%)
B-25710,2018-07-05,2018-07-07,Standard Express,IND-CUST-1106,Megha,Corporate,India,Pune,Maharashtra,411001,West,IND-PRD-10328,Furniture,Furnishings,Furnishings - Grade A,3240.0,6,0.25,-456.0,2,2018,7,Jul,Q3,Thursday,2018-07,2018-Q3,-14.074074074074074,540.0,3696.0,616.0,Loss-Making (<0%),High Discount (>20%)
B-25710,2018-07-05,2018-07-07,Standard Express,IND-CUST-1106,Megha,Consumer,India,Pune,Maharashtra,411001,West,IND-PRD-10329,Furniture,Furnishings,Furnishings - Grade Premium,9240.0,7,0.1,-828.0,2,2018,7,Jul,Q3,Thursday,2018-07,2018-Q3,-8.96103896103896,1320.0,10068.0,1438.2857142857142,Loss-Making (<0%),Moderate Discount (1-20%)
B-25710,2018-07-05,2018-07-08,BlueDart Express,IND-CUST-1106,Megha,Corporate,India,Pune,Maharashtra,411001,West,IND-PRD-10330,Clothing,Leggings,Leggings - Grade A,150.0,1,0.0,-12.0,3,2018,7,Jul,Q3,Thursday,2018-07,2018-Q3,-8.0,150.0,162.0,162.0,Loss-Making (<0%),No Discount (0%)
B-25710,2018-07-05,2018-07-07,Same Day Delivery,IND-CUST-1106,Megha,Consumer,India,Pune,Maharashtra,411001,West,IND-PRD-10331,Clothing,Skirt,Skirt - Grade A,375.0,4,0.05,0.0,2,2018,7,Jul,Q3,Thursday,2018-07,2018-Q3,0.0,93.75,375.0,93.75,Moderate Margin (0-20%),Moderate Discount (1-20%)
B-25710,2018-07-05,2018-07-06,Standard Express,IND-CUST-1106,Megha,Consumer,India,Pune,Maharashtra,411001,West,IND-PRD-10332,Clothing,T-shirt,T-shirt - Grade Premium,795.0,4,0.2,-216.0,1,2018,7,Jul,Q3,Thursday,2018-07,2018-Q3,-27.169811320754718,198.75,1011.0,252.75,Loss-Making (<0%),Moderate Discount (1-20%)
B-25710,2018-07-05,2018-07-10,India Post Parcel,IND-CUST-1106,Megha,Corporate,India,Pune,Maharashtra,411001,West,IND-PRD-10333,Clothing,T-shirt,T-shirt - Grade Premium,195.0,1,0.05,-96.0,5,2018,7,Jul,Q3,Thursday,2018-07,2018-Q3,-49.23076923076923,195.0,291.0,291.0,Loss-Making (<0%),Moderate Discount (1-20%)
B-25711,2018-07-06,2018-07-10,Standard Express,IND-CUST-1107,Sakshi,Consumer,India,Bhopal,Madhya Pradesh,400001,Central,IND-PRD-10334,Clothing,Hankerchief,Hankerchief - Grade Standard,1500.0,4,0.0,-696.0,4,2018,7,Jul,Q3,Friday,2018-07,2018-Q3,-46.400000000000006,375.0,2196.0,549.0,Loss-Making (<0%),No Discount (0%)
B-25712,2018-07-07,2018-07-09,India Post Parcel,IND-CUST-1108,Adhvaita,Consumer,India,Jaipur,Rajasthan,302001,North,IND-PRD-10335,Electronics,Phones,Phones - Grade Premium,2895.0,3,0.0,-3300.0,2,2018,7,Jul,Q3,Saturday,2018-07,2018-Q3,-113.98963730569949,965.0,6195.0,2065.0,Loss-Making (<0%),No Discount (0%)
B-25713,2018-07-08,2018-07-09,Standard Express,IND-CUST-1109,Raksha,Corporate,India,Kolkata,West Bengal,700001,East,IND-PRD-10336,Furniture,Chairs,Chairs - Grade B,2370.0,4,0.0,-756.0,1,2018,7,Jul,Q3,Sunday,2018-07,2018-Q3,-31.89873417721519,592.5,3126.0,781.5,Loss-Making (<0%),No Discount (0%)
B-25714,2018-07-09,2018-07-13,Standard Express,IND-CUST-1110,Stuti,Consumer,India,Bangalore,Karnataka,560001,South,IND-PRD-10337,Clothing,Hankerchief,Hankerchief - Grade Premium,165.0,2,0.15,-60.0,4,2018,7,Jul,Q3,Monday,2018-07,2018-Q3,-36.36363636363637,82.5,225.0,112.5,Loss-Making (<0%),Moderate Discount (1-20%)
B-25714,2018-07-09,2018-07-14,BlueDart Express,IND-CUST-1110,Stuti,Consumer,India,Bangalore,Karnataka,560001,South,IND-PRD-10338,Clothing,Shirt,Shirt - Grade Standard,5100.0,7,0.05,240.0,5,2018,7,Jul,Q3,Monday,2018-07,2018-Q3,4.705882352941177,728.5714285714286,4860.0,694.2857142857143,Moderate Margin (0-20%),Moderate Discount (1-20%)
B-25715,2018-07-10,2018-07-14,Standard Express,IND-CUST-1111,Srishti,Consumer,India,Kashmir,Jammu and Kashmir,400001,North,IND-PRD-10339,Electronics,Phones,Phones - Grade Standard,6240.0,3,0.0,1644.0,4,2018,7,Jul,Q3,Tuesday,2018-07,2018-Q3,26.346153846153847,2080.0,4596.0,1532.0,High Margin (>20%),No Discount (0%)
B-25716,2018-07-11,2018-07-12,Standard Express,IND-CUST-1112,Surabhi,Small Business,India,Chennai,Tamil Nadu,600001,South,IND-PRD-10340,Clothing,Saree,Saree - Grade Standard,870.0,4,0.0,0.0,1,2018,7,Jul,Q3,Wednesday,2018-07,2018-Q3,0.0,217.5,870.0,217.5,Moderate Margin (0-20%),No Discount (0%)
B-25717,2018-07-12,2018-07-16,Standard Express,IND-CUST-1113,Manshul,Corporate,India,Lucknow,Uttar Pradesh,226001,North,IND-PRD-10341,Clothing,Saree,Saree - Grade Premium,8415.0,3,0.05,2544.0,4,2018,7,Jul,Q3,Thursday,2018-07,2018-Q3,30.231729055258466,2805.0,5871.0,1957.0,High Margin (>20%),Moderate Discount (1-20%)
B-25717,2018-07-12,2018-07-15,Same Day Delivery,IND-CUST-1113,Manshul,Corporate,India,Lucknow,Uttar Pradesh,226001,North,IND-PRD-10342,Clothing,Saree,Saree - Grade Premium,2070.0,5,0.25,-36.0,3,2018,7,Jul,Q3,Thursday,2018-07,2018-Q3,-1.7391304347826086,414.0,2106.0,421.2,Loss-Making (<0%),High Discount (>20%)
B-25717,2018-07-12,2018-07-16,BlueDart Express,IND-CUST-1113,Manshul,Corporate,India,Lucknow,Uttar Pradesh,226001,North,IND-PRD-10343,Clothing,Shirt,Shirt - Grade A,1350.0,3,0.05,204.0,4,2018,7,Jul,Q3,Thursday,2018-07,2018-Q3,15.11111111111111,450.0,1146.0,382.0,Moderate Margin (0-20%),Moderate Discount (1-20%)
B-25717,2018-07-12,2018-07-14,Standard Express,IND-CUST-1113,Manshul,Consumer,India,Lucknow,Uttar Pradesh,226001,North,IND-PRD-10344,Furniture,Chairs,Chairs - Grade A,825.0,2,0.3,-396.0,2,2018,7,Jul,Q3,Thursday,2018-07,2018-Q3,-48.0,412.5,1221.0,610.5,Loss-Making (<0%),High Discount (>20%)
B-25718,2018-07-12,2018-07-14,BlueDart Express,IND-CUST-1066,Anjali,Consumer,India,Mumbai,Maharashtra,400001,West,IND-PRD-10345,Furniture,Bookcases,Bookcases - Grade B,5565.0,1,0.05,1380.0,2,2018,7,Jul,Q3,Thursday,2018-07,2018-Q3,24.797843665768195,5565.0,4185.0,4185.0,High Margin (>20%),Moderate Discount (1-20%)
B-25718,2018-07-12,2018-07-15,BlueDart Express,IND-CUST-1066,Anjali,Corporate,India,Mumbai,Maharashtra,400001,West,IND-PRD-10346,Furniture,Bookcases,Bookcases - Grade A,6900.0,3,0.0,372.0,3,2018,7,Jul,Q3,Thursday,2018-07,2018-Q3,5.391304347826087,2300.0,6528.0,2176.0,Moderate Margin (0-20%),No Discount (0%)
B-25719,2018-07-12,2018-07-13,Standard Express,IND-CUST-1089,Rashmi,Consumer,India,Indore,Madhya Pradesh,452001,Central,IND-PRD-10347,Clothing,Stole,Stole - Grade B,435.0,2,0.2,120.0,1,2018,7,Jul,Q3,Thursday,2018-07,2018-Q3,27.586206896551722,217.5,315.0,157.5,High Margin (>20%),Moderate Discount (1-20%)
B-25720,2018-07-15,2018-07-17,Standard Express,IND-CUST-1114,Namrata,Consumer,India,Chandigarh,Punjab,400001,North,IND-PRD-10348,Furniture,Chairs,Chairs - Grade Standard,450.0,1,0.05,-420.0,2,2018,7,Jul,Q3,Sunday,2018-07,2018-Q3,-93.33333333333333,450.0,870.0,870.0,Loss-Making (<0%),Moderate Discount (1-20%)
B-25721,2018-07-16,2018-07-21,Standard Express,IND-CUST-1115,Anchal,Consumer,India,Chandigarh,Haryana,400001,North,IND-PRD-10349,Clothing,Skirt,Skirt - Grade A,435.0,7,0.15,-216.0,5,2018,7,Jul,Q3,Monday,2018-07,2018-Q3,-49.6551724137931,62.142857142857146,651.0,93.0,Loss-Making (<0%),Moderate Discount (1-20%)
B-25721,2018-07-16,2018-07-18,Standard Express,IND-CUST-1115,Anchal,Consumer,India,Chandigarh,Haryana,400001,North,IND-PRD-10350,Clothing,Shirt,Shirt - Grade Premium,2865.0,5,0.3,612.0,2,2018,7,Jul,Q3,Monday,2018-07,2018-Q3,21.36125654450262,573.0,2253.0,450.6,High Margin (>20%),High Discount (>20%)
B-25721,2018-07-16,2018-07-18,BlueDart Express,IND-CUST-1115,Anchal,Small Business,India,Chandigarh,Haryana,400001,North,IND-PRD-10351,Electronics,Phones,Phones - Grade A,2235.0,2,0.0,-480.0,2,2018,7,Jul,Q3,Monday,2018-07,2018-Q3,-21.476510067114095,1117.5,2715.0,1357.5,Loss-Making (<0%),No Discount (0%)
B-25722,2018-07-17,2018-07-18,Standard Express,IND-CUST-1116,Inderpreet,Consumer,India,Simla,Himachal Pradesh,400001,Central,IND-PRD-10352,Clothing,Stole,Stole - Grade B,720.0,8,0.0,-96.0,1,2018,7,Jul,Q3,Tuesday,2018-07,2018-Q3,-13.333333333333334,90.0,816.0,102.0,Loss-Making (<0%),No Discount (0%)
B-25723,2018-07-18,2018-07-22,BlueDart Express,IND-CUST-1117,Wale,Consumer,India,Mumbai,Maharashtra,400001,West,IND-PRD-10353,Clothing,Stole,Stole - Grade A,390.0,1,0.15,-288.0,4,2018,7,Jul,Q3,Wednesday,2018-07,2018-Q3,-73.84615384615385,390.0,678.0,678.0,Loss-Making (<0%),Moderate Discount (1-20%)
B-25723,2018-07-18,2018-07-20,BlueDart Express,IND-CUST-1117,Wale,Consumer,India,Mumbai,Maharashtra,400001,West,IND-PRD-10354,Clothing,Stole,Stole - Grade Standard,240.0,2,0.0,-144.0,2,2018,7,Jul,Q3,Wednesday,2018-07,2018-Q3,-60.0,120.0,384.0,192.0,Loss-Making (<0%),No Discount (0%)
B-25723,2018-07-18,2018-07-21,Standard Express,IND-CUST-1117,Wale,Small Business,India,Mumbai,Maharashtra,400001,West,IND-PRD-10355,Clothing,Leggings,Leggings - Grade Premium,180.0,2,0.0,-84.0,3,2018,7,Jul,Q3,Wednesday,2018-07,2018-Q3,-46.666666666666664,90.0,264.0,132.0,Loss-Making (<0%),No Discount (0%)
B-25723,2018-07-18,2018-07-22,BlueDart Express,IND-CUST-1117,Wale,Consumer,India,Mumbai,Maharashtra,400001,West,IND-PRD-10356,Electronics,Electronic Games,Electronic Games - Grade B,1140.0,3,0.0,-648.0,4,2018,7,Jul,Q3,Wednesday,2018-07,2018-Q3,-56.84210526315789,380.0,1788.0,596.0,Loss-Making (<0%),No Discount (0%)
B-25724,2018-07-19,2018-07-24,Standard Express,IND-CUST-1083,Sheetal,Consumer,India,Indore,Madhya Pradesh,452001,Central,IND-PRD-10357,Furniture,Bookcases,Bookcases - Grade Premium,2520.0,2,0.0,-612.0,5,2018,7,Jul,Q3,Thursday,2018-07,2018-Q3,-24.285714285714285,1260.0,3132.0,1566.0,Loss-Making (<0%),No Discount (0%)
B-25725,2018-07-20,2018-07-21,India Post Parcel,IND-CUST-1118,Anisha,Corporate,India,Kohima,Nagaland,400001,Central,IND-PRD-10358,Clothing,Hankerchief,Hankerchief - Grade Premium,345.0,7,0.15,-60.0,1,2018,7,Jul,Q3,Friday,2018-07,2018-Q3,-17.391304347826086,49.285714285714285,405.0,57.857142857142854,Loss-Making (<0%),Moderate Discount (1-20%)
B-25725,2018-07-20,2018-07-25,BlueDart Express,IND-CUST-1118,Anisha,Corporate,India,Kohima,Nagaland,400001,Central,IND-PRD-10359,Clothing,Stole,Stole - Grade B,390.0,2,0.0,-60.0,5,2018,7,Jul,Q3,Friday,2018-07,2018-Q3,-15.384615384615385,195.0,450.0,225.0,Loss-Making (<0%),No Discount (0%)
B-25725,2018-07-20,2018-07-24,Same Day Delivery,IND-CUST-1118,Anisha,Consumer,India,Kohima,Nagaland,400001,Central,IND-PRD-10360,Electronics,Electronic Games,Electronic Games - Grade Premium,2160.0,4,0.05,-84.0,4,2018,7,Jul,Q3,Friday,2018-07,2018-Q3,-3.888888888888889,540.0,2244.0,561.0,Loss-Making (<0%),Moderate Discount (1-20%)
B-25726,2018-07-21,2018-07-25,BlueDart Express,IND-CUST-1119,Kiran,Consumer,India,Mumbai,Maharashtra,400001,West,IND-PRD-10361,Furniture,Bookcases,Bookcases - Grade Premium,7350.0,8,0.1,-1536.0,4,2018,7,Jul,Q3,Saturday,2018-07,2018-Q3,-20.89795918367347,918.75,8886.0,1110.75,Loss-Making (<0%),Moderate Discount (1-20%)
B-25727,2018-07-22,2018-07-26,Standard Express,IND-CUST-1120,Turumella,Consumer,India,Indore,Madhya Pradesh,452001,Central,IND-PRD-10362,Clothing,Leggings,Leggings - Grade A,855.0,6,0.05,-576.0,4,2018,7,Jul,Q3,Sunday,2018-07,2018-Q3,-67.36842105263158,142.5,1431.0,238.5,Loss-Making (<0%),Moderate Discount (1-20%)
B-25727,2018-07-22,2018-07-27,BlueDart Express,IND-CUST-1120,Turumella,Consumer,India,Indore,Madhya Pradesh,452001,Central,IND-PRD-10363,Clothing,Trousers,Trousers - Grade Premium,4905.0,4,0.0,1368.0,5,2018,7,Jul,Q3,Sunday,2018-07,2018-Q3,27.889908256880737,1226.25,3537.0,884.25,High Margin (>20%),No Discount (0%)
B-25728,2018-07-22,2018-07-26,India Post Parcel,IND-CUST-1121,Ameesha,Consumer,India,Pune,Maharashtra,411001,West,IND-PRD-10364,Electronics,Printers,Printers - Grade Premium,15825.0,4,0.15,3168.0,4,2018,7,Jul,Q3,Sunday,2018-07,2018-Q3,20.018957345971565,3956.25,12657.0,3164.25,High Margin (>20%),Moderate Discount (1-20%)
B-25728,2018-07-22,2018-07-27,BlueDart Express,IND-CUST-1121,Ameesha,Consumer,India,Pune,Maharashtra,411001,West,IND-PRD-10365,Electronics,Phones,Phones - Grade Premium,11565.0,2,0.0,-5088.0,5,2018,7,Jul,Q3,Sunday,2018-07,2018-Q3,-43.99481193255512,5782.5,16653.0,8326.5,Loss-Making (<0%),No Discount (0%)
B-25728,2018-07-22,2018-07-26,Same Day Delivery,IND-CUST-1121,Ameesha,Consumer,India,Pune,Maharashtra,411001,West,IND-PRD-10366,Clothing,Saree,Saree - Grade Premium,4830.0,4,0.15,-1356.0,4,2018,7,Jul,Q3,Sunday,2018-07,2018-Q3,-28.074534161490682,1207.5,6186.0,1546.5,Loss-Making (<0%),Moderate Discount (1-20%)
B-25729,2018-07-22,2018-07-25,Same Day Delivery,IND-CUST-1122,Madhulika,Consumer,India,Bhopal,Madhya Pradesh,400001,Central,IND-PRD-10367,Electronics,Phones,Phones - Grade B,23235.0,4,0.2,-5268.0,3,2018,7,Jul,Q3,Sunday,2018-07,2018-Q3,-22.672692059393157,5808.75,28503.0,7125.75,Loss-Making (<0%),Moderate Discount (1-20%)
B-25730,2018-07-22,2018-07-26,Standard Express,IND-CUST-1123,Rishabh,Corporate,India,Jaipur,Rajasthan,302001,North,IND-PRD-10368,Electronics,Phones,Phones - Grade Standard,17175.0,3,0.05,-8472.0,4,2018,7,Jul,Q3,Sunday,2018-07,2018-Q3,-49.32751091703057,5725.0,25647.0,8549.0,Loss-Making (<0%),Moderate Discount (1-20%)
B-25730,2018-07-22,2018-07-27,Standard Express,IND-CUST-1123,Rishabh,Small Business,India,Jaipur,Rajasthan,302001,North,IND-PRD-10369,Furniture,Chairs,Chairs - Grade A,7095.0,4,0.1,504.0,5,2018,7,Jul,Q3,Sunday,2018-07,2018-Q3,7.103594080338266,1773.75,6591.0,1647.75,Moderate Margin (0-20%),Moderate Discount (1-20%)
B-25730,2018-07-22,2018-07-24,BlueDart Express,IND-CUST-1123,Rishabh,Corporate,India,Jaipur,Rajasthan,302001,North,IND-PRD-10370,Clothing,Stole,Stole - Grade Premium,1440.0,5,0.05,264.0,2,2018,7,Jul,Q3,Sunday,2018-07,2018-Q3,18.333333333333332,288.0,1176.0,235.2,Moderate Margin (0-20%),Moderate Discount (1-20%)
B-25730,2018-07-22,2018-07-26,Standard Express,IND-CUST-1123,Rishabh,Consumer,India,Jaipur,Rajasthan,302001,North,IND-PRD-10371,Clothing,Hankerchief,Hankerchief - Grade Premium,270.0,2,0.05,96.0,4,2018,7,Jul,Q3,Sunday,2018-07,2018-Q3,35.55555555555556,135.0,174.0,87.0,High Margin (>20%),Moderate Discount (1-20%)
B-25730,2018-07-22,2018-07-24,Same Day Delivery,IND-CUST-1123,Rishabh,Consumer,India,Jaipur,Rajasthan,302001,North,IND-PRD-10372,Electronics,Accessories,Accessories - Grade B,2805.0,4,0.2,360.0,2,2018,7,Jul,Q3,Sunday,2018-07,2018-Q3,12.834224598930483,701.25,2445.0,611.25,Moderate Margin (0-20%),Moderate Discount (1-20%)
B-25730,2018-07-22,2018-07-25,India Post Parcel,IND-CUST-1123,Rishabh,Small Business,India,Jaipur,Rajasthan,302001,North,IND-PRD-10373,Furniture,Chairs,Chairs - Grade Standard,1245.0,3,0.2,-972.0,3,2018,7,Jul,Q3,Sunday,2018-07,2018-Q3,-78.07228915662651,415.0,2217.0,739.0,Loss-Making (<0%),Moderate Discount (1-20%)
B-25731,2018-07-26,2018-07-27,Standard Express,IND-CUST-1124,Akash,Consumer,India,Kolkata,West Bengal,700001,East,IND-PRD-10374,Furniture,Furnishings,Furnishings - Grade Premium,1965.0,8,0.05,-1848.0,1,2018,7,Jul,Q3,Thursday,2018-07,2018-Q3,-94.04580152671755,245.625,3813.0,476.625,Loss-Making (<0%),Moderate Discount (1-20%)
B-25732,2018-07-27,2018-07-30,Standard Express,IND-CUST-1125,Anubhaw,Consumer,India,Bangalore,Karnataka,560001,South,IND-PRD-10375,Clothing,Stole,Stole - Grade B,240.0,2,0.1,-60.0,3,2018,7,Jul,Q3,Friday,2018-07,2018-Q3,-25.0,120.0,300.0,150.0,Loss-Making (<0%),Moderate Discount (1-20%)
B-25733,2018-07-28,2018-08-01,Same Day Delivery,IND-CUST-1126,Dhirajendu,Corporate,India,Mumbai,Maharashtra,400001,West,IND-PRD-10376,Clothing,Stole,Stole - Grade A,645.0,7,0.2,-516.0,4,2018,7,Jul,Q3,Saturday,2018-07,2018-Q3,-80.0,92.14285714285714,1161.0,165.85714285714286,Loss-Making (<0%),Moderate Discount (1-20%)
B-25733,2018-07-28,2018-07-30,Standard Express,IND-CUST-1126,Dhirajendu,Corporate,India,Mumbai,Maharashtra,400001,West,IND-PRD-10377,Clothing,Stole,Stole - Grade A,450.0,2,0.25,-120.0,2,2018,7,Jul,Q3,Saturday,2018-07,2018-Q3,-26.666666666666668,225.0,570.0,285.0,Loss-Making (<0%),High Discount (>20%)
B-25733,2018-07-28,2018-07-30,Same Day Delivery,IND-CUST-1126,Dhirajendu,Corporate,India,Mumbai,Maharashtra,400001,West,IND-PRD-10378,Clothing,Hankerchief,Hankerchief - Grade Premium,345.0,4,0.1,-72.0,2,2018,7,Jul,Q3,Saturday,2018-07,2018-Q3,-20.869565217391305,86.25,417.0,104.25,Loss-Making (<0%),Moderate Discount (1-20%)
B-25734,2018-07-29,2018-08-03,Standard Express,IND-CUST-1127,Pranav,Consumer,India,Indore,Madhya Pradesh,452001,Central,IND-PRD-10379,Electronics,Electronic Games,Electronic Games - Grade Premium,1620.0,3,0.05,-228.0,5,2018,7,Jul,Q3,Sunday,2018-07,2018-Q3,-14.074074074074074,540.0,1848.0,616.0,Loss-Making (<0%),Moderate Discount (1-20%)
B-25735,2018-07-30,2018-08-01,BlueDart Express,IND-CUST-1128,Arindam,Consumer,India,Lucknow,Uttar Pradesh,226001,North,IND-PRD-10380,Clothing,Hankerchief,Hankerchief - Grade Standard,180.0,3,0.0,-24.0,2,2018,7,Jul,Q3,Monday,2018-07,2018-Q3,-13.333333333333334,60.0,204.0,68.0,Loss-Making (<0%),No Discount (0%)
B-25735,2018-07-30,2018-08-04,Standard Express,IND-CUST-1128,Arindam,Small Business,India,Lucknow,Uttar Pradesh,226001,North,IND-PRD-10381,Clothing,Skirt,Skirt - Grade Standard,105.0,2,0.25,-12.0,5,2018,7,Jul,Q3,Monday,2018-07,2018-Q3,-11.428571428571429,52.5,117.0,58.5,Loss-Making (<0%),High Discount (>20%)
B-25735,2018-07-30,2018-07-31,BlueDart Express,IND-CUST-1128,Arindam,Consumer,India,Lucknow,Uttar Pradesh,226001,North,IND-PRD-10382,Clothing,Hankerchief,Hankerchief - Grade Premium,225.0,1,0.0,-84.0,1,2018,7,Jul,Q3,Monday,2018-07,2018-Q3,-37.333333333333336,225.0,309.0,309.0,Loss-Making (<0%),No Discount (0%)
B-25736,2018-07-31,2018-08-04,BlueDart Express,IND-CUST-1129,Akshat,Corporate,India,Mumbai,Maharashtra,400001,West,IND-PRD-10383,Clothing,Skirt,Skirt - Grade B,465.0,5,0.1,-84.0,4,2018,7,Jul,Q3,Tuesday,2018-07,2018-Q3,-18.064516129032256,93.0,549.0,109.8,Loss-Making (<0%),Moderate Discount (1-20%)
B-25737,2018-08-01,2018-08-06,BlueDart Express,IND-CUST-1130,Shubham,Corporate,India,Indore,Madhya Pradesh,452001,Central,IND-PRD-10384,Clothing,Trousers,Trousers - Grade Standard,2805.0,3,0.0,-180.0,5,2018,8,Aug,Q3,Wednesday,2018-08,2018-Q3,-6.417112299465241,935.0,2985.0,995.0,Loss-Making (<0%),No Discount (0%)
B-25738,2018-08-02,2018-08-03,Standard Express,IND-CUST-1131,Ayush,Corporate,India,Chandigarh,Punjab,400001,North,IND-PRD-10385,Furniture,Furnishings,Furnishings - Grade Premium,1050.0,2,0.0,-168.0,1,2018,8,Aug,Q3,Thursday,2018-08,2018-Q3,-16.0,525.0,1218.0,609.0,Loss-Making (<0%),No Discount (0%)
B-25738,2018-08-02,2018-08-04,BlueDart Express,IND-CUST-1131,Ayush,Consumer,India,Chandigarh,Punjab,400001,North,IND-PRD-10386,Clothing,Saree,Saree - Grade Standard,1080.0,3,0.05,-72.0,2,2018,8,Aug,Q3,Thursday,2018-08,2018-Q3,-6.666666666666667,360.0,1152.0,384.0,Loss-Making (<0%),Moderate Discount (1-20%)
B-25738,2018-08-02,2018-08-04,Same Day Delivery,IND-CUST-1131,Ayush,Consumer,India,Chandigarh,Punjab,400001,North,IND-PRD-10387,Clothing,Saree,Saree - Grade Premium,16035.0,6,0.3,0.0,2,2018,8,Aug,Q3,Thursday,2018-08,2018-Q3,0.0,2672.5,16035.0,2672.5,Moderate Margin (0-20%),High Discount (>20%)
B-25738,2018-08-02,2018-08-03,Standard Express,IND-CUST-1131,Ayush,Corporate,India,Chandigarh,Punjab,400001,North,IND-PRD-10388,Electronics,Phones,Phones - Grade A,2220.0,2,0.0,-1092.0,1,2018,8,Aug,Q3,Thursday,2018-08,2018-Q3,-49.18918918918919,1110.0,3312.0,1656.0,Loss-Making (<0%),No Discount (0%)
B-25739,2018-08-03,2018-08-05,Standard Express,IND-CUST-1132,Daksh,Small Business,India,Chandigarh,Haryana,400001,North,IND-PRD-10389,Furniture,Chairs,Chairs - Grade Premium,1995.0,2,0.1,-672.0,2,2018,8,Aug,Q3,Friday,2018-08,2018-Q3,-33.68421052631579,997.5,2667.0,1333.5,Loss-Making (<0%),Moderate Discount (1-20%)
B-25740,2018-08-03,2018-08-04,Standard Express,IND-CUST-1133,Rane,Small Business,India,Mumbai,Maharashtra,400001,West,IND-PRD-10390,Clothing,Stole,Stole - Grade A,600.0,3,0.0,-444.0,1,2018,8,Aug,Q3,Friday,2018-08,2018-Q3,-74.0,200.0,1044.0,348.0,Loss-Making (<0%),No Discount (0%)
B-25740,2018-08-03,2018-08-08,BlueDart Express,IND-CUST-1133,Rane,Consumer,India,Mumbai,Maharashtra,400001,West,IND-PRD-10391,Clothing,Skirt,Skirt - Grade Standard,105.0,2,0.0,0.0,5,2018,8,Aug,Q3,Friday,2018-08,2018-Q3,0.0,52.5,105.0,52.5,Moderate Margin (0-20%),No Discount (0%)
B-25740,2018-08-03,2018-08-08,BlueDart Express,IND-CUST-1133,Rane,Consumer,India,Mumbai,Maharashtra,400001,West,IND-PRD-10392,Clothing,Saree,Saree - Grade Premium,870.0,2,0.05,-96.0,5,2018,8,Aug,Q3,Friday,2018-08,2018-Q3,-11.03448275862069,435.0,966.0,483.0,Loss-Making (<0%),Moderate Discount (1-20%)
B-25741,2018-08-03,2018-08-04,BlueDart Express,IND-CUST-1134,Navdeep,Small Business,India,Indore,Madhya Pradesh,452001,Central,IND-PRD-10393,Electronics,Electronic Games,Electronic Games - Grade Standard,7230.0,7,0.1,-72.0,1,2018,8,Aug,Q3,Friday,2018-08,2018-Q3,-0.9958506224066389,1032.857142857143,7302.0,1043.142857142857,Loss-Making (<0%),Moderate Discount (1-20%)
B-25742,2018-08-03,2018-08-08,Standard Express,IND-CUST-1135,Ashwin,Corporate,India,Goa,Goa,400001,West,IND-PRD-10394,Clothing,Skirt,Skirt - Grade A,165.0,2,0.0,-96.0,5,2018,8,Aug,Q3,Friday,2018-08,2018-Q3,-58.18181818181818,82.5,261.0,130.5,Loss-Making (<0%),No Discount (0%)
B-25743,2018-08-07,2018-08-12,Standard Express,IND-CUST-1136,Aman,Small Business,India,Kohima,Nagaland,400001,Central,IND-PRD-10395,Clothing,Saree,Saree - Grade Premium,2145.0,5,0.05,-1488.0,5,2018,8,Aug,Q3,Tuesday,2018-08,2018-Q3,-69.37062937062936,429.0,3633.0,726.6,Loss-Making (<0%),Moderate Discount (1-20%)
B-25743,2018-08-07,2018-08-12,BlueDart Express,IND-CUST-1136,Aman,Consumer,India,Kohima,Nagaland,400001,Central,IND-PRD-10396,Clothing,Saree,Saree - Grade Standard,135.0,1,0.0,-60.0,5,2018,8,Aug,Q3,Tuesday,2018-08,2018-Q3,-44.44444444444444,135.0,195.0,195.0,Loss-Making (<0%),No Discount (0%)
B-25743,2018-08-07,2018-08-10,BlueDart Express,IND-CUST-1136,Aman,Corporate,India,Kohima,Nagaland,400001,Central,IND-PRD-10397,Clothing,Trousers,Trousers - Grade A,7545.0,2,0.05,-672.0,3,2018,8,Aug,Q3,Tuesday,2018-08,2018-Q3,-8.906560636182903,3772.5,8217.0,4108.5,Loss-Making (<0%),Moderate Discount (1-20%)
B-25743,2018-08-07,2018-08-11,India Post Parcel,IND-CUST-1136,Aman,Corporate,India,Kohima,Nagaland,400001,Central,IND-PRD-10398,Clothing,Stole,Stole - Grade Standard,1110.0,3,0.25,-612.0,4,2018,8,Aug,Q3,Tuesday,2018-08,2018-Q3,-55.13513513513514,370.0,1722.0,574.0,Loss-Making (<0%),High Discount (>20%)
B-25743,2018-08-07,2018-08-09,Standard Express,IND-CUST-1136,Aman,Corporate,India,Kohima,Nagaland,400001,Central,IND-PRD-10399,Clothing,Hankerchief,Hankerchief - Grade B,840.0,4,0.25,0.0,2,2018,8,Aug,Q3,Tuesday,2018-08,2018-Q3,0.0,210.0,840.0,210.0,Moderate Margin (0-20%),High Discount (>20%)
B-25744,2018-08-08,2018-08-11,BlueDart Express,IND-CUST-1137,Devendra,Consumer,India,Hyderabad,Andhra Pradesh,500001,South,IND-PRD-10400,Electronics,Printers,Printers - Grade A,5595.0,6,0.05,-3048.0,3,2018,8,Aug,Q3,Wednesday,2018-08,2018-Q3,-54.47721179624665,932.5,8643.0,1440.5,Loss-Making (<0%),Moderate Discount (1-20%)
B-25745,2018-08-09,2018-08-14,Standard Express,IND-CUST-1138,Kartik,Consumer,India,Ahmedabad,Gujarat,380001,West,IND-PRD-10401,Clothing,Stole,Stole - Grade A,660.0,3,0.1,-96.0,5,2018,8,Aug,Q3,Thursday,2018-08,2018-Q3,-14.545454545454545,220.0,756.0,252.0,Loss-Making (<0%),Moderate Discount (1-20%)
B-25745,2018-08-09,2018-08-10,Standard Express,IND-CUST-1138,Kartik,Corporate,India,Ahmedabad,Gujarat,380001,West,IND-PRD-10402,Clothing,Saree,Saree - Grade A,4440.0,11,0.2,-2700.0,1,2018,8,Aug,Q3,Thursday,2018-08,2018-Q3,-60.810810810810814,403.6363636363636,7140.0,649.0909090909091,Loss-Making (<0%),Moderate Discount (1-20%)
B-25745,2018-08-09,2018-08-14,BlueDart Express,IND-CUST-1138,Kartik,Consumer,India,Ahmedabad,Gujarat,380001,West,IND-PRD-10403,Furniture,Bookcases,Bookcases - Grade Premium,10050.0,5,0.0,180.0,5,2018,8,Aug,Q3,Thursday,2018-08,2018-Q3,1.791044776119403,2010.0,9870.0,1974.0,Moderate Margin (0-20%),No Discount (0%)
B-25745,2018-08-09,2018-08-13,BlueDart Express,IND-CUST-1138,Kartik,Consumer,India,Ahmedabad,Gujarat,380001,West,IND-PRD-10404,Furniture,Furnishings,Furnishings - Grade Premium,1980.0,5,0.15,-948.0,4,2018,8,Aug,Q3,Thursday,2018-08,2018-Q3,-47.878787878787875,396.0,2928.0,585.6,Loss-Making (<0%),Moderate Discount (1-20%)
B-25746,2018-08-10,2018-08-15,India Post Parcel,IND-CUST-1139,Shivam,Small Business,India,Pune,Maharashtra,411001,West,IND-PRD-10405,Clothing,Saree,Saree - Grade Premium,1305.0,2,0.25,192.0,5,2018,8,Aug,Q3,Friday,2018-08,2018-Q3,14.71264367816092,652.5,1113.0,556.5,Moderate Margin (0-20%),High Discount (>20%)
B-25747,2018-08-11,2018-08-12,Standard Express,IND-CUST-1140,Harsh,Consumer,India,Bhopal,Madhya Pradesh,400001,Central,IND-PRD-10406,Furniture,Bookcases,Bookcases - Grade B,13155.0,2,0.0,4740.0,1,2018,8,Aug,Q3,Saturday,2018-08,2018-Q3,36.03192702394527,6577.5,8415.0,4207.5,High Margin (>20%),No Discount (0%)
B-25748,2018-08-12,2018-08-16,Standard Express,IND-CUST-1141,Nitant,Corporate,India,Jaipur,Rajasthan,302001,North,IND-PRD-10407,Clothing,Shirt,Shirt - Grade B,2115.0,4,0.0,120.0,4,2018,8,Aug,Q3,Sunday,2018-08,2018-Q3,5.673758865248227,528.75,1995.0,498.75,Moderate Margin (0-20%),No Discount (0%)
B-25748,2018-08-12,2018-08-17,BlueDart Express,IND-CUST-1141,Nitant,Consumer,India,Jaipur,Rajasthan,302001,North,IND-PRD-10408,Electronics,Phones,Phones - Grade A,3360.0,3,0.25,696.0,5,2018,8,Aug,Q3,Sunday,2018-08,2018-Q3,20.714285714285715,1120.0,2664.0,888.0,High Margin (>20%),High Discount (>20%)
B-25748,2018-08-12,2018-08-16,BlueDart Express,IND-CUST-1141,Nitant,Corporate,India,Jaipur,Rajasthan,302001,North,IND-PRD-10409,Clothing,Leggings,Leggings - Grade B,120.0,2,0.1,-12.0,4,2018,8,Aug,Q3,Sunday,2018-08,2018-Q3,-10.0,60.0,132.0,66.0,Loss-Making (<0%),Moderate Discount (1-20%)
B-25748,2018-08-12,2018-08-14,Standard Express,IND-CUST-1141,Nitant,Small Business,India,Jaipur,Rajasthan,302001,North,IND-PRD-10410,Electronics,Electronic Games,Electronic Games - Grade Standard,705.0,2,0.0,-252.0,2,2018,8,Aug,Q3,Sunday,2018-08,2018-Q3,-35.74468085106383,352.5,957.0,478.5,Loss-Making (<0%),No Discount (0%)
B-25749,2018-08-13,2018-08-15,Standard Express,IND-CUST-1131,Ayush,Consumer,India,Mumbai,Maharashtra,400001,West,IND-PRD-10411,Furniture,Bookcases,Bookcases - Grade A,15780.0,3,0.0,-984.0,2,2018,8,Aug,Q3,Monday,2018-08,2018-Q3,-6.23574144486692,5260.0,16764.0,5588.0,Loss-Making (<0%),No Discount (0%)
B-25750,2018-08-14,2018-08-19,Standard Express,IND-CUST-1142,Priyanshu,Consumer,India,Indore,Madhya Pradesh,452001,Central,IND-PRD-10412,Furniture,Chairs,Chairs - Grade A,3180.0,2,0.05,-288.0,5,2018,8,Aug,Q3,Tuesday,2018-08,2018-Q3,-9.056603773584905,1590.0,3468.0,1734.0,Loss-Making (<0%),Moderate Discount (1-20%)
B-25750,2018-08-14,2018-08-18,Same Day Delivery,IND-CUST-1142,Priyanshu,Consumer,India,Indore,Madhya Pradesh,452001,Central,IND-PRD-10413,Clothing,Skirt,Skirt - Grade Standard,630.0,12,0.1,-180.0,4,2018,8,Aug,Q3,Tuesday,2018-08,2018-Q3,-28.57142857142857,52.5,810.0,67.5,Loss-Making (<0%),Moderate Discount (1-20%)
B-25750,2018-08-14,2018-08-15,Standard Express,IND-CUST-1142,Priyanshu,Consumer,India,Indore,Madhya Pradesh,452001,Central,IND-PRD-10414,Clothing,Saree,Saree - Grade A,3120.0,2,0.15,-300.0,1,2018,8,Aug,Q3,Tuesday,2018-08,2018-Q3,-9.615384615384617,1560.0,3420.0,1710.0,Loss-Making (<0%),Moderate Discount (1-20%)
B-25750,2018-08-14,2018-08-19,Standard Express,IND-CUST-1142,Priyanshu,Corporate,India,Indore,Madhya Pradesh,452001,Central,IND-PRD-10415,Clothing,Stole,Stole - Grade B,330.0,3,0.3,-144.0,5,2018,8,Aug,Q3,Tuesday,2018-08,2018-Q3,-43.63636363636363,110.0,474.0,158.0,Loss-Making (<0%),High Discount (>20%)
B-25750,2018-08-14,2018-08-16,Standard Express,IND-CUST-1142,Priyanshu,Small Business,India,Indore,Madhya Pradesh,452001,Central,IND-PRD-10416,Furniture,Furnishings,Furnishings - Grade Premium,8085.0,7,0.0,-1752.0,2,2018,8,Aug,Q3,Tuesday,2018-08,2018-Q3,-21.669758812615957,1155.0,9837.0,1405.2857142857142,Loss-Making (<0%),No Discount (0%)
B-25750,2018-08-14,2018-08-16,Standard Express,IND-CUST-1142,Priyanshu,Consumer,India,Indore,Madhya Pradesh,452001,Central,IND-PRD-10417,Furniture,Furnishings,Furnishings - Grade Standard,1170.0,2,0.1,-72.0,2,2018,8,Aug,Q3,Tuesday,2018-08,2018-Q3,-6.153846153846154,585.0,1242.0,621.0,Loss-Making (<0%),Moderate Discount (1-20%)
B-25750,2018-08-14,2018-08-19,Standard Express,IND-CUST-1142,Priyanshu,Consumer,India,Indore,Madhya Pradesh,452001,Central,IND-PRD-10418,Clothing,Saree,Saree - Grade B,300.0,2,0.1,-216.0,5,2018,8,Aug,Q3,Tuesday,2018-08,2018-Q3,-72.0,150.0,516.0,258.0,Loss-Making (<0%),Moderate Discount (1-20%)
B-25750,2018-08-14,2018-08-18,BlueDart Express,IND-CUST-1142,Priyanshu,Consumer,India,Indore,Madhya Pradesh,452001,Central,IND-PRD-10419,Clothing,Shirt,Shirt - Grade Standard,285.0,1,0.05,-12.0,4,2018,8,Aug,Q3,Tuesday,2018-08,2018-Q3,-4.2105263157894735,285.0,297.0,297.0,Loss-Making (<0%),Moderate Discount (1-20%)
B-25750,2018-08-14,2018-08-16,Standard Express,IND-CUST-1142,Priyanshu,Corporate,India,Indore,Madhya Pradesh,452001,Central,IND-PRD-10420,Furniture,Bookcases,Bookcases - Grade Standard,1095.0,1,0.0,-372.0,2,2018,8,Aug,Q3,Tuesday,2018-08,2018-Q3,-33.97260273972603,1095.0,1467.0,1467.0,Loss-Making (<0%),No Discount (0%)
B-25751,2018-08-14,2018-08-18,Same Day Delivery,IND-CUST-1143,Nishant,Consumer,India,Mumbai,Maharashtra,400001,West,IND-PRD-10421,Clothing,Kurti,Kurti - Grade A,150.0,1,0.25,-96.0,4,2018,8,Aug,Q3,Tuesday,2018-08,2018-Q3,-64.0,150.0,246.0,246.0,Loss-Making (<0%),High Discount (>20%)
B-25751,2018-08-14,2018-08-16,Standard Express,IND-CUST-1143,Nishant,Corporate,India,Mumbai,Maharashtra,400001,West,IND-PRD-10422,Clothing,Leggings,Leggings - Grade A,210.0,2,0.2,-36.0,2,2018,8,Aug,Q3,Tuesday,2018-08,2018-Q3,-17.142857142857142,105.0,246.0,123.0,Loss-Making (<0%),Moderate Discount (1-20%)
B-25751,2018-08-14,2018-08-16,BlueDart Express,IND-CUST-1143,Nishant,Corporate,India,Mumbai,Maharashtra,400001,West,IND-PRD-10423,Electronics,Phones,Phones - Grade B,1020.0,2,0.05,-672.0,2,2018,8,Aug,Q3,Tuesday,2018-08,2018-Q3,-65.88235294117646,510.0,1692.0,846.0,Loss-Making (<0%),Moderate Discount (1-20%)
B-25751,2018-08-14,2018-08-17,Same Day Delivery,IND-CUST-1143,Nishant,Corporate,India,Mumbai,Maharashtra,400001,West,IND-PRD-10424,Electronics,Phones,Phones - Grade Standard,1590.0,2,0.1,0.0,3,2018,8,Aug,Q3,Tuesday,2018-08,2018-Q3,0.0,795.0,1590.0,795.0,Moderate Margin (0-20%),Moderate Discount (1-20%)
B-25751,2018-08-14,2018-08-16,BlueDart Express,IND-CUST-1143,Nishant,Consumer,India,Mumbai,Maharashtra,400001,West,IND-PRD-10425,Clothing,Saree,Saree - Grade A,645.0,2,0.0,-60.0,2,2018,8,Aug,Q3,Tuesday,2018-08,2018-Q3,-9.30232558139535,322.5,705.0,352.5,Loss-Making (<0%),No Discount (0%)
B-25751,2018-08-14,2018-08-15,BlueDart Express,IND-CUST-1143,Nishant,Corporate,India,Mumbai,Maharashtra,400001,West,IND-PRD-10426,Clothing,Shirt,Shirt - Grade A,645.0,3,0.1,252.0,1,2018,8,Aug,Q3,Tuesday,2018-08,2018-Q3,39.06976744186046,215.0,393.0,131.0,High Margin (>20%),Moderate Discount (1-20%)
B-25751,2018-08-14,2018-08-19,Standard Express,IND-CUST-1143,Nishant,Consumer,India,Mumbai,Maharashtra,400001,West,IND-PRD-10427,Electronics,Electronic Games,Electronic Games - Grade Standard,8010.0,2,0.1,60.0,5,2018,8,Aug,Q3,Tuesday,2018-08,2018-Q3,0.7490636704119851,4005.0,7950.0,3975.0,Moderate Margin (0-20%),Moderate Discount (1-20%)
B-25751,2018-08-14,2018-08-19,Standard Express,IND-CUST-1143,Nishant,Consumer,India,Mumbai,Maharashtra,400001,West,IND-PRD-10428,Clothing,Hankerchief,Hankerchief - Grade B,480.0,3,0.1,84.0,5,2018,8,Aug,Q3,Tuesday,2018-08,2018-Q3,17.5,160.0,396.0,132.0,Moderate Margin (0-20%),Moderate Discount (1-20%)
B-25751,2018-08-14,2018-08-18,BlueDart Express,IND-CUST-1143,Nishant,Small Business,India,Mumbai,Maharashtra,400001,West,IND-PRD-10429,Clothing,Hankerchief,Hankerchief - Grade B,975.0,6,0.3,-48.0,4,2018,8,Aug,Q3,Tuesday,2018-08,2018-Q3,-4.923076923076923,162.5,1023.0,170.5,Loss-Making (<0%),High Discount (>20%)
B-25751,2018-08-14,2018-08-16,India Post Parcel,IND-CUST-1143,Nishant,Corporate,India,Mumbai,Maharashtra,400001,West,IND-PRD-10430,Electronics,Electronic Games,Electronic Games - Grade Standard,3315.0,2,0.1,-180.0,2,2018,8,Aug,Q3,Tuesday,2018-08,2018-Q3,-5.429864253393665,1657.5,3495.0,1747.5,Loss-Making (<0%),Moderate Discount (1-20%)
B-25752,2018-08-14,2018-08-15,BlueDart Express,IND-CUST-1144,Vaibhav,Consumer,India,Indore,Madhya Pradesh,452001,Central,IND-PRD-10431,Furniture,Bookcases,Bookcases - Grade B,20415.0,9,0.05,2364.0,1,2018,8,Aug,Q3,Tuesday,2018-08,2018-Q3,11.579720793534166,2268.3333333333335,18051.0,2005.6666666666667,Moderate Margin (0-20%),Moderate Discount (1-20%)
B-25752,2018-08-14,2018-08-18,BlueDart Express,IND-CUST-1144,Vaibhav,Consumer,India,Indore,Madhya Pradesh,452001,Central,IND-PRD-10432,Electronics,Electronic Games,Electronic Games - Grade A,11415.0,9,0.15,3192.0,4,2018,8,Aug,Q3,Tuesday,2018-08,2018-Q3,27.963206307490147,1268.3333333333333,8223.0,913.6666666666666,High Margin (>20%),Moderate Discount (1-20%)
B-25752,2018-08-14,2018-08-17,BlueDart Express,IND-CUST-1144,Vaibhav,Consumer,India,Indore,Madhya Pradesh,452001,Central,IND-PRD-10433,Clothing,Stole,Stole - Grade Standard,1140.0,5,0.0,324.0,3,2018,8,Aug,Q3,Tuesday,2018-08,2018-Q3,28.421052631578945,228.0,816.0,163.2,High Margin (>20%),No Discount (0%)
B-25752,2018-08-14,2018-08-18,BlueDart Express,IND-CUST-1144,Vaibhav,Consumer,India,Indore,Madhya Pradesh,452001,Central,IND-PRD-10434,Clothing,T-shirt,T-shirt - Grade A,1365.0,6,0.05,180.0,4,2018,8,Aug,Q3,Tuesday,2018-08,2018-Q3,13.186813186813188,227.5,1185.0,197.5,Moderate Margin (0-20%),Moderate Discount (1-20%)
B-25752,2018-08-14,2018-08-18,Standard Express,IND-CUST-1144,Vaibhav,Consumer,India,Indore,Madhya Pradesh,452001,Central,IND-PRD-10435,Clothing,Hankerchief,Hankerchief - Grade Premium,120.0,2,0.05,-24.0,4,2018,8,Aug,Q3,Tuesday,2018-08,2018-Q3,-20.0,60.0,144.0,72.0,Loss-Making (<0%),Moderate Discount (1-20%)
B-25752,2018-08-14,2018-08-16,BlueDart Express,IND-CUST-1144,Vaibhav,Consumer,India,Indore,Madhya Pradesh,452001,Central,IND-PRD-10436,Electronics,Printers,Printers - Grade Premium,11025.0,6,0.05,-2820.0,2,2018,8,Aug,Q3,Tuesday,2018-08,2018-Q3,-25.578231292517007,1837.5,13845.0,2307.5,Loss-Making (<0%),Moderate Discount (1-20%)
B-25752,2018-08-14,2018-08-17,India Post Parcel,IND-CUST-1144,Vaibhav,Consumer,India,Indore,Madhya Pradesh,452001,Central,IND-PRD-10437,Furniture,Chairs,Chairs - Grade B,495.0,1,0.15,-324.0,3,2018,8,Aug,Q3,Tuesday,2018-08,2018-Q3,-65.45454545454545,495.0,819.0,819.0,Loss-Making (<0%),Moderate Discount (1-20%)
B-25753,2018-08-17,2018-08-21,Standard Express,IND-CUST-1139,Shivam,Corporate,India,Lucknow,Uttar Pradesh,226001,North,IND-PRD-10438,Clothing,Kurti,Kurti - Grade Premium,930.0,5,0.05,-672.0,4,2018,8,Aug,Q3,Friday,2018-08,2018-Q3,-72.25806451612902,186.0,1602.0,320.4,Loss-Making (<0%),Moderate Discount (1-20%)
B-25753,2018-08-17,2018-08-18,BlueDart Express,IND-CUST-1139,Shivam,Corporate,India,Lucknow,Uttar Pradesh,226001,North,IND-PRD-10439,Clothing,Hankerchief,Hankerchief - Grade A,405.0,2,0.15,-240.0,1,2018,8,Aug,Q3,Friday,2018-08,2018-Q3,-59.25925925925925,202.5,645.0,322.5,Loss-Making (<0%),Moderate Discount (1-20%)
B-25753,2018-08-17,2018-08-18,Standard Express,IND-CUST-1139,Shivam,Corporate,India,Lucknow,Uttar Pradesh,226001,North,IND-PRD-10440,Electronics,Accessories,Accessories - Grade Premium,975.0,3,0.1,-624.0,1,2018,8,Aug,Q3,Friday,2018-08,2018-Q3,-64.0,325.0,1599.0,533.0,Loss-Making (<0%),Moderate Discount (1-20%)
B-25753,2018-08-17,2018-08-22,BlueDart Express,IND-CUST-1139,Shivam,Consumer,India,Lucknow,Uttar Pradesh,226001,North,IND-PRD-10441,Furniture,Furnishings,Furnishings - Grade A,705.0,5,0.05,-1368.0,5,2018,8,Aug,Q3,Friday,2018-08,2018-Q3,-194.04255319148936,141.0,2073.0,414.6,Loss-Making (<0%),Moderate Discount (1-20%)
B-25753,2018-08-17,2018-08-20,Standard Express,IND-CUST-1139,Shivam,Small Business,India,Lucknow,Uttar Pradesh,226001,North,IND-PRD-10442,Clothing,Trousers,Trousers - Grade B,5115.0,6,0.15,-1020.0,3,2018,8,Aug,Q3,Friday,2018-08,2018-Q3,-19.941348973607038,852.5,6135.0,1022.5,Loss-Making (<0%),Moderate Discount (1-20%)
B-25753,2018-08-17,2018-08-20,BlueDart Express,IND-CUST-1139,Shivam,Corporate,India,Lucknow,Uttar Pradesh,226001,North,IND-PRD-10443,Clothing,T-shirt,T-shirt - Grade B,1605.0,5,0.0,372.0,3,2018,8,Aug,Q3,Friday,2018-08,2018-Q3,23.177570093457945,321.0,1233.0,246.6,High Margin (>20%),No Discount (0%)
B-25753,2018-08-17,2018-08-22,Same Day Delivery,IND-CUST-1139,Shivam,Corporate,India,Lucknow,Uttar Pradesh,226001,North,IND-PRD-10444,Clothing,T-shirt,T-shirt - Grade A,2310.0,7,0.0,264.0,5,2018,8,Aug,Q3,Friday,2018-08,2018-Q3,11.428571428571429,330.0,2046.0,292.2857142857143,Moderate Margin (0-20%),No Discount (0%)
B-25753,2018-08-17,2018-08-21,Standard Express,IND-CUST-1139,Shivam,Corporate,India,Lucknow,Uttar Pradesh,226001,North,IND-PRD-10445,Electronics,Accessories,Accessories - Grade Premium,9300.0,6,0.1,984.0,4,2018,8,Aug,Q3,Friday,2018-08,2018-Q3,10.580645161290322,1550.0,8316.0,1386.0,Moderate Margin (0-20%),Moderate Discount (1-20%)
B-25753,2018-08-17,2018-08-20,BlueDart Express,IND-CUST-1139,Shivam,Small Business,India,Lucknow,Uttar Pradesh,226001,North,IND-PRD-10446,Clothing,Stole,Stole - Grade B,1155.0,8,0.0,-516.0,3,2018,8,Aug,Q3,Friday,2018-08,2018-Q3,-44.675324675324674,144.375,1671.0,208.875,Loss-Making (<0%),No Discount (0%)
B-25754,2018-08-18,2018-08-19,Same Day Delivery,IND-CUST-1145,Akshay,Consumer,India,Patna,Bihar,400001,East,IND-PRD-10447,Clothing,Kurti,Kurti - Grade Standard,1080.0,7,0.0,-552.0,1,2018,8,Aug,Q3,Saturday,2018-08,2018-Q3,-51.11111111111111,154.28571428571428,1632.0,233.14285714285714,Loss-Making (<0%),No Discount (0%)
B-25754,2018-08-18,2018-08-19,India Post Parcel,IND-CUST-1145,Akshay,Consumer,India,Patna,Bihar,400001,East,IND-PRD-10448,Clothing,Leggings,Leggings - Grade B,615.0,5,0.1,-168.0,1,2018,8,Aug,Q3,Saturday,2018-08,2018-Q3,-27.31707317073171,123.0,783.0,156.6,Loss-Making (<0%),Moderate Discount (1-20%)
B-25754,2018-08-18,2018-08-20,Standard Express,IND-CUST-1145,Akshay,Corporate,India,Patna,Bihar,400001,East,IND-PRD-10449,Clothing,Saree,Saree - Grade Premium,450.0,2,0.1,-276.0,2,2018,8,Aug,Q3,Saturday,2018-08,2018-Q3,-61.33333333333333,225.0,726.0,363.0,Loss-Making (<0%),Moderate Discount (1-20%)
B-25754,2018-08-18,2018-08-21,Standard Express,IND-CUST-1145,Akshay,Corporate,India,Patna,Bihar,400001,East,IND-PRD-10450,Clothing,Stole,Stole - Grade Standard,1395.0,4,0.05,-780.0,3,2018,8,Aug,Q3,Saturday,2018-08,2018-Q3,-55.91397849462365,348.75,2175.0,543.75,Loss-Making (<0%),Moderate Discount (1-20%)
B-25754,2018-08-18,2018-08-22,Standard Express,IND-CUST-1145,Akshay,Corporate,India,Patna,Bihar,400001,East,IND-PRD-10451,Clothing,Skirt,Skirt - Grade Premium,285.0,3,0.25,0.0,4,2018,8,Aug,Q3,Saturday,2018-08,2018-Q3,0.0,95.0,285.0,95.0,Moderate Margin (0-20%),High Discount (>20%)
B-25754,2018-08-18,2018-08-23,India Post Parcel,IND-CUST-1145,Akshay,Consumer,India,Patna,Bihar,400001,East,IND-PRD-10452,Clothing,Skirt,Skirt - Grade A,135.0,3,0.1,-12.0,5,2018,8,Aug,Q3,Saturday,2018-08,2018-Q3,-8.88888888888889,45.0,147.0,49.0,Loss-Making (<0%),Moderate Discount (1-20%)
B-25754,2018-08-18,2018-08-23,India Post Parcel,IND-CUST-1145,Akshay,Consumer,India,Patna,Bihar,400001,East,IND-PRD-10453,Clothing,Saree,Saree - Grade Standard,4785.0,5,0.2,-3744.0,5,2018,8,Aug,Q3,Saturday,2018-08,2018-Q3,-78.24451410658307,957.0,8529.0,1705.8,Loss-Making (<0%),Moderate Discount (1-20%)
B-25754,2018-08-18,2018-08-22,BlueDart Express,IND-CUST-1145,Akshay,Consumer,India,Patna,Bihar,400001,East,IND-PRD-10454,Electronics,Printers,Printers - Grade Premium,3930.0,2,0.0,-2580.0,4,2018,8,Aug,Q3,Saturday,2018-08,2018-Q3,-65.64885496183206,1965.0,6510.0,3255.0,Loss-Making (<0%),No Discount (0%)
B-25755,2018-08-19,2018-08-21,Same Day Delivery,IND-CUST-1146,Shourya,Small Business,India,Thiruvananthapuram,Kerala,400001,Central,IND-PRD-10455,Clothing,Saree,Saree - Grade Standard,555.0,3,0.1,-636.0,2,2018,8,Aug,Q3,Sunday,2018-08,2018-Q3,-114.5945945945946,185.0,1191.0,397.0,Loss-Making (<0%),Moderate Discount (1-20%)
B-25755,2018-08-19,2018-08-24,BlueDart Express,IND-CUST-1146,Shourya,Corporate,India,Thiruvananthapuram,Kerala,400001,Central,IND-PRD-10456,Furniture,Bookcases,Bookcases - Grade Premium,3855.0,2,0.2,-36.0,5,2018,8,Aug,Q3,Sunday,2018-08,2018-Q3,-0.933852140077821,1927.5,3891.0,1945.5,Loss-Making (<0%),Moderate Discount (1-20%)
B-25755,2018-08-19,2018-08-22,BlueDart Express,IND-CUST-1146,Shourya,Consumer,India,Thiruvananthapuram,Kerala,400001,Central,IND-PRD-10457,Clothing,Stole,Stole - Grade Standard,1200.0,5,0.1,-228.0,3,2018,8,Aug,Q3,Sunday,2018-08,2018-Q3,-19.0,240.0,1428.0,285.6,Loss-Making (<0%),Moderate Discount (1-20%)
B-25755,2018-08-19,2018-08-21,Standard Express,IND-CUST-1146,Shourya,Consumer,India,Thiruvananthapuram,Kerala,400001,Central,IND-PRD-10458,Clothing,Saree,Saree - Grade Premium,4815.0,5,0.15,-3780.0,2,2018,8,Aug,Q3,Sunday,2018-08,2018-Q3,-78.50467289719626,963.0,8595.0,1719.0,Loss-Making (<0%),Moderate Discount (1-20%)
B-25755,2018-08-19,2018-08-22,Same Day Delivery,IND-CUST-1146,Shourya,Consumer,India,Thiruvananthapuram,Kerala,400001,Central,IND-PRD-10459,Clothing,Stole,Stole - Grade A,705.0,2,0.05,-36.0,3,2018,8,Aug,Q3,Sunday,2018-08,2018-Q3,-5.106382978723404,352.5,741.0,370.5,Loss-Making (<0%),Moderate Discount (1-20%)
B-25755,2018-08-19,2018-08-20,Standard Express,IND-CUST-1146,Shourya,Small Business,India,Thiruvananthapuram,Kerala,400001,Central,IND-PRD-10460,Furniture,Bookcases,Bookcases - Grade Standard,8895.0,4,0.0,2556.0,1,2018,8,Aug,Q3,Sunday,2018-08,2018-Q3,28.735244519392918,2223.75,6339.0,1584.75,High Margin (>20%),No Discount (0%)
B-25755,2018-08-19,2018-08-21,Same Day Delivery,IND-CUST-1146,Shourya,Corporate,India,Thiruvananthapuram,Kerala,400001,Central,IND-PRD-10461,Furniture,Chairs,Chairs - Grade Standard,2010.0,2,0.05,-408.0,2,2018,8,Aug,Q3,Sunday,2018-08,2018-Q3,-20.298507462686565,1005.0,2418.0,1209.0,Loss-Making (<0%),Moderate Discount (1-20%)
B-25755,2018-08-19,2018-08-24,Same Day Delivery,IND-CUST-1146,Shourya,Corporate,India,Thiruvananthapuram,Kerala,400001,Central,IND-PRD-10462,Clothing,Trousers,Trousers - Grade Standard,25635.0,3,0.05,6768.0,5,2018,8,Aug,Q3,Sunday,2018-08,2018-Q3,26.401404330017552,8545.0,18867.0,6289.0,High Margin (>20%),Moderate Discount (1-20%)
B-25755,2018-08-19,2018-08-21,BlueDart Express,IND-CUST-1146,Shourya,Consumer,India,Thiruvananthapuram,Kerala,400001,Central,IND-PRD-10463,Clothing,Saree,Saree - Grade Standard,405.0,2,0.2,48.0,2,2018,8,Aug,Q3,Sunday,2018-08,2018-Q3,11.851851851851853,202.5,357.0,178.5,Moderate Margin (0-20%),Moderate Discount (1-20%)
B-25756,2018-08-20,2018-08-22,Standard Express,IND-CUST-1147,Mohan,Corporate,India,Mumbai,Maharashtra,400001,West,IND-PRD-10464,Electronics,Phones,Phones - Grade A,6975.0,4,0.0,-396.0,2,2018,8,Aug,Q3,Monday,2018-08,2018-Q3,-5.67741935483871,1743.75,7371.0,1842.75,Loss-Making (<0%),No Discount (0%)
B-25756,2018-08-20,2018-08-22,Standard Express,IND-CUST-1147,Mohan,Consumer,India,Mumbai,Maharashtra,400001,West,IND-PRD-10465,Electronics,Printers,Printers - Grade Standard,9645.0,2,0.25,-540.0,2,2018,8,Aug,Q3,Monday,2018-08,2018-Q3,-5.598755832037325,4822.5,10185.0,5092.5,Loss-Making (<0%),High Discount (>20%)
B-25756,2018-08-20,2018-08-22,Standard Express,IND-CUST-1147,Mohan,Corporate,India,Mumbai,Maharashtra,400001,West,IND-PRD-10466,Furniture,Bookcases,Bookcases - Grade B,3060.0,3,0.25,-3312.0,2,2018,8,Aug,Q3,Monday,2018-08,2018-Q3,-108.23529411764706,1020.0,6372.0,2124.0,Loss-Making (<0%),High Discount (>20%)
B-25756,2018-08-20,2018-08-23,Standard Express,IND-CUST-1147,Mohan,Consumer,India,Mumbai,Maharashtra,400001,West,IND-PRD-10467,Furniture,Bookcases,Bookcases - Grade A,10935.0,5,0.0,-5904.0,3,2018,8,Aug,Q3,Monday,2018-08,2018-Q3,-53.991769547325106,2187.0,16839.0,3367.8,Loss-Making (<0%),No Discount (0%)
B-25756,2018-08-20,2018-08-21,Standard Express,IND-CUST-1147,Mohan,Consumer,India,Mumbai,Maharashtra,400001,West,IND-PRD-10468,Clothing,Leggings,Leggings - Grade B,435.0,4,0.05,-288.0,1,2018,8,Aug,Q3,Monday,2018-08,2018-Q3,-66.20689655172414,108.75,723.0,180.75,Loss-Making (<0%),Moderate Discount (1-20%)
B-25757,2018-08-21,2018-08-25,India Post Parcel,IND-CUST-1148,Mohit,Corporate,India,Indore,Madhya Pradesh,452001,Central,IND-PRD-10469,Clothing,Skirt,Skirt - Grade Standard,255.0,4,0.2,-156.0,4,2018,8,Aug,Q3,Tuesday,2018-08,2018-Q3,-61.1764705882353,63.75,411.0,102.75,Loss-Making (<0%),Moderate Discount (1-20%)
B-25757,2018-08-21,2018-08-23,BlueDart Express,IND-CUST-1148,Mohit,Small Business,India,Indore,Madhya Pradesh,452001,Central,IND-PRD-10470,Clothing,T-shirt,T-shirt - Grade Premium,510.0,5,0.25,-132.0,2,2018,8,Aug,Q3,Tuesday,2018-08,2018-Q3,-25.882352941176475,102.0,642.0,128.4,Loss-Making (<0%),High Discount (>20%)
B-25757,2018-08-21,2018-08-26,Standard Express,IND-CUST-1148,Mohit,Consumer,India,Indore,Madhya Pradesh,452001,Central,IND-PRD-10471,Furniture,Furnishings,Furnishings - Grade B,1470.0,2,0.05,108.0,5,2018,8,Aug,Q3,Tuesday,2018-08,2018-Q3,7.346938775510205,735.0,1362.0,681.0,Moderate Margin (0-20%),Moderate Discount (1-20%)
B-25757,2018-08-21,2018-08-23,Standard Express,IND-CUST-1148,Mohit,Corporate,India,Indore,Madhya Pradesh,452001,Central,IND-PRD-10472,Clothing,Trousers,Trousers - Grade Standard,47265.0,7,0.05,-420.0,2,2018,8,Aug,Q3,Tuesday,2018-08,2018-Q3,-0.8886067914947636,6752.142857142857,47685.0,6812.142857142857,Loss-Making (<0%),Moderate Discount (1-20%)
B-25757,2018-08-21,2018-08-26,Standard Express,IND-CUST-1148,Mohit,Consumer,India,Indore,Madhya Pradesh,452001,Central,IND-PRD-10473,Clothing,Stole,Stole - Grade B,795.0,2,0.1,180.0,5,2018,8,Aug,Q3,Tuesday,2018-08,2018-Q3,22.641509433962266,397.5,615.0,307.5,High Margin (>20%),Moderate Discount (1-20%)
B-25757,2018-08-21,2018-08-24,BlueDart Express,IND-CUST-1148,Mohit,Consumer,India,Indore,Madhya Pradesh,452001,Central,IND-PRD-10474,Clothing,Stole,Stole - Grade Standard,2475.0,3,0.1,360.0,3,2018,8,Aug,Q3,Tuesday,2018-08,2018-Q3,14.545454545454545,825.0,2115.0,705.0,Moderate Margin (0-20%),Moderate Discount (1-20%)
B-25757,2018-08-21,2018-08-26,BlueDart Express,IND-CUST-1148,Mohit,Consumer,India,Indore,Madhya Pradesh,452001,Central,IND-PRD-10475,Clothing,Stole,Stole - Grade Standard,3165.0,8,0.0,228.0,5,2018,8,Aug,Q3,Tuesday,2018-08,2018-Q3,7.203791469194313,395.625,2937.0,367.125,Moderate Margin (0-20%),No Discount (0%)
B-25757,2018-08-21,2018-08-25,India Post Parcel,IND-CUST-1148,Mohit,Consumer,India,Indore,Madhya Pradesh,452001,Central,IND-PRD-10476,Clothing,Hankerchief,Hankerchief - Grade Standard,1590.0,7,0.15,180.0,4,2018,8,Aug,Q3,Tuesday,2018-08,2018-Q3,11.320754716981133,227.14285714285714,1410.0,201.42857142857142,Moderate Margin (0-20%),Moderate Discount (1-20%)
B-25757,2018-08-21,2018-08-22,BlueDart Express,IND-CUST-1148,Mohit,Consumer,India,Indore,Madhya Pradesh,452001,Central,IND-PRD-10477,Clothing,Hankerchief,Hankerchief - Grade Premium,210.0,1,0.0,60.0,1,2018,8,Aug,Q3,Tuesday,2018-08,2018-Q3,28.57142857142857,210.0,150.0,150.0,High Margin (>20%),No Discount (0%)
B-25757,2018-08-21,2018-08-26,India Post Parcel,IND-CUST-1148,Mohit,Consumer,India,Indore,Madhya Pradesh,452001,Central,IND-PRD-10478,Clothing,Hankerchief,Hankerchief - Grade B,255.0,3,0.0,84.0,5,2018,8,Aug,Q3,Tuesday,2018-08,2018-Q3,32.94117647058823,85.0,171.0,57.0,High Margin (>20%),No Discount (0%)
B-25757,2018-08-21,2018-08-26,Same Day Delivery,IND-CUST-1148,Mohit,Consumer,India,Indore,Madhya Pradesh,452001,Central,IND-PRD-10479,Clothing,Skirt,Skirt - Grade A,690.0,5,0.05,168.0,5,2018,8,Aug,Q3,Tuesday,2018-08,2018-Q3,24.347826086956523,138.0,522.0,104.4,High Margin (>20%),Moderate Discount (1-20%)
B-25758,2018-08-22,2018-08-23,Standard Express,IND-CUST-1130,Shubham,Small Business,India,Simla,Himachal Pradesh,400001,Central,IND-PRD-10480,Clothing,Stole,Stole - Grade A,120.0,1,0.05,-24.0,1,2018,8,Aug,Q3,Wednesday,2018-08,2018-Q3,-20.0,120.0,144.0,144.0,Loss-Making (<0%),Moderate Discount (1-20%)
B-25759,2018-08-23,2018-08-27,India Post Parcel,IND-CUST-1149,Soumya,Consumer,India,Gangtok,Sikkim,400001,Central,IND-PRD-10481,Clothing,Hankerchief,Hankerchief - Grade A,300.0,6,0.05,-108.0,4,2018,8,Aug,Q3,Thursday,2018-08,2018-Q3,-36.0,50.0,408.0,68.0,Loss-Making (<0%),Moderate Discount (1-20%)
B-25760,2018-08-24,2018-08-26,Standard Express,IND-CUST-1027,Pooja,Corporate,India,Goa,Goa,400001,West,IND-PRD-10482,Electronics,Printers,Printers - Grade A,4830.0,5,0.05,-2316.0,2,2018,8,Aug,Q3,Friday,2018-08,2018-Q3,-47.95031055900621,966.0,7146.0,1429.2,Loss-Making (<0%),Moderate Discount (1-20%)
B-25761,2018-08-25,2018-08-30,Same Day Delivery,IND-CUST-1112,Surabhi,Consumer,India,Mumbai,Maharashtra,400001,West,IND-PRD-10483,Furniture,Bookcases,Bookcases - Grade Standard,32820.0,5,0.05,12600.0,5,2018,8,Aug,Q3,Saturday,2018-08,2018-Q3,38.391224862888485,6564.0,20220.0,4044.0,High Margin (>20%),Moderate Discount (1-20%)
B-25761,2018-08-25,2018-08-26,Standard Express,IND-CUST-1112,Surabhi,Corporate,India,Mumbai,Maharashtra,400001,West,IND-PRD-10484,Electronics,Electronic Games,Electronic Games - Grade B,4920.0,3,0.0,-180.0,1,2018,8,Aug,Q3,Saturday,2018-08,2018-Q3,-3.6585365853658534,1640.0,5100.0,1700.0,Loss-Making (<0%),No Discount (0%)
B-25761,2018-08-25,2018-08-28,Same Day Delivery,IND-CUST-1112,Surabhi,Consumer,India,Mumbai,Maharashtra,400001,West,IND-PRD-10485,Electronics,Phones,Phones - Grade B,6270.0,7,0.05,840.0,3,2018,8,Aug,Q3,Saturday,2018-08,2018-Q3,13.397129186602871,895.7142857142857,5430.0,775.7142857142857,Moderate Margin (0-20%),Moderate Discount (1-20%)
B-25761,2018-08-25,2018-08-26,Same Day Delivery,IND-CUST-1112,Surabhi,Consumer,India,Mumbai,Maharashtra,400001,West,IND-PRD-10486,Clothing,Saree,Saree - Grade Premium,600.0,3,0.25,0.0,1,2018,8,Aug,Q3,Saturday,2018-08,2018-Q3,0.0,200.0,600.0,200.0,Moderate Margin (0-20%),High Discount (>20%)
B-25761,2018-08-25,2018-08-28,Same Day Delivery,IND-CUST-1112,Surabhi,Consumer,India,Mumbai,Maharashtra,400001,West,IND-PRD-10487,Clothing,Saree,Saree - Grade B,1530.0,1,0.05,-1080.0,3,2018,8,Aug,Q3,Saturday,2018-08,2018-Q3,-70.58823529411765,1530.0,2610.0,2610.0,Loss-Making (<0%),Moderate Discount (1-20%)
B-25761,2018-08-25,2018-08-29,Same Day Delivery,IND-CUST-1112,Surabhi,Consumer,India,Mumbai,Maharashtra,400001,West,IND-PRD-10488,Electronics,Electronic Games,Electronic Games - Grade B,3945.0,9,0.05,-372.0,4,2018,8,Aug,Q3,Saturday,2018-08,2018-Q3,-9.429657794676807,438.3333333333333,4317.0,479.6666666666667,Loss-Making (<0%),Moderate Discount (1-20%)
B-25762,2018-08-26,2018-08-28,Standard Express,IND-CUST-1150,Anudeep,Consumer,India,Indore,Madhya Pradesh,452001,Central,IND-PRD-10489,Electronics,Electronic Games,Electronic Games - Grade B,19740.0,7,0.1,-6324.0,2,2018,8,Aug,Q3,Sunday,2018-08,2018-Q3,-32.036474164133736,2820.0,26064.0,3723.4285714285716,Loss-Making (<0%),Moderate Discount (1-20%)
B-25762,2018-08-26,2018-08-27,Standard Express,IND-CUST-1150,Anudeep,Corporate,India,Indore,Madhya Pradesh,452001,Central,IND-PRD-10490,Clothing,Skirt,Skirt - Grade Premium,405.0,3,0.3,48.0,1,2018,8,Aug,Q3,Sunday,2018-08,2018-Q3,11.851851851851853,135.0,357.0,119.0,Moderate Margin (0-20%),High Discount (>20%)
B-25762,2018-08-26,2018-08-31,Standard Express,IND-CUST-1150,Anudeep,Small Business,India,Indore,Madhya Pradesh,452001,Central,IND-PRD-10491,Clothing,Saree,Saree - Grade A,1470.0,2,0.0,-60.0,5,2018,8,Aug,Q3,Sunday,2018-08,2018-Q3,-4.081632653061225,735.0,1530.0,765.0,Loss-Making (<0%),No Discount (0%)
B-25763,2018-08-27,2018-08-31,Standard Express,IND-CUST-1151,Noshiba,Corporate,India,Ahmedabad,Gujarat,380001,West,IND-PRD-10492,Furniture,Chairs,Chairs - Grade B,870.0,3,0.1,-624.0,4,2018,8,Aug,Q3,Monday,2018-08,2018-Q3,-71.72413793103448,290.0,1494.0,498.0,Loss-Making (<0%),Moderate Discount (1-20%)
B-25764,2018-08-28,2018-08-29,BlueDart Express,IND-CUST-1152,Sanjova,Corporate,India,Pune,Maharashtra,411001,West,IND-PRD-10493,Clothing,T-shirt,T-shirt - Grade Premium,1785.0,5,0.15,516.0,1,2018,8,Aug,Q3,Tuesday,2018-08,2018-Q3,28.907563025210088,357.0,1269.0,253.8,High Margin (>20%),Moderate Discount (1-20%)
B-25764,2018-08-28,2018-09-02,Standard Express,IND-CUST-1152,Sanjova,Consumer,India,Pune,Maharashtra,411001,West,IND-PRD-10494,Electronics,Phones,Phones - Grade Premium,11475.0,2,0.1,-1836.0,5,2018,8,Aug,Q3,Tuesday,2018-08,2018-Q3,-16.0,5737.5,13311.0,6655.5,Loss-Making (<0%),Moderate Discount (1-20%)
B-25764,2018-08-28,2018-08-29,India Post Parcel,IND-CUST-1152,Sanjova,Consumer,India,Pune,Maharashtra,411001,West,IND-PRD-10495,Clothing,Kurti,Kurti - Grade Standard,390.0,2,0.0,0.0,1,2018,8,Aug,Q3,Tuesday,2018-08,2018-Q3,0.0,195.0,390.0,195.0,Moderate Margin (0-20%),No Discount (0%)
B-25764,2018-08-28,2018-08-31,BlueDart Express,IND-CUST-1152,Sanjova,Consumer,India,Pune,Maharashtra,411001,West,IND-PRD-10496,Clothing,Saree,Saree - Grade Premium,360.0,2,0.1,-288.0,3,2018,8,Aug,Q3,Tuesday,2018-08,2018-Q3,-80.0,180.0,648.0,324.0,Loss-Making (<0%),Moderate Discount (1-20%)
B-25765,2018-08-29,2018-08-30,Same Day Delivery,IND-CUST-1153,Meghana,Consumer,India,Bhopal,Madhya Pradesh,400001,Central,IND-PRD-10497,Clothing,Stole,Stole - Grade A,2085.0,3,0.0,168.0,1,2018,8,Aug,Q3,Wednesday,2018-08,2018-Q3,8.057553956834532,695.0,1917.0,639.0,Moderate Margin (0-20%),No Discount (0%)
B-25766,2018-08-30,2018-08-31,Standard Express,IND-CUST-1112,Surabhi,Consumer,India,Jaipur,Rajasthan,302001,North,IND-PRD-10498,Clothing,Saree,Saree - Grade B,3300.0,2,0.1,-228.0,1,2018,8,Aug,Q3,Thursday,2018-08,2018-Q3,-6.909090909090909,1650.0,3528.0,1764.0,Loss-Making (<0%),Moderate Discount (1-20%)
B-25767,2018-08-31,2018-09-01,Same Day Delivery,IND-CUST-1154,Ashmeet,Consumer,India,Kolkata,West Bengal,700001,East,IND-PRD-10499,Electronics,Electronic Games,Electronic Games - Grade Premium,4485.0,3,0.15,-336.0,1,2018,8,Aug,Q3,Friday,2018-08,2018-Q3,-7.4916387959866215,1495.0,4821.0,1607.0,Loss-Making (<0%),Moderate Discount (1-20%)
B-25767,2018-08-31,2018-09-04,India Post Parcel,IND-CUST-1154,Ashmeet,Consumer,India,Kolkata,West Bengal,700001,East,IND-PRD-10500,Clothing,Kurti,Kurti - Grade A,135.0,2,0.0,-108.0,4,2018,8,Aug,Q3,Friday,2018-08,2018-Q3,-80.0,67.5,243.0,121.5,Loss-Making (<0%),No Discount (0%)
B-25767,2018-08-31,2018-09-01,BlueDart Express,IND-CUST-1154,Ashmeet,Consumer,India,Kolkata,West Bengal,700001,East,IND-PRD-10501,Electronics,Accessories,Accessories - Grade Premium,1110.0,2,0.15,-708.0,1,2018,8,Aug,Q3,Friday,2018-08,2018-Q3,-63.78378378378379,555.0,1818.0,909.0,Loss-Making (<0%),Moderate Discount (1-20%)
B-25767,2018-08-31,2018-09-05,BlueDart Express,IND-CUST-1154,Ashmeet,Corporate,India,Kolkata,West Bengal,700001,East,IND-PRD-10502,Clothing,Saree,Saree - Grade Premium,435.0,3,0.0,-36.0,5,2018,8,Aug,Q3,Friday,2018-08,2018-Q3,-8.275862068965518,145.0,471.0,157.0,Loss-Making (<0%),No Discount (0%)
B-25767,2018-08-31,2018-09-03,Same Day Delivery,IND-CUST-1154,Ashmeet,Corporate,India,Kolkata,West Bengal,700001,East,IND-PRD-10503,Clothing,Saree,Saree - Grade Premium,720.0,2,0.15,-264.0,3,2018,8,Aug,Q3,Friday,2018-08,2018-Q3,-36.666666666666664,360.0,984.0,492.0,Loss-Making (<0%),Moderate Discount (1-20%)
B-25768,2018-09-01,2018-09-04,Standard Express,IND-CUST-1155,Shreyoshe,Consumer,India,Bangalore,Karnataka,560001,South,IND-PRD-10504,Clothing,Trousers,Trousers - Grade Premium,23730.0,6,0.05,-5316.0,3,2018,9,Sep,Q3,Saturday,2018-09,2018-Q3,-22.402022756005056,3955.0,29046.0,4841.0,Loss-Making (<0%),Moderate Discount (1-20%)
B-25769,2018-09-02,2018-09-03,BlueDart Express,IND-CUST-1156,Surbhi,Small Business,India,Mumbai,Maharashtra,400001,West,IND-PRD-10505,Clothing,Saree,Saree - Grade Premium,5325.0,2,0.0,-48.0,1,2018,9,Sep,Q3,Sunday,2018-09,2018-Q3,-0.9014084507042254,2662.5,5373.0,2686.5,Loss-Making (<0%),No Discount (0%)
B-25770,2018-09-02,2018-09-06,Standard Express,IND-CUST-1107,Sakshi,Small Business,India,Indore,Madhya Pradesh,452001,Central,IND-PRD-10506,Furniture,Bookcases,Bookcases - Grade A,5625.0,3,0.0,2160.0,4,2018,9,Sep,Q3,Sunday,2018-09,2018-Q3,38.4,1875.0,3465.0,1155.0,High Margin (>20%),No Discount (0%)
B-25770,2018-09-02,2018-09-06,Standard Express,IND-CUST-1107,Sakshi,Consumer,India,Indore,Madhya Pradesh,452001,Central,IND-PRD-10507,Furniture,Bookcases,Bookcases - Grade B,4485.0,2,0.25,1356.0,4,2018,9,Sep,Q3,Sunday,2018-09,2018-Q3,30.234113712374583,2242.5,3129.0,1564.5,High Margin (>20%),High Discount (>20%)
B-25770,2018-09-02,2018-09-07,Standard Express,IND-CUST-1107,Sakshi,Consumer,India,Indore,Madhya Pradesh,452001,Central,IND-PRD-10508,Furniture,Chairs,Chairs - Grade B,4305.0,12,0.0,-3360.0,5,2018,9,Sep,Q3,Sunday,2018-09,2018-Q3,-78.04878048780488,358.75,7665.0,638.75,Loss-Making (<0%),No Discount (0%)
B-25770,2018-09-02,2018-09-03,Standard Express,IND-CUST-1107,Sakshi,Consumer,India,Indore,Madhya Pradesh,452001,Central,IND-PRD-10509,Furniture,Furnishings,Furnishings - Grade B,1650.0,1,0.0,420.0,1,2018,9,Sep,Q3,Sunday,2018-09,2018-Q3,25.454545454545453,1650.0,1230.0,1230.0,High Margin (>20%),No Discount (0%)
B-25771,2018-09-02,2018-09-05,Standard Express,IND-CUST-1157,Vaibhavi,Small Business,India,Lucknow,Uttar Pradesh,226001,North,IND-PRD-10510,Clothing,Hankerchief,Hankerchief - Grade B,2220.0,3,0.05,708.0,3,2018,9,Sep,Q3,Sunday,2018-09,2018-Q3,31.891891891891895,740.0,1512.0,504.0,High Margin (>20%),Moderate Discount (1-20%)
B-25772,2018-09-02,2018-09-06,Standard Express,IND-CUST-1158,Sanjana,Small Business,India,Patna,Bihar,400001,East,IND-PRD-10511,Electronics,Printers,Printers - Grade A,17745.0,4,0.1,1272.0,4,2018,9,Sep,Q3,Sunday,2018-09,2018-Q3,7.1682163989856305,4436.25,16473.0,4118.25,Moderate Margin (0-20%),Moderate Discount (1-20%)
B-25773,2018-09-06,2018-09-07,India Post Parcel,IND-CUST-1074,Shreya,Consumer,India,Thiruvananthapuram,Kerala,400001,Central,IND-PRD-10512,Furniture,Chairs,Chairs - Grade Standard,3720.0,3,0.1,-840.0,1,2018,9,Sep,Q3,Thursday,2018-09,2018-Q3,-22.58064516129032,1240.0,4560.0,1520.0,Loss-Making (<0%),Moderate Discount (1-20%)
B-25773,2018-09-06,2018-09-10,BlueDart Express,IND-CUST-1074,Shreya,Consumer,India,Thiruvananthapuram,Kerala,400001,Central,IND-PRD-10513,Clothing,Saree,Saree - Grade Standard,1275.0,4,0.0,-108.0,4,2018,9,Sep,Q3,Thursday,2018-09,2018-Q3,-8.470588235294118,318.75,1383.0,345.75,Loss-Making (<0%),No Discount (0%)
B-25773,2018-09-06,2018-09-10,India Post Parcel,IND-CUST-1074,Shreya,Corporate,India,Thiruvananthapuram,Kerala,400001,Central,IND-PRD-10514,Clothing,Saree,Saree - Grade A,360.0,2,0.0,-168.0,4,2018,9,Sep,Q3,Thursday,2018-09,2018-Q3,-46.666666666666664,180.0,528.0,264.0,Loss-Making (<0%),No Discount (0%)
B-25773,2018-09-06,2018-09-09,Standard Express,IND-CUST-1074,Shreya,Consumer,India,Thiruvananthapuram,Kerala,400001,Central,IND-PRD-10515,Electronics,Electronic Games,Electronic Games - Grade A,3135.0,2,0.0,-252.0,3,2018,9,Sep,Q3,Thursday,2018-09,2018-Q3,-8.038277511961722,1567.5,3387.0,1693.5,Loss-Making (<0%),No Discount (0%)
B-25773,2018-09-06,2018-09-08,Standard Express,IND-CUST-1074,Shreya,Consumer,India,Thiruvananthapuram,Kerala,400001,Central,IND-PRD-10516,Furniture,Chairs,Chairs - Grade Premium,3360.0,3,0.0,-1716.0,2,2018,9,Sep,Q3,Thursday,2018-09,2018-Q3,-51.07142857142857,1120.0,5076.0,1692.0,Loss-Making (<0%),No Discount (0%)
B-25774,2018-09-07,2018-09-12,BlueDart Express,IND-CUST-1159,Snehal,Small Business,India,Chandigarh,Punjab,400001,North,IND-PRD-10517,Furniture,Furnishings,Furnishings - Grade Premium,570.0,2,0.05,-72.0,5,2018,9,Sep,Q3,Friday,2018-09,2018-Q3,-12.631578947368421,285.0,642.0,321.0,Loss-Making (<0%),Moderate Discount (1-20%)
B-25775,2018-09-08,2018-09-13,Standard Express,IND-CUST-1160,Duhita,Corporate,India,Chandigarh,Haryana,400001,North,IND-PRD-10518,Clothing,Stole,Stole - Grade Premium,750.0,2,0.15,-204.0,5,2018,9,Sep,Q3,Saturday,2018-09,2018-Q3,-27.200000000000003,375.0,954.0,477.0,Loss-Making (<0%),Moderate Discount (1-20%)
B-25776,2018-09-09,2018-09-12,Standard Express,IND-CUST-1161,Mousam,Corporate,India,Mumbai,Maharashtra,400001,West,IND-PRD-10519,Clothing,Kurti,Kurti - Grade B,705.0,2,0.0,-240.0,3,2018,9,Sep,Q3,Sunday,2018-09,2018-Q3,-34.04255319148936,352.5,945.0,472.5,Loss-Making (<0%),No Discount (0%)
B-25777,2018-09-10,2018-09-14,BlueDart Express,IND-CUST-1162,Aditi,Small Business,India,Indore,Madhya Pradesh,452001,Central,IND-PRD-10520,Electronics,Accessories,Accessories - Grade Premium,915.0,4,0.05,-300.0,4,2018,9,Sep,Q3,Monday,2018-09,2018-Q3,-32.78688524590164,228.75,1215.0,303.75,Loss-Making (<0%),Moderate Discount (1-20%)
B-25777,2018-09-10,2018-09-11,Standard Express,IND-CUST-1162,Aditi,Corporate,India,Indore,Madhya Pradesh,452001,Central,IND-PRD-10521,Clothing,Kurti,Kurti - Grade Standard,1035.0,4,0.05,-804.0,1,2018,9,Sep,Q3,Monday,2018-09,2018-Q3,-77.68115942028986,258.75,1839.0,459.75,Loss-Making (<0%),Moderate Discount (1-20%)
B-25777,2018-09-10,2018-09-14,BlueDart Express,IND-CUST-1162,Aditi,Consumer,India,Indore,Madhya Pradesh,452001,Central,IND-PRD-10522,Clothing,T-shirt,T-shirt - Grade B,885.0,7,0.25,-552.0,4,2018,9,Sep,Q3,Monday,2018-09,2018-Q3,-62.37288135593221,126.42857142857143,1437.0,205.28571428571428,Loss-Making (<0%),High Discount (>20%)
B-25777,2018-09-10,2018-09-13,BlueDart Express,IND-CUST-1162,Aditi,Corporate,India,Indore,Madhya Pradesh,452001,Central,IND-PRD-10523,Clothing,Kurti,Kurti - Grade Premium,1755.0,6,0.25,204.0,3,2018,9,Sep,Q3,Monday,2018-09,2018-Q3,11.623931623931623,292.5,1551.0,258.5,Moderate Margin (0-20%),High Discount (>20%)
B-25777,2018-09-10,2018-09-15,Standard Express,IND-CUST-1162,Aditi,Consumer,India,Indore,Madhya Pradesh,452001,Central,IND-PRD-10524,Electronics,Printers,Printers - Grade B,16140.0,4,0.15,-456.0,5,2018,9,Sep,Q3,Monday,2018-09,2018-Q3,-2.825278810408922,4035.0,16596.0,4149.0,Loss-Making (<0%),Moderate Discount (1-20%)
B-25778,2018-09-11,2018-09-15,Standard Express,IND-CUST-1112,Surabhi,Corporate,India,Mumbai,Maharashtra,400001,West,IND-PRD-10525,Electronics,Printers,Printers - Grade Standard,22590.0,6,0.0,-3192.0,4,2018,9,Sep,Q3,Tuesday,2018-09,2018-Q3,-14.130146082337317,3765.0,25782.0,4297.0,Loss-Making (<0%),No Discount (0%)
B-25778,2018-09-11,2018-09-16,Same Day Delivery,IND-CUST-1112,Surabhi,Consumer,India,Mumbai,Maharashtra,400001,West,IND-PRD-10526,Clothing,Saree,Saree - Grade Premium,1635.0,6,0.0,-72.0,5,2018,9,Sep,Q3,Tuesday,2018-09,2018-Q3,-4.4036697247706424,272.5,1707.0,284.5,Loss-Making (<0%),No Discount (0%)
B-25778,2018-09-11,2018-09-12,BlueDart Express,IND-CUST-1112,Surabhi,Corporate,India,Mumbai,Maharashtra,400001,West,IND-PRD-10527,Clothing,Saree,Saree - Grade Standard,13995.0,5,0.05,1992.0,1,2018,9,Sep,Q3,Tuesday,2018-09,2018-Q3,14.233654876741694,2799.0,12003.0,2400.6,Moderate Margin (0-20%),Moderate Discount (1-20%)
B-25778,2018-09-11,2018-09-16,Standard Express,IND-CUST-1112,Surabhi,Consumer,India,Mumbai,Maharashtra,400001,West,IND-PRD-10528,Electronics,Electronic Games,Electronic Games - Grade Standard,10860.0,4,0.0,-5364.0,5,2018,9,Sep,Q3,Tuesday,2018-09,2018-Q3,-49.392265193370164,2715.0,16224.0,4056.0,Loss-Making (<0%),No Discount (0%)
B-25779,2018-09-12,2018-09-17,India Post Parcel,IND-CUST-1163,Savi,Consumer,India,Indore,Madhya Pradesh,452001,Central,IND-PRD-10529,Furniture,Tables,Tables - Grade Standard,20415.0,3,0.1,-11760.0,5,2018,9,Sep,Q3,Wednesday,2018-09,2018-Q3,-57.60470242468772,6805.0,32175.0,10725.0,Loss-Making (<0%),Moderate Discount (1-20%)
B-25780,2018-09-13,2018-09-15,Standard Express,IND-CUST-1164,Teena,Consumer,India,Hyderabad,Andhra Pradesh,500001,South,IND-PRD-10530,Electronics,Phones,Phones - Grade Premium,2055.0,3,0.15,-492.0,2,2018,9,Sep,Q3,Thursday,2018-09,2018-Q3,-23.94160583941606,685.0,2547.0,849.0,Loss-Making (<0%),Moderate Discount (1-20%)
B-25781,2018-09-14,2018-09-16,BlueDart Express,IND-CUST-1165,Rutuja,Consumer,India,Ahmedabad,Gujarat,380001,West,IND-PRD-10531,Clothing,Hankerchief,Hankerchief - Grade A,900.0,8,0.2,-588.0,2,2018,9,Sep,Q3,Friday,2018-09,2018-Q3,-65.33333333333333,112.5,1488.0,186.0,Loss-Making (<0%),Moderate Discount (1-20%)
B-25781,2018-09-14,2018-09-16,India Post Parcel,IND-CUST-1165,Rutuja,Corporate,India,Ahmedabad,Gujarat,380001,West,IND-PRD-10532,Clothing,T-shirt,T-shirt - Grade Premium,450.0,2,0.15,-300.0,2,2018,9,Sep,Q3,Friday,2018-09,2018-Q3,-66.66666666666666,225.0,750.0,375.0,Loss-Making (<0%),Moderate Discount (1-20%)
B-25781,2018-09-14,2018-09-19,Standard Express,IND-CUST-1165,Rutuja,Corporate,India,Ahmedabad,Gujarat,380001,West,IND-PRD-10533,Clothing,Trousers,Trousers - Grade Standard,11505.0,5,0.05,-4236.0,5,2018,9,Sep,Q3,Friday,2018-09,2018-Q3,-36.81877444589309,2301.0,15741.0,3148.2,Loss-Making (<0%),Moderate Discount (1-20%)
B-25781,2018-09-14,2018-09-17,Standard Express,IND-CUST-1165,Rutuja,Consumer,India,Ahmedabad,Gujarat,380001,West,IND-PRD-10534,Clothing,Stole,Stole - Grade Premium,675.0,2,0.1,-336.0,3,2018,9,Sep,Q3,Friday,2018-09,2018-Q3,-49.77777777777778,337.5,1011.0,505.5,Loss-Making (<0%),Moderate Discount (1-20%)
B-25781,2018-09-14,2018-09-19,Standard Express,IND-CUST-1165,Rutuja,Consumer,India,Ahmedabad,Gujarat,380001,West,IND-PRD-10535,Clothing,Kurti,Kurti - Grade Standard,375.0,4,0.05,-12.0,5,2018,9,Sep,Q3,Friday,2018-09,2018-Q3,-3.2,93.75,387.0,96.75,Loss-Making (<0%),Moderate Discount (1-20%)
B-25781,2018-09-14,2018-09-17,Standard Express,IND-CUST-1165,Rutuja,Consumer,India,Ahmedabad,Gujarat,380001,West,IND-PRD-10536,Electronics,Printers,Printers - Grade A,8760.0,7,0.0,-5328.0,3,2018,9,Sep,Q3,Friday,2018-09,2018-Q3,-60.82191780821918,1251.4285714285713,14088.0,2012.5714285714287,Loss-Making (<0%),No Discount (0%)
B-25782,2018-09-15,2018-09-18,Standard Express,IND-CUST-1079,Aayushi,Consumer,India,Mumbai,Maharashtra,400001,West,IND-PRD-10537,Furniture,Chairs,Chairs - Grade B,5025.0,7,0.15,-264.0,3,2018,9,Sep,Q3,Saturday,2018-09,2018-Q3,-5.253731343283582,717.8571428571429,5289.0,755.5714285714286,Loss-Making (<0%),Moderate Discount (1-20%)
B-25783,2018-09-15,2018-09-17,BlueDart Express,IND-CUST-1166,Shivangi,Consumer,India,Indore,Madhya Pradesh,452001,Central,IND-PRD-10538,Clothing,Stole,Stole - Grade A,375.0,1,0.0,-132.0,2,2018,9,Sep,Q3,Saturday,2018-09,2018-Q3,-35.199999999999996,375.0,507.0,507.0,Loss-Making (<0%),No Discount (0%)
B-25783,2018-09-15,2018-09-19,Standard Express,IND-CUST-1166,Shivangi,Small Business,India,Indore,Madhya Pradesh,452001,Central,IND-PRD-10539,Clothing,Hankerchief,Hankerchief - Grade A,450.0,2,0.05,-72.0,4,2018,9,Sep,Q3,Saturday,2018-09,2018-Q3,-16.0,225.0,522.0,261.0,Loss-Making (<0%),Moderate Discount (1-20%)
B-25783,2018-09-15,2018-09-16,BlueDart Express,IND-CUST-1166,Shivangi,Consumer,India,Indore,Madhya Pradesh,452001,Central,IND-PRD-10540,Clothing,Leggings,Leggings - Grade B,495.0,6,0.05,-120.0,1,2018,9,Sep,Q3,Saturday,2018-09,2018-Q3,-24.242424242424242,82.5,615.0,102.5,Loss-Making (<0%),Moderate Discount (1-20%)
B-25783,2018-09-15,2018-09-17,India Post Parcel,IND-CUST-1166,Shivangi,Consumer,India,Indore,Madhya Pradesh,452001,Central,IND-PRD-10541,Clothing,Shirt,Shirt - Grade Premium,315.0,3,0.1,-204.0,2,2018,9,Sep,Q3,Saturday,2018-09,2018-Q3,-64.76190476190476,105.0,519.0,173.0,Loss-Making (<0%),Moderate Discount (1-20%)
B-25783,2018-09-15,2018-09-17,Same Day Delivery,IND-CUST-1166,Shivangi,Consumer,India,Indore,Madhya Pradesh,452001,Central,IND-PRD-10542,Clothing,Hankerchief,Hankerchief - Grade B,390.0,2,0.15,24.0,2,2018,9,Sep,Q3,Saturday,2018-09,2018-Q3,6.153846153846154,195.0,366.0,183.0,Moderate Margin (0-20%),Moderate Discount (1-20%)
B-25784,2018-09-15,2018-09-19,BlueDart Express,IND-CUST-1167,Rohit,Consumer,India,Jaipur,Rajasthan,302001,North,IND-PRD-10543,Clothing,Hankerchief,Hankerchief - Grade Premium,225.0,1,0.05,48.0,4,2018,9,Sep,Q3,Saturday,2018-09,2018-Q3,21.333333333333336,225.0,177.0,177.0,High Margin (>20%),Moderate Discount (1-20%)
B-25785,2018-09-15,2018-09-16,Standard Express,IND-CUST-1131,Ayush,Consumer,India,Kolkata,West Bengal,700001,East,IND-PRD-10544,Clothing,Saree,Saree - Grade Premium,8925.0,3,0.15,3504.0,1,2018,9,Sep,Q3,Saturday,2018-09,2018-Q3,39.260504201680675,2975.0,5421.0,1807.0,High Margin (>20%),Moderate Discount (1-20%)
B-25785,2018-09-15,2018-09-20,BlueDart Express,IND-CUST-1131,Ayush,Corporate,India,Kolkata,West Bengal,700001,East,IND-PRD-10545,Clothing,T-shirt,T-shirt - Grade Standard,675.0,2,0.0,0.0,5,2018,9,Sep,Q3,Saturday,2018-09,2018-Q3,0.0,337.5,675.0,337.5,Moderate Margin (0-20%),No Discount (0%)
B-25785,2018-09-15,2018-09-20,BlueDart Express,IND-CUST-1131,Ayush,Consumer,India,Kolkata,West Bengal,700001,East,IND-PRD-10546,Clothing,Saree,Saree - Grade Standard,2880.0,3,0.05,-1752.0,5,2018,9,Sep,Q3,Saturday,2018-09,2018-Q3,-60.83333333333333,960.0,4632.0,1544.0,Loss-Making (<0%),Moderate Discount (1-20%)
B-25785,2018-09-15,2018-09-17,Standard Express,IND-CUST-1131,Ayush,Consumer,India,Kolkata,West Bengal,700001,East,IND-PRD-10547,Clothing,Saree,Saree - Grade B,390.0,3,0.15,-300.0,2,2018,9,Sep,Q3,Saturday,2018-09,2018-Q3,-76.92307692307693,130.0,690.0,230.0,Loss-Making (<0%),Moderate Discount (1-20%)
B-25786,2018-09-19,2018-09-20,Standard Express,IND-CUST-1168,Abhishek,Consumer,India,Bangalore,Karnataka,560001,South,IND-PRD-10548,Furniture,Bookcases,Bookcases - Grade A,27810.0,5,0.1,5196.0,1,2018,9,Sep,Q3,Wednesday,2018-09,2018-Q3,18.683926645091695,5562.0,22614.0,4522.8,Moderate Margin (0-20%),Moderate Discount (1-20%)
B-25786,2018-09-19,2018-09-21,Same Day Delivery,IND-CUST-1168,Abhishek,Consumer,India,Bangalore,Karnataka,560001,South,IND-PRD-10549,Furniture,Tables,Tables - Grade B,9345.0,3,0.3,-2304.0,2,2018,9,Sep,Q3,Wednesday,2018-09,2018-Q3,-24.654895666131623,3115.0,11649.0,3883.0,Loss-Making (<0%),High Discount (>20%)
B-25786,2018-09-19,2018-09-22,Standard Express,IND-CUST-1168,Abhishek,Consumer,India,Bangalore,Karnataka,560001,South,IND-PRD-10550,Clothing,Stole,Stole - Grade Premium,660.0,3,0.0,-408.0,3,2018,9,Sep,Q3,Wednesday,2018-09,2018-Q3,-61.81818181818181,220.0,1068.0,356.0,Loss-Making (<0%),No Discount (0%)
B-25786,2018-09-19,2018-09-21,Standard Express,IND-CUST-1168,Abhishek,Small Business,India,Bangalore,Karnataka,560001,South,IND-PRD-10551,Clothing,Skirt,Skirt - Grade Standard,255.0,3,0.1,-132.0,2,2018,9,Sep,Q3,Wednesday,2018-09,2018-Q3,-51.76470588235295,85.0,387.0,129.0,Loss-Making (<0%),Moderate Discount (1-20%)
B-25787,2018-09-20,2018-09-22,Standard Express,IND-CUST-1169,Asish,Corporate,India,Kashmir,Jammu and Kashmir,400001,North,IND-PRD-10552,Clothing,Saree,Saree - Grade B,8340.0,7,0.1,-2508.0,2,2018,9,Sep,Q3,Thursday,2018-09,2018-Q3,-30.071942446043167,1191.4285714285713,10848.0,1549.7142857142858,Loss-Making (<0%),Moderate Discount (1-20%)
B-25787,2018-09-20,2018-09-25,Standard Express,IND-CUST-1169,Asish,Corporate,India,Kashmir,Jammu and Kashmir,400001,North,IND-PRD-10553,Clothing,Shirt,Shirt - Grade B,600.0,3,0.2,-144.0,5,2018,9,Sep,Q3,Thursday,2018-09,2018-Q3,-24.0,200.0,744.0,248.0,Loss-Making (<0%),Moderate Discount (1-20%)
B-25787,2018-09-20,2018-09-25,Same Day Delivery,IND-CUST-1169,Asish,Consumer,India,Kashmir,Jammu and Kashmir,400001,North,IND-PRD-10554,Electronics,Accessories,Accessories - Grade Standard,3435.0,8,0.0,-492.0,5,2018,9,Sep,Q3,Thursday,2018-09,2018-Q3,-14.323144104803493,429.375,3927.0,490.875,Loss-Making (<0%),No Discount (0%)
B-25787,2018-09-20,2018-09-25,BlueDart Express,IND-CUST-1169,Asish,Consumer,India,Kashmir,Jammu and Kashmir,400001,North,IND-PRD-10555,Furniture,Furnishings,Furnishings - Grade Standard,2100.0,4,0.15,-696.0,5,2018,9,Sep,Q3,Thursday,2018-09,2018-Q3,-33.14285714285714,525.0,2796.0,699.0,Loss-Making (<0%),Moderate Discount (1-20%)
B-25788,2018-09-21,2018-09-24,Same Day Delivery,IND-CUST-1170,Dinesh,Consumer,India,Chennai,Tamil Nadu,600001,South,IND-PRD-10556,Clothing,Stole,Stole - Grade Standard,180.0,1,0.1,36.0,3,2018,9,Sep,Q3,Friday,2018-09,2018-Q3,20.0,180.0,144.0,144.0,Moderate Margin (0-20%),Moderate Discount (1-20%)
B-25789,2018-09-22,2018-09-27,Standard Express,IND-CUST-1145,Akshay,Corporate,India,Lucknow,Uttar Pradesh,226001,North,IND-PRD-10557,Clothing,Kurti,Kurti - Grade Premium,450.0,1,0.0,0.0,5,2018,9,Sep,Q3,Saturday,2018-09,2018-Q3,0.0,450.0,450.0,450.0,Moderate Margin (0-20%),No Discount (0%)
B-25789,2018-09-22,2018-09-23,Standard Express,IND-CUST-1145,Akshay,Corporate,India,Lucknow,Uttar Pradesh,226001,North,IND-PRD-10558,Furniture,Bookcases,Bookcases - Grade Standard,4695.0,5,0.05,-156.0,1,2018,9,Sep,Q3,Saturday,2018-09,2018-Q3,-3.3226837060702876,939.0,4851.0,970.2,Loss-Making (<0%),Moderate Discount (1-20%)
B-25789,2018-09-22,2018-09-26,BlueDart Express,IND-CUST-1145,Akshay,Consumer,India,Lucknow,Uttar Pradesh,226001,North,IND-PRD-10559,Furniture,Furnishings,Furnishings - Grade A,1005.0,9,0.05,-1032.0,4,2018,9,Sep,Q3,Saturday,2018-09,2018-Q3,-102.6865671641791,111.66666666666667,2037.0,226.33333333333334,Loss-Making (<0%),Moderate Discount (1-20%)
B-25790,2018-09-23,2018-09-24,Standard Express,IND-CUST-1171,Sajal,Consumer,India,Patna,Bihar,400001,East,IND-PRD-10560,Electronics,Electronic Games,Electronic Games - Grade B,630.0,1,0.1,-36.0,1,2018,9,Sep,Q3,Sunday,2018-09,2018-Q3,-5.714285714285714,630.0,666.0,666.0,Loss-Making (<0%),Moderate Discount (1-20%)
B-25791,2018-09-24,2018-09-25,Standard Express,IND-CUST-1172,Avish,Consumer,India,Thiruvananthapuram,Kerala,400001,Central,IND-PRD-10561,Clothing,Saree,Saree - Grade Standard,3795.0,2,0.2,-756.0,1,2018,9,Sep,Q3,Monday,2018-09,2018-Q3,-19.92094861660079,1897.5,4551.0,2275.5,Loss-Making (<0%),Moderate Discount (1-20%)
B-25791,2018-09-24,2018-09-29,Same Day Delivery,IND-CUST-1172,Avish,Small Business,India,Thiruvananthapuram,Kerala,400001,Central,IND-PRD-10562,Clothing,Saree,Saree - Grade Standard,8475.0,7,0.1,792.0,5,2018,9,Sep,Q3,Monday,2018-09,2018-Q3,9.345132743362832,1210.7142857142858,7683.0,1097.5714285714287,Moderate Margin (0-20%),Moderate Discount (1-20%)
B-25791,2018-09-24,2018-09-28,Standard Express,IND-CUST-1172,Avish,Corporate,India,Thiruvananthapuram,Kerala,400001,Central,IND-PRD-10563,Clothing,Saree,Saree - Grade Premium,2625.0,3,0.1,924.0,4,2018,9,Sep,Q3,Monday,2018-09,2018-Q3,35.199999999999996,875.0,1701.0,567.0,High Margin (>20%),Moderate Discount (1-20%)
B-25792,2018-09-24,2018-09-28,BlueDart Express,IND-CUST-1168,Abhishek,Consumer,India,Mumbai,Maharashtra,400001,West,IND-PRD-10564,Clothing,Stole,Stole - Grade Premium,1110.0,3,0.1,-300.0,4,2018,9,Sep,Q3,Monday,2018-09,2018-Q3,-27.027027027027028,370.0,1410.0,470.0,Loss-Making (<0%),Moderate Discount (1-20%)
B-25793,2018-09-24,2018-09-28,Standard Express,IND-CUST-1173,Siddharth,Consumer,India,Indore,Madhya Pradesh,452001,Central,IND-PRD-10565,Clothing,Hankerchief,Hankerchief - Grade B,600.0,5,0.0,-396.0,4,2018,9,Sep,Q3,Monday,2018-09,2018-Q3,-66.0,120.0,996.0,199.2,Loss-Making (<0%),No Discount (0%)
B-25793,2018-09-24,2018-09-27,Standard Express,IND-CUST-1173,Siddharth,Corporate,India,Indore,Madhya Pradesh,452001,Central,IND-PRD-10566,Clothing,Kurti,Kurti - Grade A,945.0,6,0.0,-288.0,3,2018,9,Sep,Q3,Monday,2018-09,2018-Q3,-30.476190476190478,157.5,1233.0,205.5,Loss-Making (<0%),No Discount (0%)
B-25793,2018-09-24,2018-09-29,Standard Express,IND-CUST-1173,Siddharth,Consumer,India,Indore,Madhya Pradesh,452001,Central,IND-PRD-10567,Clothing,Hankerchief,Hankerchief - Grade B,900.0,4,0.05,-144.0,5,2018,9,Sep,Q3,Monday,2018-09,2018-Q3,-16.0,225.0,1044.0,261.0,Loss-Making (<0%),Moderate Discount (1-20%)
B-25793,2018-09-24,2018-09-28,India Post Parcel,IND-CUST-1173,Siddharth,Consumer,India,Indore,Madhya Pradesh,452001,Central,IND-PRD-10568,Clothing,Saree,Saree - Grade Standard,3855.0,4,0.05,-3024.0,4,2018,9,Sep,Q3,Monday,2018-09,2018-Q3,-78.44357976653697,963.75,6879.0,1719.75,Loss-Making (<0%),Moderate Discount (1-20%)
B-25793,2018-09-24,2018-09-27,Same Day Delivery,IND-CUST-1173,Siddharth,Consumer,India,Indore,Madhya Pradesh,452001,Central,IND-PRD-10569,Clothing,Skirt,Skirt - Grade A,360.0,4,0.0,-12.0,3,2018,9,Sep,Q3,Monday,2018-09,2018-Q3,-3.3333333333333335,90.0,372.0,93.0,Loss-Making (<0%),No Discount (0%)
B-25793,2018-09-24,2018-09-26,India Post Parcel,IND-CUST-1173,Siddharth,Corporate,India,Indore,Madhya Pradesh,452001,Central,IND-PRD-10570,Clothing,Hankerchief,Hankerchief - Grade A,270.0,3,0.1,12.0,2,2018,9,Sep,Q3,Monday,2018-09,2018-Q3,4.444444444444445,90.0,258.0,86.0,Moderate Margin (0-20%),Moderate Discount (1-20%)
B-25793,2018-09-24,2018-09-26,BlueDart Express,IND-CUST-1173,Siddharth,Consumer,India,Indore,Madhya Pradesh,452001,Central,IND-PRD-10571,Clothing,Saree,Saree - Grade A,21030.0,11,0.05,1308.0,2,2018,9,Sep,Q3,Monday,2018-09,2018-Q3,6.219686162624822,1911.8181818181818,19722.0,1792.909090909091,Moderate Margin (0-20%),Moderate Discount (1-20%)
B-25794,2018-09-24,2018-09-27,Standard Express,IND-CUST-1047,Aditya,Consumer,India,Simla,Himachal Pradesh,400001,Central,IND-PRD-10572,Electronics,Accessories,Accessories - Grade A,2640.0,6,0.0,444.0,3,2018,9,Sep,Q3,Monday,2018-09,2018-Q3,16.818181818181817,440.0,2196.0,366.0,Moderate Margin (0-20%),No Discount (0%)
B-25795,2018-09-24,2018-09-27,BlueDart Express,IND-CUST-1174,Sukant,Small Business,India,Gangtok,Sikkim,400001,Central,IND-PRD-10573,Electronics,Phones,Phones - Grade B,4140.0,2,0.05,-252.0,3,2018,9,Sep,Q3,Monday,2018-09,2018-Q3,-6.086956521739131,2070.0,4392.0,2196.0,Loss-Making (<0%),Moderate Discount (1-20%)
B-25796,2018-09-24,2018-09-29,BlueDart Express,IND-CUST-1175,Sukrith,Consumer,India,Mumbai,Maharashtra,400001,West,IND-PRD-10574,Clothing,Saree,Saree - Grade Premium,555.0,1,0.0,-72.0,5,2018,9,Sep,Q3,Monday,2018-09,2018-Q3,-12.972972972972974,555.0,627.0,627.0,Loss-Making (<0%),No Discount (0%)
B-25796,2018-09-24,2018-09-29,Same Day Delivery,IND-CUST-1175,Sukrith,Consumer,India,Mumbai,Maharashtra,400001,West,IND-PRD-10575,Electronics,Accessories,Accessories - Grade Premium,420.0,1,0.2,12.0,5,2018,9,Sep,Q3,Monday,2018-09,2018-Q3,2.857142857142857,420.0,408.0,408.0,Moderate Margin (0-20%),Moderate Discount (1-20%)
B-25796,2018-09-24,2018-09-26,Standard Express,IND-CUST-1175,Sukrith,Consumer,India,Mumbai,Maharashtra,400001,West,IND-PRD-10576,Furniture,Chairs,Chairs - Grade Standard,3585.0,5,0.2,-1944.0,2,2018,9,Sep,Q3,Monday,2018-09,2018-Q3,-54.22594142259414,717.0,5529.0,1105.8,Loss-Making (<0%),Moderate Discount (1-20%)
B-25796,2018-09-24,2018-09-28,BlueDart Express,IND-CUST-1175,Sukrith,Consumer,India,Mumbai,Maharashtra,400001,West,IND-PRD-10577,Clothing,Stole,Stole - Grade Premium,1170.0,7,0.15,-768.0,4,2018,9,Sep,Q3,Monday,2018-09,2018-Q3,-65.64102564102564,167.14285714285714,1938.0,276.85714285714283,Loss-Making (<0%),Moderate Discount (1-20%)
B-25796,2018-09-24,2018-09-26,Standard Express,IND-CUST-1175,Sukrith,Corporate,India,Mumbai,Maharashtra,400001,West,IND-PRD-10578,Clothing,Saree,Saree - Grade Premium,9480.0,6,0.0,-3792.0,2,2018,9,Sep,Q3,Monday,2018-09,2018-Q3,-40.0,1580.0,13272.0,2212.0,Loss-Making (<0%),No Discount (0%)
B-25796,2018-09-24,2018-09-28,Standard Express,IND-CUST-1175,Sukrith,Consumer,India,Mumbai,Maharashtra,400001,West,IND-PRD-10579,Clothing,Trousers,Trousers - Grade Premium,8385.0,2,0.15,-228.0,4,2018,9,Sep,Q3,Monday,2018-09,2018-Q3,-2.7191413237924866,4192.5,8613.0,4306.5,Loss-Making (<0%),Moderate Discount (1-20%)
B-25796,2018-09-24,2018-09-28,BlueDart Express,IND-CUST-1175,Sukrith,Consumer,India,Mumbai,Maharashtra,400001,West,IND-PRD-10580,Clothing,Saree,Saree - Grade Premium,2220.0,3,0.15,0.0,4,2018,9,Sep,Q3,Monday,2018-09,2018-Q3,0.0,740.0,2220.0,740.0,Moderate Margin (0-20%),Moderate Discount (1-20%)
B-25797,2018-09-30,2018-10-05,BlueDart Express,IND-CUST-1176,Sauptik,Corporate,India,Indore,Madhya Pradesh,452001,Central,IND-PRD-10581,Electronics,Accessories,Accessories - Grade Standard,14640.0,4,0.15,3516.0,5,2018,9,Sep,Q3,Sunday,2018-09,2018-Q3,24.016393442622952,3660.0,11124.0,2781.0,High Margin (>20%),Moderate Discount (1-20%)
B-25797,2018-09-30,2018-10-01,Standard Express,IND-CUST-1176,Sauptik,Corporate,India,Indore,Madhya Pradesh,452001,Central,IND-PRD-10582,Furniture,Bookcases,Bookcases - Grade B,2220.0,2,0.0,-1212.0,1,2018,9,Sep,Q3,Sunday,2018-09,2018-Q3,-54.59459459459459,1110.0,3432.0,1716.0,Loss-Making (<0%),No Discount (0%)
B-25797,2018-09-30,2018-10-01,Standard Express,IND-CUST-1176,Sauptik,Corporate,India,Indore,Madhya Pradesh,452001,Central,IND-PRD-10583,Furniture,Chairs,Chairs - Grade A,6195.0,9,0.1,-3768.0,1,2018,9,Sep,Q3,Sunday,2018-09,2018-Q3,-60.82324455205811,688.3333333333334,9963.0,1107.0,Loss-Making (<0%),Moderate Discount (1-20%)
B-25797,2018-09-30,2018-10-03,BlueDart Express,IND-CUST-1176,Sauptik,Consumer,India,Indore,Madhya Pradesh,452001,Central,IND-PRD-10584,Clothing,Saree,Saree - Grade Premium,1335.0,5,0.15,-48.0,3,2018,9,Sep,Q3,Sunday,2018-09,2018-Q3,-3.5955056179775284,267.0,1383.0,276.6,Loss-Making (<0%),Moderate Discount (1-20%)
B-25797,2018-09-30,2018-10-05,Same Day Delivery,IND-CUST-1176,Sauptik,Consumer,India,Indore,Madhya Pradesh,452001,Central,IND-PRD-10585,Furniture,Tables,Tables - Grade B,24450.0,5,0.1,-9624.0,5,2018,9,Sep,Q3,Sunday,2018-09,2018-Q3,-39.36196319018405,4890.0,34074.0,6814.8,Loss-Making (<0%),Moderate Discount (1-20%)
B-25797,2018-09-30,2018-10-04,Same Day Delivery,IND-CUST-1176,Sauptik,Corporate,India,Indore,Madhya Pradesh,452001,Central,IND-PRD-10586,Clothing,Hankerchief,Hankerchief - Grade Premium,465.0,2,0.1,12.0,4,2018,9,Sep,Q3,Sunday,2018-09,2018-Q3,2.5806451612903225,232.5,453.0,226.5,Moderate Margin (0-20%),Moderate Discount (1-20%)
B-25798,2018-10-01,2018-10-02,India Post Parcel,IND-CUST-1177,Shishu,Consumer,India,Hyderabad,Andhra Pradesh,500001,South,IND-PRD-10587,Clothing,Saree,Saree - Grade Premium,5685.0,2,0.05,756.0,1,2018,10,Oct,Q4,Monday,2018-10,2018-Q4,13.29815303430079,2842.5,4929.0,2464.5,Moderate Margin (0-20%),Moderate Discount (1-20%)
B-25798,2018-10-01,2018-10-05,Same Day Delivery,IND-CUST-1177,Shishu,Corporate,India,Hyderabad,Andhra Pradesh,500001,South,IND-PRD-10588,Electronics,Printers,Printers - Grade A,6720.0,2,0.1,1776.0,4,2018,10,Oct,Q4,Monday,2018-10,2018-Q4,26.42857142857143,3360.0,4944.0,2472.0,High Margin (>20%),Moderate Discount (1-20%)
B-25798,2018-10-01,2018-10-02,Standard Express,IND-CUST-1177,Shishu,Corporate,India,Hyderabad,Andhra Pradesh,500001,South,IND-PRD-10589,Furniture,Bookcases,Bookcases - Grade A,42450.0,13,0.0,-23772.0,1,2018,10,Oct,Q4,Monday,2018-10,2018-Q4,-56.00000000000001,3265.3846153846152,66222.0,5094.0,Loss-Making (<0%),No Discount (0%)
B-25798,2018-10-01,2018-10-02,BlueDart Express,IND-CUST-1177,Shishu,Corporate,India,Hyderabad,Andhra Pradesh,500001,South,IND-PRD-10590,Clothing,Stole,Stole - Grade A,705.0,2,0.1,-36.0,1,2018,10,Oct,Q4,Monday,2018-10,2018-Q4,-5.106382978723404,352.5,741.0,370.5,Loss-Making (<0%),Moderate Discount (1-20%)
B-25798,2018-10-01,2018-10-02,Standard Express,IND-CUST-1177,Shishu,Consumer,India,Hyderabad,Andhra Pradesh,500001,South,IND-PRD-10591,Clothing,Stole,Stole - Grade Premium,570.0,3,0.0,-156.0,1,2018,10,Oct,Q4,Monday,2018-10,2018-Q4,-27.368421052631582,190.0,726.0,242.0,Loss-Making (<0%),No Discount (0%)
B-25798,2018-10-01,2018-10-06,Standard Express,IND-CUST-1177,Shishu,Consumer,India,Hyderabad,Andhra Pradesh,500001,South,IND-PRD-10592,Clothing,Hankerchief,Hankerchief - Grade Premium,915.0,4,0.05,-600.0,5,2018,10,Oct,Q4,Monday,2018-10,2018-Q4,-65.57377049180327,228.75,1515.0,378.75,Loss-Making (<0%),Moderate Discount (1-20%)
B-25799,2018-10-01,2018-10-03,Same Day Delivery,IND-CUST-1178,Divyansh,Corporate,India,Ahmedabad,Gujarat,380001,West,IND-PRD-10593,Clothing,Saree,Saree - Grade Premium,3075.0,3,0.0,-1428.0,2,2018,10,Oct,Q4,Monday,2018-10,2018-Q4,-46.43902439024391,1025.0,4503.0,1501.0,Loss-Making (<0%),No Discount (0%)
B-25799,2018-10-01,2018-10-05,Standard Express,IND-CUST-1178,Divyansh,Consumer,India,Ahmedabad,Gujarat,380001,West,IND-PRD-10594,Clothing,Saree,Saree - Grade A,705.0,4,0.1,-324.0,4,2018,10,Oct,Q4,Monday,2018-10,2018-Q4,-45.95744680851064,176.25,1029.0,257.25,Loss-Making (<0%),Moderate Discount (1-20%)
B-25799,2018-10-01,2018-10-06,India Post Parcel,IND-CUST-1178,Divyansh,Consumer,India,Ahmedabad,Gujarat,380001,West,IND-PRD-10595,Furniture,Chairs,Chairs - Grade Standard,675.0,2,0.0,-180.0,5,2018,10,Oct,Q4,Monday,2018-10,2018-Q4,-26.666666666666668,337.5,855.0,427.5,Loss-Making (<0%),No Discount (0%)
B-25799,2018-10-01,2018-10-06,BlueDart Express,IND-CUST-1178,Divyansh,Small Business,India,Ahmedabad,Gujarat,380001,West,IND-PRD-10596,Clothing,Stole,Stole - Grade B,1050.0,5,0.1,-768.0,5,2018,10,Oct,Q4,Monday,2018-10,2018-Q4,-73.14285714285714,210.0,1818.0,363.6,Loss-Making (<0%),Moderate Discount (1-20%)
B-25800,2018-10-01,2018-10-06,BlueDart Express,IND-CUST-1179,Ishit,Small Business,India,Pune,Maharashtra,411001,West,IND-PRD-10597,Electronics,Accessories,Accessories - Grade Standard,1830.0,9,0.15,-792.0,5,2018,10,Oct,Q4,Monday,2018-10,2018-Q4,-43.278688524590166,203.33333333333334,2622.0,291.3333333333333,Loss-Making (<0%),Moderate Discount (1-20%)
B-25800,2018-10-01,2018-10-06,BlueDart Express,IND-CUST-1179,Ishit,Consumer,India,Pune,Maharashtra,411001,West,IND-PRD-10598,Clothing,Leggings,Leggings - Grade Premium,315.0,3,0.0,-72.0,5,2018,10,Oct,Q4,Monday,2018-10,2018-Q4,-22.857142857142858,105.0,387.0,129.0,Loss-Making (<0%),No Discount (0%)
B-25800,2018-10-01,2018-10-06,Same Day Delivery,IND-CUST-1179,Ishit,Consumer,India,Pune,Maharashtra,411001,West,IND-PRD-10599,Clothing,Hankerchief,Hankerchief - Grade Premium,675.0,7,0.0,144.0,5,2018,10,Oct,Q4,Monday,2018-10,2018-Q4,21.333333333333336,96.42857142857143,531.0,75.85714285714286,High Margin (>20%),No Discount (0%)
B-25801,2018-10-01,2018-10-04,BlueDart Express,IND-CUST-1180,Aryan,Consumer,India,Bhopal,Madhya Pradesh,400001,Central,IND-PRD-10600,Clothing,Saree,Saree - Grade Standard,960.0,4,0.0,72.0,3,2018,10,Oct,Q4,Monday,2018-10,2018-Q4,7.5,240.0,888.0,222.0,Moderate Margin (0-20%),No Discount (0%)
B-25801,2018-10-01,2018-10-05,BlueDart Express,IND-CUST-1180,Aryan,Corporate,India,Bhopal,Madhya Pradesh,400001,Central,IND-PRD-10601,Clothing,Stole,Stole - Grade Premium,735.0,2,0.2,-372.0,4,2018,10,Oct,Q4,Monday,2018-10,2018-Q4,-50.61224489795918,367.5,1107.0,553.5,Loss-Making (<0%),Moderate Discount (1-20%)
B-25801,2018-10-01,2018-10-06,Standard Express,IND-CUST-1180,Aryan,Small Business,India,Bhopal,Madhya Pradesh,400001,Central,IND-PRD-10602,Clothing,Leggings,Leggings - Grade B,315.0,4,0.1,-120.0,5,2018,10,Oct,Q4,Monday,2018-10,2018-Q4,-38.095238095238095,78.75,435.0,108.75,Loss-Making (<0%),Moderate Discount (1-20%)
B-25801,2018-10-01,2018-10-05,BlueDart Express,IND-CUST-1180,Aryan,Consumer,India,Bhopal,Madhya Pradesh,400001,Central,IND-PRD-10603,Clothing,T-shirt,T-shirt - Grade Premium,225.0,1,0.05,-24.0,4,2018,10,Oct,Q4,Monday,2018-10,2018-Q4,-10.666666666666668,225.0,249.0,249.0,Loss-Making (<0%),Moderate Discount (1-20%)
B-25802,2018-10-05,2018-10-08,Standard Express,IND-CUST-1181,Yash,Consumer,India,Mumbai,Maharashtra,400001,West,IND-PRD-10604,Clothing,Saree,Saree - Grade B,405.0,5,0.0,-84.0,3,2018,10,Oct,Q4,Friday,2018-10,2018-Q4,-20.74074074074074,81.0,489.0,97.8,Loss-Making (<0%),No Discount (0%)
B-25802,2018-10-05,2018-10-08,BlueDart Express,IND-CUST-1181,Yash,Small Business,India,Mumbai,Maharashtra,400001,West,IND-PRD-10605,Electronics,Accessories,Accessories - Grade Standard,9495.0,11,0.1,-7596.0,3,2018,10,Oct,Q4,Friday,2018-10,2018-Q4,-80.0,863.1818181818181,17091.0,1553.7272727272727,Loss-Making (<0%),Moderate Discount (1-20%)
B-25802,2018-10-05,2018-10-09,BlueDart Express,IND-CUST-1181,Yash,Consumer,India,Mumbai,Maharashtra,400001,West,IND-PRD-10606,Clothing,Skirt,Skirt - Grade Standard,195.0,2,0.2,-108.0,4,2018,10,Oct,Q4,Friday,2018-10,2018-Q4,-55.38461538461539,97.5,303.0,151.5,Loss-Making (<0%),Moderate Discount (1-20%)
B-25802,2018-10-05,2018-10-06,BlueDart Express,IND-CUST-1181,Yash,Consumer,India,Mumbai,Maharashtra,400001,West,IND-PRD-10607,Clothing,Shirt,Shirt - Grade Premium,345.0,1,0.15,-36.0,1,2018,10,Oct,Q4,Friday,2018-10,2018-Q4,-10.434782608695652,345.0,381.0,381.0,Loss-Making (<0%),Moderate Discount (1-20%)
B-25802,2018-10-05,2018-10-07,Standard Express,IND-CUST-1181,Yash,Small Business,India,Mumbai,Maharashtra,400001,West,IND-PRD-10608,Clothing,Stole,Stole - Grade B,1425.0,2,0.1,60.0,2,2018,10,Oct,Q4,Friday,2018-10,2018-Q4,4.2105263157894735,712.5,1365.0,682.5,Moderate Margin (0-20%),Moderate Discount (1-20%)
B-25803,2018-10-05,2018-10-06,Standard Express,IND-CUST-1182,Shivanshu,Consumer,India,Indore,Madhya Pradesh,452001,Central,IND-PRD-10609,Clothing,Trousers,Trousers - Grade Premium,1590.0,3,0.0,144.0,1,2018,10,Oct,Q4,Friday,2018-10,2018-Q4,9.056603773584905,530.0,1446.0,482.0,Moderate Margin (0-20%),No Discount (0%)
B-25803,2018-10-05,2018-10-06,BlueDart Express,IND-CUST-1182,Shivanshu,Corporate,India,Indore,Madhya Pradesh,452001,Central,IND-PRD-10610,Electronics,Electronic Games,Electronic Games - Grade A,4035.0,1,0.0,1092.0,1,2018,10,Oct,Q4,Friday,2018-10,2018-Q4,27.063197026022305,4035.0,2943.0,2943.0,High Margin (>20%),No Discount (0%)
B-25803,2018-10-05,2018-10-06,Standard Express,IND-CUST-1182,Shivanshu,Consumer,India,Indore,Madhya Pradesh,452001,Central,IND-PRD-10611,Clothing,Trousers,Trousers - Grade A,8040.0,1,0.0,1092.0,1,2018,10,Oct,Q4,Friday,2018-10,2018-Q4,13.582089552238804,8040.0,6948.0,6948.0,Moderate Margin (0-20%),No Discount (0%)
B-25803,2018-10-05,2018-10-10,Standard Express,IND-CUST-1182,Shivanshu,Consumer,India,Indore,Madhya Pradesh,452001,Central,IND-PRD-10612,Clothing,Shirt,Shirt - Grade A,2055.0,5,0.0,60.0,5,2018,10,Oct,Q4,Friday,2018-10,2018-Q4,2.9197080291970803,411.0,1995.0,399.0,Moderate Margin (0-20%),No Discount (0%)
B-25803,2018-10-05,2018-10-08,Standard Express,IND-CUST-1182,Shivanshu,Corporate,India,Indore,Madhya Pradesh,452001,Central,IND-PRD-10613,Electronics,Printers,Printers - Grade A,11355.0,2,0.0,4452.0,3,2018,10,Oct,Q4,Friday,2018-10,2018-Q4,39.20739762219287,5677.5,6903.0,3451.5,High Margin (>20%),No Discount (0%)
B-25803,2018-10-05,2018-10-06,India Post Parcel,IND-CUST-1182,Shivanshu,Consumer,India,Indore,Madhya Pradesh,452001,Central,IND-PRD-10614,Furniture,Chairs,Chairs - Grade Premium,7665.0,3,0.0,2328.0,1,2018,10,Oct,Q4,Friday,2018-10,2018-Q4,30.371819960861057,2555.0,5337.0,1779.0,High Margin (>20%),No Discount (0%)
B-25803,2018-10-05,2018-10-08,BlueDart Express,IND-CUST-1182,Shivanshu,Small Business,India,Indore,Madhya Pradesh,452001,Central,IND-PRD-10615,Clothing,Stole,Stole - Grade A,2775.0,4,0.05,576.0,3,2018,10,Oct,Q4,Friday,2018-10,2018-Q4,20.756756756756754,693.75,2199.0,549.75,High Margin (>20%),Moderate Discount (1-20%)
B-25803,2018-10-05,2018-10-09,Standard Express,IND-CUST-1182,Shivanshu,Corporate,India,Indore,Madhya Pradesh,452001,Central,IND-PRD-10616,Clothing,Saree,Saree - Grade B,11475.0,6,0.25,96.0,4,2018,10,Oct,Q4,Friday,2018-10,2018-Q4,0.8366013071895426,1912.5,11379.0,1896.5,Moderate Margin (0-20%),High Discount (>20%)
B-25804,2018-10-05,2018-10-07,Standard Express,IND-CUST-1183,Sudheer,Consumer,India,Bangalore,Karnataka,560001,South,IND-PRD-10617,Clothing,T-shirt,T-shirt - Grade Standard,2340.0,5,0.1,432.0,2,2018,10,Oct,Q4,Friday,2018-10,2018-Q4,18.461538461538463,468.0,1908.0,381.6,Moderate Margin (0-20%),Moderate Discount (1-20%)
B-25804,2018-10-05,2018-10-09,Standard Express,IND-CUST-1183,Sudheer,Consumer,India,Bangalore,Karnataka,560001,South,IND-PRD-10618,Electronics,Printers,Printers - Grade Standard,4815.0,3,0.15,312.0,4,2018,10,Oct,Q4,Friday,2018-10,2018-Q4,6.4797507788162,1605.0,4503.0,1501.0,Moderate Margin (0-20%),Moderate Discount (1-20%)
B-25805,2018-10-05,2018-10-09,Same Day Delivery,IND-CUST-1184,Ankit,Consumer,India,Mumbai,Maharashtra,400001,West,IND-PRD-10619,Furniture,Chairs,Chairs - Grade A,1680.0,2,0.15,180.0,4,2018,10,Oct,Q4,Friday,2018-10,2018-Q4,10.714285714285714,840.0,1500.0,750.0,Moderate Margin (0-20%),Moderate Discount (1-20%)
B-25806,2018-10-06,2018-10-11,BlueDart Express,IND-CUST-1185,Dhanraj,Consumer,India,Indore,Madhya Pradesh,452001,Central,IND-PRD-10620,Furniture,Tables,Tables - Grade A,9480.0,4,0.0,-1368.0,5,2018,10,Oct,Q4,Saturday,2018-10,2018-Q4,-14.430379746835442,2370.0,10848.0,2712.0,Loss-Making (<0%),No Discount (0%)
B-25807,2018-10-07,2018-10-09,Standard Express,IND-CUST-1186,Vipul,Consumer,India,Lucknow,Uttar Pradesh,226001,North,IND-PRD-10621,Clothing,Stole,Stole - Grade A,240.0,1,0.15,72.0,2,2018,10,Oct,Q4,Sunday,2018-10,2018-Q4,30.0,240.0,168.0,168.0,High Margin (>20%),Moderate Discount (1-20%)
B-25808,2018-10-08,2018-10-12,Standard Express,IND-CUST-1187,Apsingekar,Consumer,India,Patna,Bihar,400001,East,IND-PRD-10622,Clothing,Leggings,Leggings - Grade Premium,945.0,6,0.0,204.0,4,2018,10,Oct,Q4,Monday,2018-10,2018-Q4,21.58730158730159,157.5,741.0,123.5,High Margin (>20%),No Discount (0%)
B-25808,2018-10-08,2018-10-12,Standard Express,IND-CUST-1187,Apsingekar,Consumer,India,Patna,Bihar,400001,East,IND-PRD-10623,Electronics,Electronic Games,Electronic Games - Grade Standard,2190.0,3,0.1,-756.0,4,2018,10,Oct,Q4,Monday,2018-10,2018-Q4,-34.52054794520548,730.0,2946.0,982.0,Loss-Making (<0%),Moderate Discount (1-20%)
B-25808,2018-10-08,2018-10-10,BlueDart Express,IND-CUST-1187,Apsingekar,Corporate,India,Patna,Bihar,400001,East,IND-PRD-10624,Clothing,Stole,Stole - Grade A,885.0,2,0.05,252.0,2,2018,10,Oct,Q4,Monday,2018-10,2018-Q4,28.474576271186443,442.5,633.0,316.5,High Margin (>20%),Moderate Discount (1-20%)
B-25808,2018-10-08,2018-10-10,Same Day Delivery,IND-CUST-1187,Apsingekar,Corporate,India,Patna,Bihar,400001,East,IND-PRD-10625,Clothing,Hankerchief,Hankerchief - Grade B,3150.0,4,0.3,600.0,2,2018,10,Oct,Q4,Monday,2018-10,2018-Q4,19.047619047619047,787.5,2550.0,637.5,Moderate Margin (0-20%),High Discount (>20%)
B-25809,2018-10-09,2018-10-13,Standard Express,IND-CUST-1188,Suman,Corporate,India,Thiruvananthapuram,Kerala,400001,Central,IND-PRD-10626,Clothing,Hankerchief,Hankerchief - Grade A,2310.0,3,0.0,648.0,4,2018,10,Oct,Q4,Tuesday,2018-10,2018-Q4,28.05194805194805,770.0,1662.0,554.0,High Margin (>20%),No Discount (0%)
B-25809,2018-10-09,2018-10-11,Standard Express,IND-CUST-1188,Suman,Consumer,India,Thiruvananthapuram,Kerala,400001,Central,IND-PRD-10627,Clothing,Hankerchief,Hankerchief - Grade Standard,795.0,1,0.0,288.0,2,2018,10,Oct,Q4,Tuesday,2018-10,2018-Q4,36.22641509433962,795.0,507.0,507.0,High Margin (>20%),No Discount (0%)
B-25810,2018-10-10,2018-10-14,Standard Express,IND-CUST-1189,Nripraj,Consumer,India,Chandigarh,Punjab,400001,North,IND-PRD-10628,Clothing,Hankerchief,Hankerchief - Grade A,390.0,4,0.25,120.0,4,2018,10,Oct,Q4,Wednesday,2018-10,2018-Q4,30.76923076923077,97.5,270.0,67.5,High Margin (>20%),High Discount (>20%)
B-25810,2018-10-10,2018-10-14,India Post Parcel,IND-CUST-1189,Nripraj,Corporate,India,Chandigarh,Punjab,400001,North,IND-PRD-10629,Clothing,Saree,Saree - Grade Standard,16800.0,6,0.0,2388.0,4,2018,10,Oct,Q4,Wednesday,2018-10,2018-Q4,14.214285714285715,2800.0,14412.0,2402.0,Moderate Margin (0-20%),No Discount (0%)
B-25810,2018-10-10,2018-10-15,Standard Express,IND-CUST-1189,Nripraj,Consumer,India,Chandigarh,Punjab,400001,North,IND-PRD-10630,Clothing,Shirt,Shirt - Grade A,675.0,3,0.1,72.0,5,2018,10,Oct,Q4,Wednesday,2018-10,2018-Q4,10.666666666666668,225.0,603.0,201.0,Moderate Margin (0-20%),Moderate Discount (1-20%)
B-25810,2018-10-10,2018-10-11,Same Day Delivery,IND-CUST-1189,Nripraj,Consumer,India,Chandigarh,Punjab,400001,North,IND-PRD-10631,Electronics,Accessories,Accessories - Grade B,4605.0,3,0.15,888.0,1,2018,10,Oct,Q4,Wednesday,2018-10,2018-Q4,19.283387622149835,1535.0,3717.0,1239.0,Moderate Margin (0-20%),Moderate Discount (1-20%)
B-25810,2018-10-10,2018-10-14,BlueDart Express,IND-CUST-1189,Nripraj,Corporate,India,Chandigarh,Punjab,400001,North,IND-PRD-10632,Clothing,Stole,Stole - Grade A,1380.0,2,0.15,504.0,4,2018,10,Oct,Q4,Wednesday,2018-10,2018-Q4,36.52173913043478,690.0,876.0,438.0,High Margin (>20%),Moderate Discount (1-20%)
B-25810,2018-10-10,2018-10-13,Standard Express,IND-CUST-1189,Nripraj,Corporate,India,Chandigarh,Punjab,400001,North,IND-PRD-10633,Clothing,Hankerchief,Hankerchief - Grade B,435.0,5,0.25,96.0,3,2018,10,Oct,Q4,Wednesday,2018-10,2018-Q4,22.06896551724138,87.0,339.0,67.8,High Margin (>20%),High Discount (>20%)
B-25811,2018-10-10,2018-10-11,Standard Express,IND-CUST-1190,Utsav,Consumer,India,Mumbai,Maharashtra,400001,West,IND-PRD-10634,Clothing,Hankerchief,Hankerchief - Grade B,1890.0,4,0.25,624.0,1,2018,10,Oct,Q4,Wednesday,2018-10,2018-Q4,33.01587301587301,472.5,1266.0,316.5,High Margin (>20%),High Discount (>20%)
B-25812,2018-10-10,2018-10-11,Standard Express,IND-CUST-1191,Kshitij,Consumer,India,Indore,Madhya Pradesh,452001,Central,IND-PRD-10635,Clothing,Hankerchief,Hankerchief - Grade A,3885.0,5,0.0,564.0,1,2018,10,Oct,Q4,Wednesday,2018-10,2018-Q4,14.517374517374519,777.0,3321.0,664.2,Moderate Margin (0-20%),No Discount (0%)
B-25813,2018-10-10,2018-10-11,BlueDart Express,IND-CUST-1192,Hrisheekesh,Corporate,India,Mumbai,Maharashtra,400001,West,IND-PRD-10636,Furniture,Chairs,Chairs - Grade B,13665.0,7,0.15,2424.0,1,2018,10,Oct,Q4,Wednesday,2018-10,2018-Q4,17.73874862788145,1952.142857142857,11241.0,1605.857142857143,Moderate Margin (0-20%),Moderate Discount (1-20%)
B-25814,2018-10-10,2018-10-15,Same Day Delivery,IND-CUST-1193,Swapnil,Corporate,India,Indore,Madhya Pradesh,452001,Central,IND-PRD-10637,Clothing,T-shirt,T-shirt - Grade Premium,1770.0,7,0.1,420.0,5,2018,10,Oct,Q4,Wednesday,2018-10,2018-Q4,23.728813559322035,252.85714285714286,1350.0,192.85714285714286,High Margin (>20%),Moderate Discount (1-20%)
B-25814,2018-10-10,2018-10-14,BlueDart Express,IND-CUST-1193,Swapnil,Corporate,India,Indore,Madhya Pradesh,452001,Central,IND-PRD-10638,Clothing,Saree,Saree - Grade A,6930.0,4,0.1,2028.0,4,2018,10,Oct,Q4,Wednesday,2018-10,2018-Q4,29.264069264069263,1732.5,4902.0,1225.5,High Margin (>20%),Moderate Discount (1-20%)
B-25815,2018-10-10,2018-10-15,BlueDart Express,IND-CUST-1140,Harsh,Corporate,India,Kohima,Nagaland,400001,Central,IND-PRD-10639,Clothing,Stole,Stole - Grade A,525.0,2,0.0,168.0,5,2018,10,Oct,Q4,Wednesday,2018-10,2018-Q4,32.0,262.5,357.0,178.5,High Margin (>20%),No Discount (0%)
B-25816,2018-10-12,2018-10-16,Standard Express,IND-CUST-1194,Mane,Corporate,India,Hyderabad,Andhra Pradesh,500001,South,IND-PRD-10640,Clothing,Stole,Stole - Grade B,5865.0,8,0.1,1356.0,4,2018,10,Oct,Q4,Friday,2018-10,2018-Q4,23.120204603580564,733.125,4509.0,563.625,High Margin (>20%),Moderate Discount (1-20%)
B-25817,2018-10-13,2018-10-18,India Post Parcel,IND-CUST-1195,Praneet,Consumer,India,Mumbai,Maharashtra,400001,West,IND-PRD-10641,Electronics,Printers,Printers - Grade B,11145.0,5,0.3,1068.0,5,2018,10,Oct,Q4,Saturday,2018-10,2018-Q4,9.582772543741589,2229.0,10077.0,2015.4,Moderate Margin (0-20%),High Discount (>20%)
B-25818,2018-10-14,2018-10-19,Same Day Delivery,IND-CUST-1196,Sandeep,Consumer,India,Indore,Madhya Pradesh,452001,Central,IND-PRD-10642,Clothing,Hankerchief,Hankerchief - Grade A,1125.0,9,0.2,336.0,5,2018,10,Oct,Q4,Sunday,2018-10,2018-Q4,29.86666666666667,125.0,789.0,87.66666666666667,High Margin (>20%),Moderate Discount (1-20%)
B-25818,2018-10-14,2018-10-17,Standard Express,IND-CUST-1196,Sandeep,Corporate,India,Indore,Madhya Pradesh,452001,Central,IND-PRD-10643,Clothing,Kurti,Kurti - Grade Premium,540.0,4,0.05,0.0,3,2018,10,Oct,Q4,Sunday,2018-10,2018-Q4,0.0,135.0,540.0,135.0,Moderate Margin (0-20%),Moderate Discount (1-20%)
B-25818,2018-10-14,2018-10-19,India Post Parcel,IND-CUST-1196,Sandeep,Corporate,India,Indore,Madhya Pradesh,452001,Central,IND-PRD-10644,Clothing,Leggings,Leggings - Grade B,480.0,2,0.0,132.0,5,2018,10,Oct,Q4,Sunday,2018-10,2018-Q4,27.500000000000004,240.0,348.0,174.0,High Margin (>20%),No Discount (0%)
B-25818,2018-10-14,2018-10-16,BlueDart Express,IND-CUST-1196,Sandeep,Corporate,India,Indore,Madhya Pradesh,452001,Central,IND-PRD-10645,Furniture,Furnishings,Furnishings - Grade B,1410.0,2,0.05,240.0,2,2018,10,Oct,Q4,Sunday,2018-10,2018-Q4,17.02127659574468,705.0,1170.0,585.0,Moderate Margin (0-20%),Moderate Discount (1-20%)
B-25818,2018-10-14,2018-10-17,BlueDart Express,IND-CUST-1196,Sandeep,Consumer,India,Indore,Madhya Pradesh,452001,Central,IND-PRD-10646,Clothing,Hankerchief,Hankerchief - Grade Standard,420.0,4,0.15,168.0,3,2018,10,Oct,Q4,Sunday,2018-10,2018-Q4,40.0,105.0,252.0,63.0,High Margin (>20%),Moderate Discount (1-20%)
B-25819,2018-10-15,2018-10-20,BlueDart Express,IND-CUST-1197,Ankur,Consumer,India,Bhopal,Madhya Pradesh,400001,Central,IND-PRD-10647,Electronics,Electronic Games,Electronic Games - Grade Premium,6255.0,3,0.15,588.0,5,2018,10,Oct,Q4,Monday,2018-10,2018-Q4,9.400479616306955,2085.0,5667.0,1889.0,Moderate Margin (0-20%),Moderate Discount (1-20%)
B-25820,2018-10-16,2018-10-17,Same Day Delivery,IND-CUST-1198,Dheeraj,Small Business,India,Jaipur,Rajasthan,302001,North,IND-PRD-10648,Furniture,Chairs,Chairs - Grade Premium,1785.0,1,0.05,12.0,1,2018,10,Oct,Q4,Tuesday,2018-10,2018-Q4,0.6722689075630253,1785.0,1773.0,1773.0,Moderate Margin (0-20%),Moderate Discount (1-20%)
B-25821,2018-10-16,2018-10-18,BlueDart Express,IND-CUST-1041,Ajay,Corporate,India,Kolkata,West Bengal,700001,East,IND-PRD-10649,Clothing,Stole,Stole - Grade A,900.0,4,0.0,252.0,2,2018,10,Oct,Q4,Tuesday,2018-10,2018-Q4,28.000000000000004,225.0,648.0,162.0,High Margin (>20%),No Discount (0%)
B-25821,2018-10-16,2018-10-18,Standard Express,IND-CUST-1041,Ajay,Small Business,India,Kolkata,West Bengal,700001,East,IND-PRD-10650,Clothing,Hankerchief,Hankerchief - Grade Premium,255.0,1,0.05,0.0,2,2018,10,Oct,Q4,Tuesday,2018-10,2018-Q4,0.0,255.0,255.0,255.0,Moderate Margin (0-20%),Moderate Discount (1-20%)
B-25821,2018-10-16,2018-10-18,Standard Express,IND-CUST-1041,Ajay,Corporate,India,Kolkata,West Bengal,700001,East,IND-PRD-10651,Electronics,Accessories,Accessories - Grade A,1875.0,3,0.05,0.0,2,2018,10,Oct,Q4,Tuesday,2018-10,2018-Q4,0.0,625.0,1875.0,625.0,Moderate Margin (0-20%),Moderate Discount (1-20%)
B-25822,2018-10-18,2018-10-21,India Post Parcel,IND-CUST-1199,Tejas,Corporate,India,Bangalore,Karnataka,560001,South,IND-PRD-10652,Clothing,Saree,Saree - Grade Standard,510.0,2,0.2,156.0,3,2018,10,Oct,Q4,Thursday,2018-10,2018-Q4,30.58823529411765,255.0,354.0,177.0,High Margin (>20%),Moderate Discount (1-20%)
B-25823,2018-10-18,2018-10-23,Standard Express,IND-CUST-1200,Rohan,Corporate,India,Mumbai,Maharashtra,400001,West,IND-PRD-10653,Electronics,Electronic Games,Electronic Games - Grade Premium,31545.0,8,0.1,3864.0,5,2018,10,Oct,Q4,Thursday,2018-10,2018-Q4,12.249167855444602,3943.125,27681.0,3460.125,Moderate Margin (0-20%),Moderate Discount (1-20%)
B-25823,2018-10-18,2018-10-23,Standard Express,IND-CUST-1200,Rohan,Small Business,India,Mumbai,Maharashtra,400001,West,IND-PRD-10654,Furniture,Furnishings,Furnishings - Grade B,1560.0,2,0.05,24.0,5,2018,10,Oct,Q4,Thursday,2018-10,2018-Q4,1.5384615384615385,780.0,1536.0,768.0,Moderate Margin (0-20%),Moderate Discount (1-20%)
B-25823,2018-10-18,2018-10-19,Standard Express,IND-CUST-1200,Rohan,Corporate,India,Mumbai,Maharashtra,400001,West,IND-PRD-10655,Electronics,Accessories,Accessories - Grade Standard,885.0,1,0.1,72.0,1,2018,10,Oct,Q4,Thursday,2018-10,2018-Q4,8.135593220338983,885.0,813.0,813.0,Moderate Margin (0-20%),Moderate Discount (1-20%)
B-25823,2018-10-18,2018-10-19,Standard Express,IND-CUST-1200,Rohan,Corporate,India,Mumbai,Maharashtra,400001,West,IND-PRD-10656,Furniture,Furnishings,Furnishings - Grade A,1545.0,2,0.0,600.0,1,2018,10,Oct,Q4,Thursday,2018-10,2018-Q4,38.83495145631068,772.5,945.0,472.5,High Margin (>20%),No Discount (0%)
B-25824,2018-10-20,2018-10-22,BlueDart Express,IND-CUST-1201,Shyam,Consumer,India,Indore,Madhya Pradesh,452001,Central,IND-PRD-10657,Furniture,Furnishings,Furnishings - Grade Standard,1515.0,2,0.25,456.0,2,2018,10,Oct,Q4,Saturday,2018-10,2018-Q4,30.099009900990097,757.5,1059.0,529.5,High Margin (>20%),High Discount (>20%)
B-25825,2018-10-21,2018-10-22,India Post Parcel,IND-CUST-1138,Kartik,Consumer,India,Indore,Madhya Pradesh,452001,Central,IND-PRD-10658,Electronics,Phones,Phones - Grade A,13665.0,5,0.05,4260.0,1,2018,10,Oct,Q4,Sunday,2018-10,2018-Q4,31.174533479692645,2733.0,9405.0,1881.0,High Margin (>20%),Moderate Discount (1-20%)
B-25825,2018-10-21,2018-10-24,Standard Express,IND-CUST-1138,Kartik,Corporate,India,Indore,Madhya Pradesh,452001,Central,IND-PRD-10659,Clothing,Stole,Stole - Grade Standard,1725.0,6,0.05,300.0,3,2018,10,Oct,Q4,Sunday,2018-10,2018-Q4,17.391304347826086,287.5,1425.0,237.5,Moderate Margin (0-20%),Moderate Discount (1-20%)
B-25825,2018-10-21,2018-10-26,Standard Express,IND-CUST-1138,Kartik,Consumer,India,Indore,Madhya Pradesh,452001,Central,IND-PRD-10660,Clothing,Saree,Saree - Grade A,2100.0,5,0.05,72.0,5,2018,10,Oct,Q4,Sunday,2018-10,2018-Q4,3.428571428571429,420.0,2028.0,405.6,Moderate Margin (0-20%),Moderate Discount (1-20%)
B-25826,2018-10-22,2018-10-24,Standard Express,IND-CUST-1202,Tanushree,Consumer,India,Mumbai,Maharashtra,400001,West,IND-PRD-10661,Electronics,Printers,Printers - Grade Premium,9555.0,2,0.1,3132.0,2,2018,10,Oct,Q4,Monday,2018-10,2018-Q4,32.77864992150706,4777.5,6423.0,3211.5,High Margin (>20%),Moderate Discount (1-20%)
B-25827,2018-10-23,2018-10-24,Same Day Delivery,IND-CUST-1083,Sheetal,Consumer,India,Indore,Madhya Pradesh,452001,Central,IND-PRD-10662,Furniture,Chairs,Chairs - Grade B,2340.0,3,0.1,252.0,1,2018,10,Oct,Q4,Tuesday,2018-10,2018-Q4,10.76923076923077,780.0,2088.0,696.0,Moderate Margin (0-20%),Moderate Discount (1-20%)
B-25828,2018-10-24,2018-10-27,BlueDart Express,IND-CUST-1203,Nikita,Consumer,India,Chandigarh,Punjab,400001,North,IND-PRD-10663,Clothing,Saree,Saree - Grade A,8055.0,3,0.15,1284.0,3,2018,10,Oct,Q4,Wednesday,2018-10,2018-Q4,15.940409683426443,2685.0,6771.0,2257.0,Moderate Margin (0-20%),Moderate Discount (1-20%)
B-25828,2018-10-24,2018-10-27,Standard Express,IND-CUST-1203,Nikita,Consumer,India,Chandigarh,Punjab,400001,North,IND-PRD-10664,Clothing,Leggings,Leggings - Grade Standard,225.0,1,0.0,24.0,3,2018,10,Oct,Q4,Wednesday,2018-10,2018-Q4,10.666666666666668,225.0,201.0,201.0,Moderate Margin (0-20%),No Discount (0%)
B-25828,2018-10-24,2018-10-25,Same Day Delivery,IND-CUST-1203,Nikita,Consumer,India,Chandigarh,Punjab,400001,North,IND-PRD-10665,Clothing,Saree,Saree - Grade A,1920.0,3,0.05,-36.0,1,2018,10,Oct,Q4,Wednesday,2018-10,2018-Q4,-1.875,640.0,1956.0,652.0,Loss-Making (<0%),Moderate Discount (1-20%)
B-25828,2018-10-24,2018-10-29,Same Day Delivery,IND-CUST-1203,Nikita,Small Business,India,Chandigarh,Punjab,400001,North,IND-PRD-10666,Clothing,Saree,Saree - Grade A,3330.0,5,0.0,420.0,5,2018,10,Oct,Q4,Wednesday,2018-10,2018-Q4,12.612612612612612,666.0,2910.0,582.0,Moderate Margin (0-20%),No Discount (0%)
B-25829,2018-10-25,2018-10-26,Same Day Delivery,IND-CUST-1204,Apoorva,Consumer,India,Chandigarh,Haryana,400001,North,IND-PRD-10667,Clothing,Hankerchief,Hankerchief - Grade A,5175.0,7,0.1,456.0,1,2018,10,Oct,Q4,Thursday,2018-10,2018-Q4,8.81159420289855,739.2857142857143,4719.0,674.1428571428571,Moderate Margin (0-20%),Moderate Discount (1-20%)
B-25830,2018-10-26,2018-10-28,India Post Parcel,IND-CUST-1205,Aastha,Consumer,India,Simla,Himachal Pradesh,400001,Central,IND-PRD-10668,Clothing,Hankerchief,Hankerchief - Grade Standard,615.0,6,0.0,132.0,2,2018,10,Oct,Q4,Friday,2018-10,2018-Q4,21.463414634146343,102.5,483.0,80.5,High Margin (>20%),No Discount (0%)
B-25830,2018-10-26,2018-10-27,Standard Express,IND-CUST-1205,Aastha,Consumer,India,Simla,Himachal Pradesh,400001,Central,IND-PRD-10669,Clothing,Saree,Saree - Grade B,810.0,2,0.1,12.0,1,2018,10,Oct,Q4,Friday,2018-10,2018-Q4,1.4814814814814816,405.0,798.0,399.0,Moderate Margin (0-20%),Moderate Discount (1-20%)
B-25830,2018-10-26,2018-10-29,Same Day Delivery,IND-CUST-1205,Aastha,Corporate,India,Simla,Himachal Pradesh,400001,Central,IND-PRD-10670,Clothing,Skirt,Skirt - Grade Premium,1065.0,8,0.2,0.0,3,2018,10,Oct,Q4,Friday,2018-10,2018-Q4,0.0,133.125,1065.0,133.125,Moderate Margin (0-20%),Moderate Discount (1-20%)
B-25830,2018-10-26,2018-10-27,BlueDart Express,IND-CUST-1205,Aastha,Consumer,India,Simla,Himachal Pradesh,400001,Central,IND-PRD-10671,Electronics,Accessories,Accessories - Grade B,1395.0,2,0.2,180.0,1,2018,10,Oct,Q4,Friday,2018-10,2018-Q4,12.903225806451612,697.5,1215.0,607.5,Moderate Margin (0-20%),Moderate Discount (1-20%)
B-25830,2018-10-26,2018-10-31,Same Day Delivery,IND-CUST-1205,Aastha,Corporate,India,Simla,Himachal Pradesh,400001,Central,IND-PRD-10672,Electronics,Phones,Phones - Grade A,15945.0,7,0.05,768.0,5,2018,10,Oct,Q4,Friday,2018-10,2018-Q4,4.816556914393226,2277.8571428571427,15177.0,2168.1428571428573,Moderate Margin (0-20%),Moderate Discount (1-20%)
B-25830,2018-10-26,2018-10-30,BlueDart Express,IND-CUST-1205,Aastha,Corporate,India,Simla,Himachal Pradesh,400001,Central,IND-PRD-10673,Electronics,Phones,Phones - Grade Standard,29310.0,3,0.05,9384.0,4,2018,10,Oct,Q4,Friday,2018-10,2018-Q4,32.01637666325487,9770.0,19926.0,6642.0,High Margin (>20%),Moderate Discount (1-20%)
B-25831,2018-10-27,2018-10-28,Same Day Delivery,IND-CUST-1073,Mahima,Corporate,India,Gangtok,Sikkim,400001,Central,IND-PRD-10674,Clothing,Saree,Saree - Grade B,10395.0,6,0.0,3048.0,1,2018,10,Oct,Q4,Saturday,2018-10,2018-Q4,29.32178932178932,1732.5,7347.0,1224.5,High Margin (>20%),No Discount (0%)
B-25832,2018-10-28,2018-11-02,BlueDart Express,IND-CUST-1206,Harshita,Consumer,India,Mumbai,Maharashtra,400001,West,IND-PRD-10675,Furniture,Bookcases,Bookcases - Grade A,7560.0,3,0.1,1392.0,5,2018,10,Oct,Q4,Sunday,2018-10,2018-Q4,18.412698412698415,2520.0,6168.0,2056.0,Moderate Margin (0-20%),Moderate Discount (1-20%)
B-25833,2018-10-29,2018-11-03,Standard Express,IND-CUST-1207,Krishna,Corporate,India,Indore,Madhya Pradesh,452001,Central,IND-PRD-10676,Clothing,Hankerchief,Hankerchief - Grade Premium,960.0,5,0.15,324.0,5,2018,10,Oct,Q4,Monday,2018-10,2018-Q4,33.75,192.0,636.0,127.2,High Margin (>20%),Moderate Discount (1-20%)
B-25833,2018-10-29,2018-11-01,BlueDart Express,IND-CUST-1207,Krishna,Consumer,India,Indore,Madhya Pradesh,452001,Central,IND-PRD-10677,Clothing,Hankerchief,Hankerchief - Grade Premium,540.0,9,0.0,48.0,3,2018,10,Oct,Q4,Monday,2018-10,2018-Q4,8.88888888888889,60.0,492.0,54.666666666666664,Moderate Margin (0-20%),No Discount (0%)
B-25833,2018-10-29,2018-11-03,India Post Parcel,IND-CUST-1207,Krishna,Small Business,India,Indore,Madhya Pradesh,452001,Central,IND-PRD-10678,Clothing,Stole,Stole - Grade Premium,675.0,3,0.05,192.0,5,2018,10,Oct,Q4,Monday,2018-10,2018-Q4,28.444444444444443,225.0,483.0,161.0,High Margin (>20%),Moderate Discount (1-20%)
B-25834,2018-10-29,2018-11-03,India Post Parcel,IND-CUST-1208,Ananya,Corporate,India,Hyderabad,Andhra Pradesh,500001,South,IND-PRD-10679,Clothing,Stole,Stole - Grade A,240.0,1,0.15,60.0,5,2018,10,Oct,Q4,Monday,2018-10,2018-Q4,25.0,240.0,180.0,180.0,High Margin (>20%),Moderate Discount (1-20%)
B-25835,2018-10-29,2018-11-03,Standard Express,IND-CUST-1209,Moumita,Consumer,India,Ahmedabad,Gujarat,380001,West,IND-PRD-10680,Clothing,Leggings,Leggings - Grade Standard,780.0,5,0.2,132.0,5,2018,10,Oct,Q4,Monday,2018-10,2018-Q4,16.923076923076923,156.0,648.0,129.6,Moderate Margin (0-20%),Moderate Discount (1-20%)
B-25835,2018-10-29,2018-11-03,Standard Express,IND-CUST-1209,Moumita,Consumer,India,Ahmedabad,Gujarat,380001,West,IND-PRD-10681,Clothing,Leggings,Leggings - Grade B,405.0,2,0.0,24.0,5,2018,10,Oct,Q4,Monday,2018-10,2018-Q4,5.9259259259259265,202.5,381.0,190.5,Moderate Margin (0-20%),No Discount (0%)
B-25835,2018-10-29,2018-10-31,Standard Express,IND-CUST-1209,Moumita,Consumer,India,Ahmedabad,Gujarat,380001,West,IND-PRD-10682,Clothing,Stole,Stole - Grade Premium,2325.0,3,0.1,312.0,2,2018,10,Oct,Q4,Monday,2018-10,2018-Q4,13.419354838709676,775.0,2013.0,671.0,Moderate Margin (0-20%),Moderate Discount (1-20%)
B-25836,2018-10-29,2018-10-31,BlueDart Express,IND-CUST-1210,Arti,Corporate,India,Pune,Maharashtra,411001,West,IND-PRD-10683,Electronics,Printers,Printers - Grade A,19470.0,9,0.0,780.0,2,2018,10,Oct,Q4,Monday,2018-10,2018-Q4,4.006163328197227,2163.3333333333335,18690.0,2076.6666666666665,Moderate Margin (0-20%),No Discount (0%)
B-25837,2018-10-29,2018-11-01,Same Day Delivery,IND-CUST-1211,Palak,Consumer,India,Mumbai,Maharashtra,400001,West,IND-PRD-10684,Clothing,Stole,Stole - Grade A,3945.0,5,0.0,600.0,3,2018,10,Oct,Q4,Monday,2018-10,2018-Q4,15.209125475285171,789.0,3345.0,669.0,Moderate Margin (0-20%),No Discount (0%)
B-25838,2018-10-29,2018-10-30,Standard Express,IND-CUST-1158,Sanjana,Corporate,India,Indore,Madhya Pradesh,452001,Central,IND-PRD-10685,Clothing,Hankerchief,Hankerchief - Grade B,1050.0,5,0.2,312.0,1,2018,10,Oct,Q4,Monday,2018-10,2018-Q4,29.714285714285715,210.0,738.0,147.6,High Margin (>20%),Moderate Discount (1-20%)
B-25838,2018-10-29,2018-11-03,BlueDart Express,IND-CUST-1158,Sanjana,Consumer,India,Indore,Madhya Pradesh,452001,Central,IND-PRD-10686,Clothing,Hankerchief,Hankerchief - Grade Premium,1215.0,7,0.15,228.0,5,2018,10,Oct,Q4,Monday,2018-10,2018-Q4,18.765432098765434,173.57142857142858,987.0,141.0,Moderate Margin (0-20%),Moderate Discount (1-20%)
B-25838,2018-10-29,2018-10-30,Same Day Delivery,IND-CUST-1158,Sanjana,Corporate,India,Indore,Madhya Pradesh,452001,Central,IND-PRD-10687,Electronics,Printers,Printers - Grade A,14325.0,3,0.15,3660.0,1,2018,10,Oct,Q4,Monday,2018-10,2018-Q4,25.54973821989529,4775.0,10665.0,3555.0,High Margin (>20%),Moderate Discount (1-20%)
B-25838,2018-10-29,2018-10-30,BlueDart Express,IND-CUST-1158,Sanjana,Corporate,India,Indore,Madhya Pradesh,452001,Central,IND-PRD-10688,Clothing,Stole,Stole - Grade B,2415.0,3,0.0,480.0,1,2018,10,Oct,Q4,Monday,2018-10,2018-Q4,19.875776397515526,805.0,1935.0,645.0,Moderate Margin (0-20%),No Discount (0%)
B-25839,2018-10-30,2018-11-02,BlueDart Express,IND-CUST-1212,Pranjali,Corporate,India,Kolkata,West Bengal,700001,East,IND-PRD-10689,Clothing,Saree,Saree - Grade Standard,18750.0,7,0.15,5832.0,3,2018,10,Oct,Q4,Tuesday,2018-10,2018-Q4,31.104,2678.5714285714284,12918.0,1845.4285714285713,High Margin (>20%),Moderate Discount (1-20%)
B-25840,2018-10-31,2018-11-05,BlueDart Express,IND-CUST-1213,Sneha,Corporate,India,Bangalore,Karnataka,560001,South,IND-PRD-10690,Furniture,Bookcases,Bookcases - Grade Standard,3690.0,2,0.05,732.0,5,2018,10,Oct,Q4,Wednesday,2018-10,2018-Q4,19.83739837398374,1845.0,2958.0,1479.0,Moderate Margin (0-20%),Moderate Discount (1-20%)
B-25840,2018-10-31,2018-11-05,BlueDart Express,IND-CUST-1213,Sneha,Consumer,India,Bangalore,Karnataka,560001,South,IND-PRD-10691,Furniture,Bookcases,Bookcases - Grade Standard,4470.0,2,0.05,888.0,5,2018,10,Oct,Q4,Wednesday,2018-10,2018-Q4,19.86577181208054,2235.0,3582.0,1791.0,Moderate Margin (0-20%),Moderate Discount (1-20%)
B-25840,2018-10-31,2018-11-04,Standard Express,IND-CUST-1213,Sneha,Consumer,India,Bangalore,Karnataka,560001,South,IND-PRD-10692,Clothing,Saree,Saree - Grade Premium,3930.0,6,0.1,768.0,4,2018,10,Oct,Q4,Wednesday,2018-10,2018-Q4,19.541984732824428,655.0,3162.0,527.0,Moderate Margin (0-20%),Moderate Discount (1-20%)
B-25841,2018-11-01,2018-11-02,BlueDart Express,IND-CUST-1214,Ashvini,Corporate,India,Mumbai,Maharashtra,400001,West,IND-PRD-10693,Clothing,Skirt,Skirt - Grade B,330.0,2,0.0,132.0,1,2018,11,Nov,Q4,Thursday,2018-11,2018-Q4,40.0,165.0,198.0,99.0,High Margin (>20%),No Discount (0%)
B-25842,2018-11-02,2018-11-03,BlueDart Express,IND-CUST-1083,Sheetal,Consumer,India,Indore,Madhya Pradesh,452001,Central,IND-PRD-10694,Electronics,Printers,Printers - Grade B,23145.0,8,0.15,4440.0,1,2018,11,Nov,Q4,Friday,2018-11,2018-Q4,19.18340894361633,2893.125,18705.0,2338.125,Moderate Margin (0-20%),Moderate Discount (1-20%)
B-25843,2018-11-03,2018-11-05,Same Day Delivery,IND-CUST-1215,Mrunal,Consumer,India,Mumbai,Maharashtra,400001,West,IND-PRD-10695,Clothing,Skirt,Skirt - Grade A,750.0,6,0.1,84.0,2,2018,11,Nov,Q4,Saturday,2018-11,2018-Q4,11.200000000000001,125.0,666.0,111.0,Moderate Margin (0-20%),Moderate Discount (1-20%)
B-25843,2018-11-03,2018-11-07,BlueDart Express,IND-CUST-1215,Mrunal,Consumer,India,Mumbai,Maharashtra,400001,West,IND-PRD-10696,Electronics,Accessories,Accessories - Grade A,3210.0,3,0.0,360.0,4,2018,11,Nov,Q4,Saturday,2018-11,2018-Q4,11.214953271028037,1070.0,2850.0,950.0,Moderate Margin (0-20%),No Discount (0%)
B-25843,2018-11-03,2018-11-05,Same Day Delivery,IND-CUST-1215,Mrunal,Consumer,India,Mumbai,Maharashtra,400001,West,IND-PRD-10697,Clothing,Hankerchief,Hankerchief - Grade A,3825.0,5,0.0,888.0,2,2018,11,Nov,Q4,Saturday,2018-11,2018-Q4,23.215686274509803,765.0,2937.0,587.4,High Margin (>20%),No Discount (0%)
B-25843,2018-11-03,2018-11-05,Standard Express,IND-CUST-1215,Mrunal,Consumer,India,Mumbai,Maharashtra,400001,West,IND-PRD-10698,Clothing,Hankerchief,Hankerchief - Grade B,270.0,3,0.0,72.0,2,2018,11,Nov,Q4,Saturday,2018-11,2018-Q4,26.666666666666668,90.0,198.0,66.0,High Margin (>20%),No Discount (0%)
B-25843,2018-11-03,2018-11-05,BlueDart Express,IND-CUST-1215,Mrunal,Small Business,India,Mumbai,Maharashtra,400001,West,IND-PRD-10699,Clothing,Stole,Stole - Grade A,675.0,2,0.0,0.0,2,2018,11,Nov,Q4,Saturday,2018-11,2018-Q4,0.0,337.5,675.0,337.5,Moderate Margin (0-20%),No Discount (0%)
B-25844,2018-11-03,2018-11-06,Standard Express,IND-CUST-1216,Swati,Consumer,India,Indore,Madhya Pradesh,452001,Central,IND-PRD-10700,Clothing,Saree,Saree - Grade B,1290.0,2,0.1,96.0,3,2018,11,Nov,Q4,Saturday,2018-11,2018-Q4,7.441860465116279,645.0,1194.0,597.0,Moderate Margin (0-20%),Moderate Discount (1-20%)
B-25845,2018-11-03,2018-11-06,Standard Express,IND-CUST-1217,Snel,Corporate,India,Thiruvananthapuram,Kerala,400001,Central,IND-PRD-10701,Electronics,Phones,Phones - Grade B,4110.0,4,0.15,-84.0,3,2018,11,Nov,Q4,Saturday,2018-11,2018-Q4,-2.0437956204379564,1027.5,4194.0,1048.5,Loss-Making (<0%),Moderate Discount (1-20%)
B-25845,2018-11-03,2018-11-05,BlueDart Express,IND-CUST-1217,Snel,Consumer,India,Thiruvananthapuram,Kerala,400001,Central,IND-PRD-10702,Clothing,Kurti,Kurti - Grade Standard,1230.0,4,0.0,396.0,2,2018,11,Nov,Q4,Saturday,2018-11,2018-Q4,32.19512195121951,307.5,834.0,208.5,High Margin (>20%),No Discount (0%)
B-25845,2018-11-03,2018-11-07,India Post Parcel,IND-CUST-1217,Snel,Corporate,India,Thiruvananthapuram,Kerala,400001,Central,IND-PRD-10703,Electronics,Printers,Printers - Grade A,11355.0,2,0.0,4452.0,4,2018,11,Nov,Q4,Saturday,2018-11,2018-Q4,39.20739762219287,5677.5,6903.0,3451.5,High Margin (>20%),No Discount (0%)
B-25845,2018-11-03,2018-11-04,Standard Express,IND-CUST-1217,Snel,Consumer,India,Thiruvananthapuram,Kerala,400001,Central,IND-PRD-10704,Clothing,Stole,Stole - Grade Standard,1980.0,5,0.1,648.0,1,2018,11,Nov,Q4,Saturday,2018-11,2018-Q4,32.72727272727273,396.0,1332.0,266.4,High Margin (>20%),Moderate Discount (1-20%)
B-25846,2018-11-03,2018-11-07,Standard Express,IND-CUST-1218,Soodesh,Small Business,India,Chandigarh,Punjab,400001,North,IND-PRD-10705,Clothing,Leggings,Leggings - Grade Premium,1410.0,7,0.15,84.0,4,2018,11,Nov,Q4,Saturday,2018-11,2018-Q4,5.957446808510639,201.42857142857142,1326.0,189.42857142857142,Moderate Margin (0-20%),Moderate Discount (1-20%)
B-25847,2018-11-03,2018-11-08,Same Day Delivery,IND-CUST-1219,Aniket,Small Business,India,Chandigarh,Haryana,400001,North,IND-PRD-10706,Electronics,Printers,Printers - Grade Premium,9645.0,2,0.05,2700.0,5,2018,11,Nov,Q4,Saturday,2018-11,2018-Q4,27.993779160186627,4822.5,6945.0,3472.5,High Margin (>20%),Moderate Discount (1-20%)
B-25847,2018-11-03,2018-11-06,Standard Express,IND-CUST-1219,Aniket,Consumer,India,Chandigarh,Haryana,400001,North,IND-PRD-10707,Furniture,Furnishings,Furnishings - Grade Premium,3960.0,10,0.05,852.0,3,2018,11,Nov,Q4,Saturday,2018-11,2018-Q4,21.515151515151516,396.0,3108.0,310.8,High Margin (>20%),Moderate Discount (1-20%)
B-25848,2018-11-03,2018-11-04,BlueDart Express,IND-CUST-1200,Rohan,Small Business,India,Simla,Himachal Pradesh,400001,Central,IND-PRD-10708,Furniture,Furnishings,Furnishings - Grade B,2205.0,3,0.1,252.0,1,2018,11,Nov,Q4,Saturday,2018-11,2018-Q4,11.428571428571429,735.0,1953.0,651.0,Moderate Margin (0-20%),Moderate Discount (1-20%)
B-25848,2018-11-03,2018-11-04,BlueDart Express,IND-CUST-1200,Rohan,Small Business,India,Simla,Himachal Pradesh,400001,Central,IND-PRD-10709,Clothing,Hankerchief,Hankerchief - Grade B,240.0,2,0.0,96.0,1,2018,11,Nov,Q4,Saturday,2018-11,2018-Q4,40.0,120.0,144.0,72.0,High Margin (>20%),No Discount (0%)
B-25848,2018-11-03,2018-11-08,BlueDart Express,IND-CUST-1200,Rohan,Corporate,India,Simla,Himachal Pradesh,400001,Central,IND-PRD-10710,Electronics,Electronic Games,Electronic Games - Grade B,9720.0,6,0.0,600.0,5,2018,11,Nov,Q4,Saturday,2018-11,2018-Q4,6.172839506172839,1620.0,9120.0,1520.0,Moderate Margin (0-20%),No Discount (0%)
B-25849,2018-11-04,2018-11-09,Standard Express,IND-CUST-1220,K,Corporate,India,Gangtok,Sikkim,400001,Central,IND-PRD-10711,Electronics,Phones,Phones - Grade A,5040.0,3,0.15,1476.0,5,2018,11,Nov,Q4,Sunday,2018-11,2018-Q4,29.28571428571429,1680.0,3564.0,1188.0,High Margin (>20%),Moderate Discount (1-20%)
B-25850,2018-11-05,2018-11-07,Standard Express,IND-CUST-1168,Abhishek,Consumer,India,Goa,Goa,400001,West,IND-PRD-10712,Clothing,T-shirt,T-shirt - Grade Standard,675.0,3,0.1,12.0,2,2018,11,Nov,Q4,Monday,2018-11,2018-Q4,1.7777777777777777,225.0,663.0,221.0,Moderate Margin (0-20%),Moderate Discount (1-20%)
B-25850,2018-11-05,2018-11-08,Same Day Delivery,IND-CUST-1168,Abhishek,Corporate,India,Goa,Goa,400001,West,IND-PRD-10713,Clothing,Hankerchief,Hankerchief - Grade B,1395.0,2,0.1,-12.0,3,2018,11,Nov,Q4,Monday,2018-11,2018-Q4,-0.8602150537634409,697.5,1407.0,703.5,Loss-Making (<0%),Moderate Discount (1-20%)
B-25850,2018-11-05,2018-11-08,BlueDart Express,IND-CUST-1168,Abhishek,Consumer,India,Goa,Goa,400001,West,IND-PRD-10714,Clothing,Leggings,Leggings - Grade Standard,780.0,5,0.15,216.0,3,2018,11,Nov,Q4,Monday,2018-11,2018-Q4,27.692307692307693,156.0,564.0,112.8,High Margin (>20%),Moderate Discount (1-20%)
B-25850,2018-11-05,2018-11-09,Standard Express,IND-CUST-1168,Abhishek,Consumer,India,Goa,Goa,400001,West,IND-PRD-10715,Clothing,Stole,Stole - Grade Standard,2220.0,3,0.1,288.0,4,2018,11,Nov,Q4,Monday,2018-11,2018-Q4,12.972972972972974,740.0,1932.0,644.0,Moderate Margin (0-20%),Moderate Discount (1-20%)
B-25850,2018-11-05,2018-11-07,Same Day Delivery,IND-CUST-1168,Abhishek,Small Business,India,Goa,Goa,400001,West,IND-PRD-10716,Clothing,Hankerchief,Hankerchief - Grade Standard,360.0,4,0.0,12.0,2,2018,11,Nov,Q4,Monday,2018-11,2018-Q4,3.3333333333333335,90.0,348.0,87.0,Moderate Margin (0-20%),No Discount (0%)
B-25850,2018-11-05,2018-11-07,Standard Express,IND-CUST-1168,Abhishek,Consumer,India,Goa,Goa,400001,West,IND-PRD-10717,Electronics,Accessories,Accessories - Grade A,7695.0,2,0.05,2580.0,2,2018,11,Nov,Q4,Monday,2018-11,2018-Q4,33.528265107212476,3847.5,5115.0,2557.5,High Margin (>20%),Moderate Discount (1-20%)
B-25850,2018-11-05,2018-11-07,BlueDart Express,IND-CUST-1168,Abhishek,Corporate,India,Goa,Goa,400001,West,IND-PRD-10718,Clothing,Trousers,Trousers - Grade A,1755.0,2,0.0,432.0,2,2018,11,Nov,Q4,Monday,2018-11,2018-Q4,24.615384615384617,877.5,1323.0,661.5,High Margin (>20%),No Discount (0%)
B-25850,2018-11-05,2018-11-07,Standard Express,IND-CUST-1168,Abhishek,Corporate,India,Goa,Goa,400001,West,IND-PRD-10719,Electronics,Phones,Phones - Grade Premium,13740.0,11,0.0,2304.0,2,2018,11,Nov,Q4,Monday,2018-11,2018-Q4,16.768558951965066,1249.090909090909,11436.0,1039.6363636363637,Moderate Margin (0-20%),No Discount (0%)
B-25850,2018-11-05,2018-11-08,India Post Parcel,IND-CUST-1168,Abhishek,Small Business,India,Goa,Goa,400001,West,IND-PRD-10720,Clothing,Saree,Saree - Grade Premium,7275.0,4,0.1,2388.0,3,2018,11,Nov,Q4,Monday,2018-11,2018-Q4,32.824742268041234,1818.75,4887.0,1221.75,High Margin (>20%),Moderate Discount (1-20%)
B-25851,2018-11-06,2018-11-09,Standard Express,IND-CUST-1221,Kushal,Small Business,India,Kohima,Nagaland,400001,Central,IND-PRD-10721,Clothing,Hankerchief,Hankerchief - Grade Standard,150.0,2,0.2,24.0,3,2018,11,Nov,Q4,Tuesday,2018-11,2018-Q4,16.0,75.0,126.0,63.0,Moderate Margin (0-20%),Moderate Discount (1-20%)
B-25851,2018-11-06,2018-11-08,Standard Express,IND-CUST-1221,Kushal,Consumer,India,Kohima,Nagaland,400001,Central,IND-PRD-10722,Electronics,Printers,Printers - Grade Premium,4500.0,2,0.25,504.0,2,2018,11,Nov,Q4,Tuesday,2018-11,2018-Q4,11.200000000000001,2250.0,3996.0,1998.0,Moderate Margin (0-20%),High Discount (>20%)
B-25851,2018-11-06,2018-11-10,Standard Express,IND-CUST-1221,Kushal,Consumer,India,Kohima,Nagaland,400001,Central,IND-PRD-10723,Clothing,T-shirt,T-shirt - Grade Standard,855.0,2,0.1,324.0,4,2018,11,Nov,Q4,Tuesday,2018-11,2018-Q4,37.89473684210527,427.5,531.0,265.5,High Margin (>20%),Moderate Discount (1-20%)
B-25851,2018-11-06,2018-11-07,Standard Express,IND-CUST-1221,Kushal,Consumer,India,Kohima,Nagaland,400001,Central,IND-PRD-10724,Clothing,Saree,Saree - Grade A,1545.0,2,0.0,552.0,1,2018,11,Nov,Q4,Tuesday,2018-11,2018-Q4,35.728155339805824,772.5,993.0,496.5,High Margin (>20%),No Discount (0%)
B-25851,2018-11-06,2018-11-07,Same Day Delivery,IND-CUST-1221,Kushal,Consumer,India,Kohima,Nagaland,400001,Central,IND-PRD-10725,Furniture,Bookcases,Bookcases - Grade A,5040.0,3,0.0,852.0,1,2018,11,Nov,Q4,Tuesday,2018-11,2018-Q4,16.904761904761905,1680.0,4188.0,1396.0,Moderate Margin (0-20%),No Discount (0%)
B-25851,2018-11-06,2018-11-10,India Post Parcel,IND-CUST-1221,Kushal,Consumer,India,Kohima,Nagaland,400001,Central,IND-PRD-10726,Clothing,Hankerchief,Hankerchief - Grade A,795.0,6,0.15,288.0,4,2018,11,Nov,Q4,Tuesday,2018-11,2018-Q4,36.22641509433962,132.5,507.0,84.5,High Margin (>20%),Moderate Discount (1-20%)
B-25851,2018-11-06,2018-11-08,Standard Express,IND-CUST-1221,Kushal,Consumer,India,Kohima,Nagaland,400001,Central,IND-PRD-10727,Clothing,T-shirt,T-shirt - Grade B,1350.0,5,0.1,348.0,2,2018,11,Nov,Q4,Tuesday,2018-11,2018-Q4,25.77777777777778,270.0,1002.0,200.4,High Margin (>20%),Moderate Discount (1-20%)
B-25851,2018-11-06,2018-11-09,Standard Express,IND-CUST-1221,Kushal,Corporate,India,Kohima,Nagaland,400001,Central,IND-PRD-10728,Clothing,Saree,Saree - Grade Standard,930.0,3,0.1,12.0,3,2018,11,Nov,Q4,Tuesday,2018-11,2018-Q4,1.2903225806451613,310.0,918.0,306.0,Moderate Margin (0-20%),Moderate Discount (1-20%)
B-25851,2018-11-06,2018-11-07,BlueDart Express,IND-CUST-1221,Kushal,Corporate,India,Kohima,Nagaland,400001,Central,IND-PRD-10729,Clothing,Kurti,Kurti - Grade A,2025.0,5,0.15,648.0,1,2018,11,Nov,Q4,Tuesday,2018-11,2018-Q4,32.0,405.0,1377.0,275.4,High Margin (>20%),Moderate Discount (1-20%)
B-25851,2018-11-06,2018-11-11,Same Day Delivery,IND-CUST-1221,Kushal,Consumer,India,Kohima,Nagaland,400001,Central,IND-PRD-10730,Clothing,T-shirt,T-shirt - Grade Standard,3555.0,9,0.15,564.0,5,2018,11,Nov,Q4,Tuesday,2018-11,2018-Q4,15.864978902953586,395.0,2991.0,332.3333333333333,Moderate Margin (0-20%),Moderate Discount (1-20%)
B-25852,2018-11-07,2018-11-12,BlueDart Express,IND-CUST-1222,Soumyabrata,Corporate,India,Hyderabad,Andhra Pradesh,500001,South,IND-PRD-10731,Electronics,Printers,Printers - Grade Premium,4800.0,1,0.15,1728.0,5,2018,11,Nov,Q4,Wednesday,2018-11,2018-Q4,36.0,4800.0,3072.0,3072.0,High Margin (>20%),Moderate Discount (1-20%)
B-25852,2018-11-07,2018-11-11,Standard Express,IND-CUST-1222,Soumyabrata,Consumer,India,Hyderabad,Andhra Pradesh,500001,South,IND-PRD-10732,Clothing,Hankerchief,Hankerchief - Grade Premium,360.0,2,0.0,12.0,4,2018,11,Nov,Q4,Wednesday,2018-11,2018-Q4,3.3333333333333335,180.0,348.0,174.0,Moderate Margin (0-20%),No Discount (0%)
B-25852,2018-11-07,2018-11-09,Standard Express,IND-CUST-1222,Soumyabrata,Consumer,India,Hyderabad,Andhra Pradesh,500001,South,IND-PRD-10733,Clothing,Hankerchief,Hankerchief - Grade A,675.0,4,0.15,144.0,2,2018,11,Nov,Q4,Wednesday,2018-11,2018-Q4,21.333333333333336,168.75,531.0,132.75,High Margin (>20%),Moderate Discount (1-20%)
B-25852,2018-11-07,2018-11-08,BlueDart Express,IND-CUST-1222,Soumyabrata,Corporate,India,Hyderabad,Andhra Pradesh,500001,South,IND-PRD-10734,Clothing,Stole,Stole - Grade Standard,1455.0,2,0.2,204.0,1,2018,11,Nov,Q4,Wednesday,2018-11,2018-Q4,14.02061855670103,727.5,1251.0,625.5,Moderate Margin (0-20%),Moderate Discount (1-20%)
B-25852,2018-11-07,2018-11-09,Standard Express,IND-CUST-1222,Soumyabrata,Corporate,India,Hyderabad,Andhra Pradesh,500001,South,IND-PRD-10735,Clothing,Stole,Stole - Grade A,750.0,1,0.0,192.0,2,2018,11,Nov,Q4,Wednesday,2018-11,2018-Q4,25.6,750.0,558.0,558.0,High Margin (>20%),No Discount (0%)
B-25852,2018-11-07,2018-11-08,BlueDart Express,IND-CUST-1222,Soumyabrata,Corporate,India,Hyderabad,Andhra Pradesh,500001,South,IND-PRD-10736,Furniture,Tables,Tables - Grade Premium,13035.0,4,0.1,804.0,1,2018,11,Nov,Q4,Wednesday,2018-11,2018-Q4,6.16800920598389,3258.75,12231.0,3057.75,Moderate Margin (0-20%),Moderate Discount (1-20%)
B-25852,2018-11-07,2018-11-11,Standard Express,IND-CUST-1222,Soumyabrata,Consumer,India,Hyderabad,Andhra Pradesh,500001,South,IND-PRD-10737,Clothing,Kurti,Kurti - Grade A,1575.0,5,0.05,396.0,4,2018,11,Nov,Q4,Wednesday,2018-11,2018-Q4,25.142857142857146,315.0,1179.0,235.8,High Margin (>20%),Moderate Discount (1-20%)
B-25853,2018-11-08,2018-11-12,Same Day Delivery,IND-CUST-1223,Gaurav,Corporate,India,Ahmedabad,Gujarat,380001,West,IND-PRD-10738,Clothing,Skirt,Skirt - Grade Standard,585.0,6,0.25,192.0,4,2018,11,Nov,Q4,Thursday,2018-11,2018-Q4,32.82051282051282,97.5,393.0,65.5,High Margin (>20%),High Discount (>20%)
B-25853,2018-11-08,2018-11-13,Standard Express,IND-CUST-1223,Gaurav,Corporate,India,Ahmedabad,Gujarat,380001,West,IND-PRD-10739,Clothing,Hankerchief,Hankerchief - Grade Premium,450.0,3,0.0,168.0,5,2018,11,Nov,Q4,Thursday,2018-11,2018-Q4,37.333333333333336,150.0,282.0,94.0,High Margin (>20%),No Discount (0%)
B-25853,2018-11-08,2018-11-10,BlueDart Express,IND-CUST-1223,Gaurav,Corporate,India,Ahmedabad,Gujarat,380001,West,IND-PRD-10740,Clothing,Hankerchief,Hankerchief - Grade B,390.0,2,0.1,132.0,2,2018,11,Nov,Q4,Thursday,2018-11,2018-Q4,33.84615384615385,195.0,258.0,129.0,High Margin (>20%),Moderate Discount (1-20%)
B-25853,2018-11-08,2018-11-13,BlueDart Express,IND-CUST-1223,Gaurav,Corporate,India,Ahmedabad,Gujarat,380001,West,IND-PRD-10741,Clothing,Saree,Saree - Grade Premium,285.0,2,0.0,72.0,5,2018,11,Nov,Q4,Thursday,2018-11,2018-Q4,25.263157894736842,142.5,213.0,106.5,High Margin (>20%),No Discount (0%)
B-25853,2018-11-08,2018-11-10,BlueDart Express,IND-CUST-1223,Gaurav,Small Business,India,Ahmedabad,Gujarat,380001,West,IND-PRD-10742,Electronics,Printers,Printers - Grade B,8685.0,3,0.15,1668.0,2,2018,11,Nov,Q4,Thursday,2018-11,2018-Q4,19.20552677029361,2895.0,7017.0,2339.0,Moderate Margin (0-20%),Moderate Discount (1-20%)
B-25853,2018-11-08,2018-11-13,Standard Express,IND-CUST-1223,Gaurav,Corporate,India,Ahmedabad,Gujarat,380001,West,IND-PRD-10743,Furniture,Chairs,Chairs - Grade A,31395.0,5,0.0,8652.0,5,2018,11,Nov,Q4,Thursday,2018-11,2018-Q4,27.55852842809365,6279.0,22743.0,4548.6,High Margin (>20%),No Discount (0%)
B-25853,2018-11-08,2018-11-11,BlueDart Express,IND-CUST-1223,Gaurav,Corporate,India,Ahmedabad,Gujarat,380001,West,IND-PRD-10744,Furniture,Furnishings,Furnishings - Grade A,1425.0,4,0.0,132.0,3,2018,11,Nov,Q4,Thursday,2018-11,2018-Q4,9.263157894736842,356.25,1293.0,323.25,Moderate Margin (0-20%),No Discount (0%)
B-25853,2018-11-08,2018-11-11,BlueDart Express,IND-CUST-1223,Gaurav,Small Business,India,Ahmedabad,Gujarat,380001,West,IND-PRD-10745,Clothing,Saree,Saree - Grade Standard,1920.0,3,0.05,48.0,3,2018,11,Nov,Q4,Thursday,2018-11,2018-Q4,2.5,640.0,1872.0,624.0,Moderate Margin (0-20%),Moderate Discount (1-20%)
B-25853,2018-11-08,2018-11-11,BlueDart Express,IND-CUST-1223,Gaurav,Corporate,India,Ahmedabad,Gujarat,380001,West,IND-PRD-10746,Clothing,Stole,Stole - Grade B,2985.0,4,0.2,576.0,3,2018,11,Nov,Q4,Thursday,2018-11,2018-Q4,19.2964824120603,746.25,2409.0,602.25,Moderate Margin (0-20%),Moderate Discount (1-20%)
B-25854,2018-11-08,2018-11-11,BlueDart Express,IND-CUST-1130,Shubham,Consumer,India,Pune,Maharashtra,411001,West,IND-PRD-10747,Clothing,Stole,Stole - Grade A,2235.0,6,0.0,576.0,3,2018,11,Nov,Q4,Thursday,2018-11,2018-Q4,25.771812080536915,372.5,1659.0,276.5,High Margin (>20%),No Discount (0%)
B-25854,2018-11-08,2018-11-09,BlueDart Express,IND-CUST-1130,Shubham,Corporate,India,Pune,Maharashtra,411001,West,IND-PRD-10748,Clothing,Hankerchief,Hankerchief - Grade B,6540.0,9,0.0,1572.0,1,2018,11,Nov,Q4,Thursday,2018-11,2018-Q4,24.036697247706424,726.6666666666666,4968.0,552.0,High Margin (>20%),No Discount (0%)
B-25854,2018-11-08,2018-11-11,Same Day Delivery,IND-CUST-1130,Shubham,Consumer,India,Pune,Maharashtra,411001,West,IND-PRD-10749,Clothing,Hankerchief,Hankerchief - Grade A,1140.0,3,0.15,228.0,3,2018,11,Nov,Q4,Thursday,2018-11,2018-Q4,20.0,380.0,912.0,304.0,Moderate Margin (0-20%),Moderate Discount (1-20%)
B-25854,2018-11-08,2018-11-12,Standard Express,IND-CUST-1130,Shubham,Consumer,India,Pune,Maharashtra,411001,West,IND-PRD-10750,Clothing,Stole,Stole - Grade Premium,1320.0,4,0.1,192.0,4,2018,11,Nov,Q4,Thursday,2018-11,2018-Q4,14.545454545454545,330.0,1128.0,282.0,Moderate Margin (0-20%),Moderate Discount (1-20%)
B-25854,2018-11-08,2018-11-12,Same Day Delivery,IND-CUST-1130,Shubham,Corporate,India,Pune,Maharashtra,411001,West,IND-PRD-10751,Furniture,Furnishings,Furnishings - Grade A,5130.0,7,0.2,1848.0,4,2018,11,Nov,Q4,Thursday,2018-11,2018-Q4,36.0233918128655,732.8571428571429,3282.0,468.85714285714283,High Margin (>20%),Moderate Discount (1-20%)
B-25854,2018-11-08,2018-11-09,BlueDart Express,IND-CUST-1130,Shubham,Small Business,India,Pune,Maharashtra,411001,West,IND-PRD-10752,Clothing,Hankerchief,Hankerchief - Grade Standard,600.0,3,0.0,192.0,1,2018,11,Nov,Q4,Thursday,2018-11,2018-Q4,32.0,200.0,408.0,136.0,High Margin (>20%),No Discount (0%)
B-25854,2018-11-08,2018-11-11,Standard Express,IND-CUST-1130,Shubham,Small Business,India,Pune,Maharashtra,411001,West,IND-PRD-10753,Clothing,Saree,Saree - Grade Premium,795.0,3,0.1,-24.0,3,2018,11,Nov,Q4,Thursday,2018-11,2018-Q4,-3.018867924528302,265.0,819.0,273.0,Loss-Making (<0%),Moderate Discount (1-20%)
B-25854,2018-11-08,2018-11-11,Standard Express,IND-CUST-1130,Shubham,Consumer,India,Pune,Maharashtra,411001,West,IND-PRD-10754,Clothing,Saree,Saree - Grade Standard,5715.0,2,0.0,1728.0,3,2018,11,Nov,Q4,Thursday,2018-11,2018-Q4,30.236220472440944,2857.5,3987.0,1993.5,High Margin (>20%),No Discount (0%)
B-25855,2018-11-08,2018-11-11,Standard Express,IND-CUST-1224,Abhijeet,Consumer,India,Bhopal,Madhya Pradesh,400001,Central,IND-PRD-10755,Electronics,Printers,Printers - Grade Premium,12435.0,4,0.0,228.0,3,2018,11,Nov,Q4,Thursday,2018-11,2018-Q4,1.833534378769602,3108.75,12207.0,3051.75,Moderate Margin (0-20%),No Discount (0%)
B-25855,2018-11-08,2018-11-13,Same Day Delivery,IND-CUST-1224,Abhijeet,Consumer,India,Bhopal,Madhya Pradesh,400001,Central,IND-PRD-10756,Electronics,Electronic Games,Electronic Games - Grade B,6630.0,2,0.1,372.0,5,2018,11,Nov,Q4,Thursday,2018-11,2018-Q4,5.610859728506788,3315.0,6258.0,3129.0,Moderate Margin (0-20%),Moderate Discount (1-20%)
B-25855,2018-11-08,2018-11-10,BlueDart Express,IND-CUST-1224,Abhijeet,Small Business,India,Bhopal,Madhya Pradesh,400001,Central,IND-PRD-10757,Clothing,Hankerchief,Hankerchief - Grade Standard,1350.0,3,0.1,204.0,2,2018,11,Nov,Q4,Thursday,2018-11,2018-Q4,15.11111111111111,450.0,1146.0,382.0,Moderate Margin (0-20%),Moderate Discount (1-20%)
B-25855,2018-11-08,2018-11-13,Same Day Delivery,IND-CUST-1224,Abhijeet,Small Business,India,Bhopal,Madhya Pradesh,400001,Central,IND-PRD-10758,Clothing,Hankerchief,Hankerchief - Grade A,1470.0,2,0.15,144.0,5,2018,11,Nov,Q4,Thursday,2018-11,2018-Q4,9.795918367346939,735.0,1326.0,663.0,Moderate Margin (0-20%),Moderate Discount (1-20%)
B-25855,2018-11-08,2018-11-10,BlueDart Express,IND-CUST-1224,Abhijeet,Corporate,India,Bhopal,Madhya Pradesh,400001,Central,IND-PRD-10759,Clothing,Hankerchief,Hankerchief - Grade B,915.0,2,0.05,360.0,2,2018,11,Nov,Q4,Thursday,2018-11,2018-Q4,39.34426229508197,457.5,555.0,277.5,High Margin (>20%),Moderate Discount (1-20%)
B-25855,2018-11-08,2018-11-11,Standard Express,IND-CUST-1224,Abhijeet,Corporate,India,Bhopal,Madhya Pradesh,400001,Central,IND-PRD-10760,Clothing,Saree,Saree - Grade A,15405.0,8,0.05,5292.0,3,2018,11,Nov,Q4,Thursday,2018-11,2018-Q4,34.35248296007789,1925.625,10113.0,1264.125,High Margin (>20%),Moderate Discount (1-20%)
B-25855,2018-11-08,2018-11-11,Standard Express,IND-CUST-1224,Abhijeet,Corporate,India,Bhopal,Madhya Pradesh,400001,Central,IND-PRD-10761,Electronics,Printers,Printers - Grade Premium,19785.0,5,0.05,6804.0,3,2018,11,Nov,Q4,Thursday,2018-11,2018-Q4,34.38968915845337,3957.0,12981.0,2596.2,High Margin (>20%),Moderate Discount (1-20%)
B-25855,2018-11-08,2018-11-13,Standard Express,IND-CUST-1224,Abhijeet,Corporate,India,Bhopal,Madhya Pradesh,400001,Central,IND-PRD-10762,Furniture,Bookcases,Bookcases - Grade Premium,2955.0,1,0.3,876.0,5,2018,11,Nov,Q4,Thursday,2018-11,2018-Q4,29.644670050761423,2955.0,2079.0,2079.0,High Margin (>20%),High Discount (>20%)
B-25855,2018-11-08,2018-11-13,Standard Express,IND-CUST-1224,Abhijeet,Consumer,India,Bhopal,Madhya Pradesh,400001,Central,IND-PRD-10763,Furniture,Furnishings,Furnishings - Grade A,8250.0,5,0.0,2904.0,5,2018,11,Nov,Q4,Thursday,2018-11,2018-Q4,35.199999999999996,1650.0,5346.0,1069.2,High Margin (>20%),No Discount (0%)
B-25856,2018-11-10,2018-11-12,Standard Express,IND-CUST-1224,Abhijeet,Consumer,India,Mumbai,Maharashtra,400001,West,IND-PRD-10764,Clothing,Stole,Stole - Grade A,1110.0,3,0.0,348.0,2,2018,11,Nov,Q4,Saturday,2018-11,2018-Q4,31.351351351351354,370.0,762.0,254.0,High Margin (>20%),No Discount (0%)
B-25856,2018-11-10,2018-11-14,Standard Express,IND-CUST-1224,Abhijeet,Corporate,India,Mumbai,Maharashtra,400001,West,IND-PRD-10765,Clothing,Skirt,Skirt - Grade B,150.0,2,0.05,24.0,4,2018,11,Nov,Q4,Saturday,2018-11,2018-Q4,16.0,75.0,126.0,63.0,Moderate Margin (0-20%),Moderate Discount (1-20%)
B-25856,2018-11-10,2018-11-12,BlueDart Express,IND-CUST-1224,Abhijeet,Corporate,India,Mumbai,Maharashtra,400001,West,IND-PRD-10766,Clothing,Saree,Saree - Grade A,10335.0,5,0.1,1080.0,2,2018,11,Nov,Q4,Saturday,2018-11,2018-Q4,10.449927431059507,2067.0,9255.0,1851.0,Moderate Margin (0-20%),Moderate Discount (1-20%)
B-25856,2018-11-10,2018-11-15,BlueDart Express,IND-CUST-1224,Abhijeet,Consumer,India,Mumbai,Maharashtra,400001,West,IND-PRD-10767,Clothing,Saree,Saree - Grade Standard,3855.0,2,0.0,36.0,5,2018,11,Nov,Q4,Saturday,2018-11,2018-Q4,0.933852140077821,1927.5,3819.0,1909.5,Moderate Margin (0-20%),No Discount (0%)
B-25856,2018-11-10,2018-11-15,India Post Parcel,IND-CUST-1224,Abhijeet,Small Business,India,Mumbai,Maharashtra,400001,West,IND-PRD-10768,Clothing,Saree,Saree - Grade Standard,720.0,1,0.2,72.0,5,2018,11,Nov,Q4,Saturday,2018-11,2018-Q4,10.0,720.0,648.0,648.0,Moderate Margin (0-20%),Moderate Discount (1-20%)
B-25857,2018-11-10,2018-11-11,India Post Parcel,IND-CUST-1225,Anand,Consumer,India,Indore,Madhya Pradesh,452001,Central,IND-PRD-10769,Electronics,Accessories,Accessories - Grade A,4860.0,8,0.0,468.0,1,2018,11,Nov,Q4,Saturday,2018-11,2018-Q4,9.62962962962963,607.5,4392.0,549.0,Moderate Margin (0-20%),No Discount (0%)
B-25857,2018-11-10,2018-11-15,BlueDart Express,IND-CUST-1225,Anand,Consumer,India,Indore,Madhya Pradesh,452001,Central,IND-PRD-10770,Furniture,Bookcases,Bookcases - Grade Standard,8970.0,4,0.2,1992.0,5,2018,11,Nov,Q4,Saturday,2018-11,2018-Q4,22.207357859531772,2242.5,6978.0,1744.5,High Margin (>20%),Moderate Discount (1-20%)
B-25857,2018-11-10,2018-11-11,Standard Express,IND-CUST-1225,Anand,Corporate,India,Indore,Madhya Pradesh,452001,Central,IND-PRD-10771,Furniture,Furnishings,Furnishings - Grade A,3405.0,2,0.0,708.0,1,2018,11,Nov,Q4,Saturday,2018-11,2018-Q4,20.792951541850222,1702.5,2697.0,1348.5,High Margin (>20%),No Discount (0%)
B-25858,2018-11-13,2018-11-17,BlueDart Express,IND-CUST-1193,Swapnil,Corporate,India,Mumbai,Maharashtra,400001,West,IND-PRD-10772,Clothing,Hankerchief,Hankerchief - Grade B,330.0,3,0.1,96.0,4,2018,11,Nov,Q4,Tuesday,2018-11,2018-Q4,29.09090909090909,110.0,234.0,78.0,High Margin (>20%),Moderate Discount (1-20%)
B-25858,2018-11-13,2018-11-15,Same Day Delivery,IND-CUST-1193,Swapnil,Corporate,India,Mumbai,Maharashtra,400001,West,IND-PRD-10773,Clothing,Skirt,Skirt - Grade Standard,435.0,4,0.2,132.0,2,2018,11,Nov,Q4,Tuesday,2018-11,2018-Q4,30.344827586206897,108.75,303.0,75.75,High Margin (>20%),Moderate Discount (1-20%)
B-25858,2018-11-13,2018-11-15,Standard Express,IND-CUST-1193,Swapnil,Consumer,India,Mumbai,Maharashtra,400001,West,IND-PRD-10774,Clothing,Skirt,Skirt - Grade Standard,405.0,2,0.0,60.0,2,2018,11,Nov,Q4,Tuesday,2018-11,2018-Q4,14.814814814814813,202.5,345.0,172.5,Moderate Margin (0-20%),No Discount (0%)
B-25858,2018-11-13,2018-11-14,Standard Express,IND-CUST-1193,Swapnil,Consumer,India,Mumbai,Maharashtra,400001,West,IND-PRD-10775,Clothing,Shirt,Shirt - Grade A,1230.0,2,0.25,156.0,1,2018,11,Nov,Q4,Tuesday,2018-11,2018-Q4,12.682926829268293,615.0,1074.0,537.0,Moderate Margin (0-20%),High Discount (>20%)
B-25858,2018-11-13,2018-11-15,Same Day Delivery,IND-CUST-1193,Swapnil,Corporate,India,Mumbai,Maharashtra,400001,West,IND-PRD-10776,Electronics,Accessories,Accessories - Grade Standard,4410.0,7,0.05,1308.0,2,2018,11,Nov,Q4,Tuesday,2018-11,2018-Q4,29.65986394557823,630.0,3102.0,443.14285714285717,High Margin (>20%),Moderate Discount (1-20%)
B-25858,2018-11-13,2018-11-18,Standard Express,IND-CUST-1193,Swapnil,Corporate,India,Mumbai,Maharashtra,400001,West,IND-PRD-10777,Clothing,Saree,Saree - Grade Premium,240.0,1,0.25,0.0,5,2018,11,Nov,Q4,Tuesday,2018-11,2018-Q4,0.0,240.0,240.0,240.0,Moderate Margin (0-20%),High Discount (>20%)
B-25858,2018-11-13,2018-11-16,BlueDart Express,IND-CUST-1193,Swapnil,Consumer,India,Mumbai,Maharashtra,400001,West,IND-PRD-10778,Clothing,Saree,Saree - Grade B,3675.0,2,0.1,360.0,3,2018,11,Nov,Q4,Tuesday,2018-11,2018-Q4,9.795918367346939,1837.5,3315.0,1657.5,Moderate Margin (0-20%),Moderate Discount (1-20%)
B-25858,2018-11-13,2018-11-14,BlueDart Express,IND-CUST-1193,Swapnil,Corporate,India,Mumbai,Maharashtra,400001,West,IND-PRD-10779,Furniture,Bookcases,Bookcases - Grade B,3345.0,2,0.05,324.0,1,2018,11,Nov,Q4,Tuesday,2018-11,2018-Q4,9.686098654708521,1672.5,3021.0,1510.5,Moderate Margin (0-20%),Moderate Discount (1-20%)
B-25858,2018-11-13,2018-11-15,Standard Express,IND-CUST-1193,Swapnil,Consumer,India,Mumbai,Maharashtra,400001,West,IND-PRD-10780,Electronics,Electronic Games,Electronic Games - Grade Standard,36855.0,11,0.0,7980.0,2,2018,11,Nov,Q4,Tuesday,2018-11,2018-Q4,21.65242165242165,3350.4545454545455,28875.0,2625.0,High Margin (>20%),No Discount (0%)
B-25859,2018-11-14,2018-11-15,Standard Express,IND-CUST-1226,Chikku,Corporate,India,Indore,Madhya Pradesh,452001,Central,IND-PRD-10781,Furniture,Bookcases,Bookcases - Grade Standard,10860.0,2,0.05,3036.0,1,2018,11,Nov,Q4,Wednesday,2018-11,2018-Q4,27.955801104972377,5430.0,7824.0,3912.0,High Margin (>20%),Moderate Discount (1-20%)
B-25860,2018-11-15,2018-11-16,Standard Express,IND-CUST-1145,Akshay,Corporate,India,Chennai,Tamil Nadu,600001,South,IND-PRD-10782,Clothing,Kurti,Kurti - Grade Premium,1680.0,3,0.0,288.0,1,2018,11,Nov,Q4,Thursday,2018-11,2018-Q4,17.142857142857142,560.0,1392.0,464.0,Moderate Margin (0-20%),No Discount (0%)
B-25861,2018-11-15,2018-11-18,Standard Express,IND-CUST-1227,Aayush,Consumer,India,Lucknow,Uttar Pradesh,226001,North,IND-PRD-10783,Clothing,Saree,Saree - Grade Premium,1920.0,3,0.0,48.0,3,2018,11,Nov,Q4,Thursday,2018-11,2018-Q4,2.5,640.0,1872.0,624.0,Moderate Margin (0-20%),No Discount (0%)
B-25861,2018-11-15,2018-11-20,Standard Express,IND-CUST-1227,Aayush,Consumer,India,Lucknow,Uttar Pradesh,226001,North,IND-PRD-10784,Clothing,Stole,Stole - Grade Standard,750.0,2,0.0,36.0,5,2018,11,Nov,Q4,Thursday,2018-11,2018-Q4,4.8,375.0,714.0,357.0,Moderate Margin (0-20%),No Discount (0%)
B-25861,2018-11-15,2018-11-16,Same Day Delivery,IND-CUST-1227,Aayush,Corporate,India,Lucknow,Uttar Pradesh,226001,North,IND-PRD-10785,Clothing,Hankerchief,Hankerchief - Grade Standard,930.0,5,0.05,72.0,1,2018,11,Nov,Q4,Thursday,2018-11,2018-Q4,7.741935483870968,186.0,858.0,171.6,Moderate Margin (0-20%),Moderate Discount (1-20%)
B-25861,2018-11-15,2018-11-17,Standard Express,IND-CUST-1227,Aayush,Corporate,India,Lucknow,Uttar Pradesh,226001,North,IND-PRD-10786,Clothing,Hankerchief,Hankerchief - Grade Premium,660.0,3,0.15,168.0,2,2018,11,Nov,Q4,Thursday,2018-11,2018-Q4,25.454545454545453,220.0,492.0,164.0,High Margin (>20%),Moderate Discount (1-20%)
B-25861,2018-11-15,2018-11-19,BlueDart Express,IND-CUST-1227,Aayush,Corporate,India,Lucknow,Uttar Pradesh,226001,North,IND-PRD-10787,Clothing,Hankerchief,Hankerchief - Grade A,840.0,2,0.0,216.0,4,2018,11,Nov,Q4,Thursday,2018-11,2018-Q4,25.71428571428571,420.0,624.0,312.0,High Margin (>20%),No Discount (0%)
B-25861,2018-11-15,2018-11-16,Standard Express,IND-CUST-1227,Aayush,Corporate,India,Lucknow,Uttar Pradesh,226001,North,IND-PRD-10788,Electronics,Electronic Games,Electronic Games - Grade Premium,3240.0,3,0.0,-996.0,1,2018,11,Nov,Q4,Thursday,2018-11,2018-Q4,-30.74074074074074,1080.0,4236.0,1412.0,Loss-Making (<0%),No Discount (0%)
B-25862,2018-11-15,2018-11-16,India Post Parcel,IND-CUST-1228,Amol,Corporate,India,Patna,Bihar,400001,East,IND-PRD-10789,Furniture,Bookcases,Bookcases - Grade A,30915.0,5,0.1,8412.0,1,2018,11,Nov,Q4,Thursday,2018-11,2018-Q4,27.210092188258127,6183.0,22503.0,4500.6,High Margin (>20%),Moderate Discount (1-20%)
B-25862,2018-11-15,2018-11-18,Standard Express,IND-CUST-1228,Amol,Small Business,India,Patna,Bihar,400001,East,IND-PRD-10790,Clothing,Stole,Stole - Grade B,1815.0,4,0.0,492.0,3,2018,11,Nov,Q4,Thursday,2018-11,2018-Q4,27.107438016528924,453.75,1323.0,330.75,High Margin (>20%),No Discount (0%)
B-25862,2018-11-15,2018-11-20,Standard Express,IND-CUST-1228,Amol,Consumer,India,Patna,Bihar,400001,East,IND-PRD-10791,Clothing,Stole,Stole - Grade B,1200.0,3,0.0,36.0,5,2018,11,Nov,Q4,Thursday,2018-11,2018-Q4,3.0,400.0,1164.0,388.0,Moderate Margin (0-20%),No Discount (0%)
B-25863,2018-11-15,2018-11-19,Same Day Delivery,IND-CUST-1229,Manibalan,Consumer,India,Thiruvananthapuram,Kerala,400001,Central,IND-PRD-10792,Clothing,Stole,Stole - Grade Premium,2835.0,7,0.0,1044.0,4,2018,11,Nov,Q4,Thursday,2018-11,2018-Q4,36.82539682539683,405.0,1791.0,255.85714285714286,High Margin (>20%),No Discount (0%)
B-25864,2018-11-15,2018-11-17,Same Day Delivery,IND-CUST-1230,Aromal,Consumer,India,Mumbai,Maharashtra,400001,West,IND-PRD-10793,Clothing,Stole,Stole - Grade A,1500.0,4,0.2,72.0,2,2018,11,Nov,Q4,Thursday,2018-11,2018-Q4,4.8,375.0,1428.0,357.0,Moderate Margin (0-20%),Moderate Discount (1-20%)
B-25864,2018-11-15,2018-11-19,Standard Express,IND-CUST-1230,Aromal,Consumer,India,Mumbai,Maharashtra,400001,West,IND-PRD-10794,Clothing,Hankerchief,Hankerchief - Grade Premium,255.0,1,0.15,60.0,4,2018,11,Nov,Q4,Thursday,2018-11,2018-Q4,23.52941176470588,255.0,195.0,195.0,High Margin (>20%),Moderate Discount (1-20%)
B-25864,2018-11-15,2018-11-17,Same Day Delivery,IND-CUST-1230,Aromal,Corporate,India,Mumbai,Maharashtra,400001,West,IND-PRD-10795,Clothing,Leggings,Leggings - Grade Premium,330.0,2,0.05,96.0,2,2018,11,Nov,Q4,Thursday,2018-11,2018-Q4,29.09090909090909,165.0,234.0,117.0,High Margin (>20%),Moderate Discount (1-20%)
B-25864,2018-11-15,2018-11-20,BlueDart Express,IND-CUST-1230,Aromal,Consumer,India,Mumbai,Maharashtra,400001,West,IND-PRD-10796,Clothing,Hankerchief,Hankerchief - Grade A,405.0,2,0.1,108.0,5,2018,11,Nov,Q4,Thursday,2018-11,2018-Q4,26.666666666666668,202.5,297.0,148.5,High Margin (>20%),Moderate Discount (1-20%)
B-25865,2018-11-15,2018-11-17,BlueDart Express,IND-CUST-1231,Arun,Small Business,India,Indore,Madhya Pradesh,452001,Central,IND-PRD-10797,Clothing,Saree,Saree - Grade Premium,1275.0,3,0.1,-12.0,2,2018,11,Nov,Q4,Thursday,2018-11,2018-Q4,-0.9411764705882352,425.0,1287.0,429.0,Loss-Making (<0%),Moderate Discount (1-20%)
B-25866,2018-11-16,2018-11-19,Standard Express,IND-CUST-1232,Komal,Corporate,India,Simla,Himachal Pradesh,400001,Central,IND-PRD-10798,Clothing,Stole,Stole - Grade B,765.0,2,0.1,168.0,3,2018,11,Nov,Q4,Friday,2018-11,2018-Q4,21.96078431372549,382.5,597.0,298.5,High Margin (>20%),Moderate Discount (1-20%)
B-25867,2018-11-17,2018-11-20,Standard Express,IND-CUST-1184,Ankit,Corporate,India,Gangtok,Sikkim,400001,Central,IND-PRD-10799,Clothing,Stole,Stole - Grade Standard,465.0,3,0.1,168.0,3,2018,11,Nov,Q4,Saturday,2018-11,2018-Q4,36.12903225806451,155.0,297.0,99.0,High Margin (>20%),Moderate Discount (1-20%)
B-25867,2018-11-17,2018-11-20,BlueDart Express,IND-CUST-1184,Ankit,Consumer,India,Gangtok,Sikkim,400001,Central,IND-PRD-10800,Clothing,Kurti,Kurti - Grade Standard,3600.0,6,0.1,144.0,3,2018,11,Nov,Q4,Saturday,2018-11,2018-Q4,4.0,600.0,3456.0,576.0,Moderate Margin (0-20%),Moderate Discount (1-20%)
B-25867,2018-11-17,2018-11-20,BlueDart Express,IND-CUST-1184,Ankit,Consumer,India,Gangtok,Sikkim,400001,Central,IND-PRD-10801,Clothing,Shirt,Shirt - Grade Premium,2445.0,4,0.0,312.0,3,2018,11,Nov,Q4,Saturday,2018-11,2018-Q4,12.76073619631902,611.25,2133.0,533.25,Moderate Margin (0-20%),No Discount (0%)
B-25868,2018-11-18,2018-11-22,Standard Express,IND-CUST-1233,Vikash,Consumer,India,Goa,Goa,400001,West,IND-PRD-10802,Electronics,Accessories,Accessories - Grade A,2550.0,2,0.0,876.0,4,2018,11,Nov,Q4,Sunday,2018-11,2018-Q4,34.35294117647059,1275.0,1674.0,837.0,High Margin (>20%),No Discount (0%)
B-25868,2018-11-18,2018-11-23,BlueDart Express,IND-CUST-1233,Vikash,Consumer,India,Goa,Goa,400001,West,IND-PRD-10803,Electronics,Phones,Phones - Grade A,930.0,1,0.05,-12.0,5,2018,11,Nov,Q4,Sunday,2018-11,2018-Q4,-1.2903225806451613,930.0,942.0,942.0,Loss-Making (<0%),Moderate Discount (1-20%)
B-25868,2018-11-18,2018-11-20,Same Day Delivery,IND-CUST-1233,Vikash,Consumer,India,Goa,Goa,400001,West,IND-PRD-10804,Furniture,Tables,Tables - Grade B,16770.0,2,0.2,2472.0,2,2018,11,Nov,Q4,Sunday,2018-11,2018-Q4,14.740608228980323,8385.0,14298.0,7149.0,Moderate Margin (0-20%),Moderate Discount (1-20%)
B-25869,2018-11-19,2018-11-21,Standard Express,IND-CUST-1234,Parakh,Corporate,India,Kohima,Nagaland,400001,Central,IND-PRD-10805,Clothing,Saree,Saree - Grade A,1290.0,3,0.1,108.0,2,2018,11,Nov,Q4,Monday,2018-11,2018-Q4,8.372093023255815,430.0,1182.0,394.0,Moderate Margin (0-20%),Moderate Discount (1-20%)
B-25870,2018-11-20,2018-11-23,BlueDart Express,IND-CUST-1127,Pranav,Small Business,India,Hyderabad,Andhra Pradesh,500001,South,IND-PRD-10806,Clothing,Kurti,Kurti - Grade A,150.0,1,0.15,48.0,3,2018,11,Nov,Q4,Tuesday,2018-11,2018-Q4,32.0,150.0,102.0,102.0,High Margin (>20%),Moderate Discount (1-20%)
B-25870,2018-11-20,2018-11-23,Standard Express,IND-CUST-1127,Pranav,Small Business,India,Hyderabad,Andhra Pradesh,500001,South,IND-PRD-10807,Clothing,Saree,Saree - Grade B,12675.0,7,0.3,1008.0,3,2018,11,Nov,Q4,Tuesday,2018-11,2018-Q4,7.952662721893492,1810.7142857142858,11667.0,1666.7142857142858,Moderate Margin (0-20%),High Discount (>20%)
B-25870,2018-11-20,2018-11-21,Same Day Delivery,IND-CUST-1127,Pranav,Corporate,India,Hyderabad,Andhra Pradesh,500001,South,IND-PRD-10808,Furniture,Furnishings,Furnishings - Grade Premium,855.0,3,0.0,84.0,1,2018,11,Nov,Q4,Tuesday,2018-11,2018-Q4,9.824561403508772,285.0,771.0,257.0,Moderate Margin (0-20%),No Discount (0%)
B-25870,2018-11-20,2018-11-25,BlueDart Express,IND-CUST-1127,Pranav,Consumer,India,Hyderabad,Andhra Pradesh,500001,South,IND-PRD-10809,Clothing,Hankerchief,Hankerchief - Grade Standard,7095.0,9,0.1,1356.0,5,2018,11,Nov,Q4,Tuesday,2018-11,2018-Q4,19.112050739957716,788.3333333333334,5739.0,637.6666666666666,Moderate Margin (0-20%),Moderate Discount (1-20%)
B-25871,2018-11-21,2018-11-25,India Post Parcel,IND-CUST-1235,Gunjal,Small Business,India,Surat,Gujarat,395001,West,IND-PRD-10810,Clothing,Hankerchief,Hankerchief - Grade B,1770.0,4,0.1,300.0,4,2018,11,Nov,Q4,Wednesday,2018-11,2018-Q4,16.94915254237288,442.5,1470.0,367.5,Moderate Margin (0-20%),Moderate Discount (1-20%)
B-25872,2018-11-22,2018-11-24,Standard Express,IND-CUST-1236,Saurabh,Small Business,India,Mumbai,Maharashtra,400001,West,IND-PRD-10811,Clothing,Shirt,Shirt - Grade Premium,855.0,2,0.25,324.0,2,2018,11,Nov,Q4,Thursday,2018-11,2018-Q4,37.89473684210527,427.5,531.0,265.5,High Margin (>20%),High Discount (>20%)
B-25873,2018-11-23,2018-11-24,Standard Express,IND-CUST-1237,Divyeta,Consumer,India,Indore,Madhya Pradesh,452001,Central,IND-PRD-10812,Clothing,Stole,Stole - Grade B,990.0,3,0.3,144.0,1,2018,11,Nov,Q4,Friday,2018-11,2018-Q4,14.545454545454545,330.0,846.0,282.0,Moderate Margin (0-20%),High Discount (>20%)
B-25873,2018-11-23,2018-11-24,Standard Express,IND-CUST-1237,Divyeta,Corporate,India,Indore,Madhya Pradesh,452001,Central,IND-PRD-10813,Electronics,Electronic Games,Electronic Games - Grade Premium,5505.0,3,0.1,876.0,1,2018,11,Nov,Q4,Friday,2018-11,2018-Q4,15.912806539509535,1835.0,4629.0,1543.0,Moderate Margin (0-20%),Moderate Discount (1-20%)
B-25873,2018-11-23,2018-11-25,Standard Express,IND-CUST-1237,Divyeta,Consumer,India,Indore,Madhya Pradesh,452001,Central,IND-PRD-10814,Clothing,Hankerchief,Hankerchief - Grade B,105.0,1,0.0,12.0,2,2018,11,Nov,Q4,Friday,2018-11,2018-Q4,11.428571428571429,105.0,93.0,93.0,Moderate Margin (0-20%),No Discount (0%)
B-25873,2018-11-23,2018-11-27,Standard Express,IND-CUST-1237,Divyeta,Corporate,India,Indore,Madhya Pradesh,452001,Central,IND-PRD-10815,Electronics,Phones,Phones - Grade Premium,19125.0,2,0.15,4284.0,4,2018,11,Nov,Q4,Friday,2018-11,2018-Q4,22.400000000000002,9562.5,14841.0,7420.5,High Margin (>20%),Moderate Discount (1-20%)
B-25873,2018-11-23,2018-11-24,India Post Parcel,IND-CUST-1237,Divyeta,Small Business,India,Indore,Madhya Pradesh,452001,Central,IND-PRD-10816,Clothing,Kurti,Kurti - Grade B,630.0,2,0.0,144.0,1,2018,11,Nov,Q4,Friday,2018-11,2018-Q4,22.857142857142858,315.0,486.0,243.0,High Margin (>20%),No Discount (0%)
B-25874,2018-11-24,2018-11-25,Standard Express,IND-CUST-1106,Megha,Consumer,India,Udaipur,Rajasthan,400001,North,IND-PRD-10817,Clothing,T-shirt,T-shirt - Grade Premium,1860.0,5,0.15,648.0,1,2018,11,Nov,Q4,Saturday,2018-11,2018-Q4,34.83870967741935,372.0,1212.0,242.4,High Margin (>20%),Moderate Discount (1-20%)
B-25875,2018-11-24,2018-11-29,Standard Express,IND-CUST-1238,Divyeshkumar,Small Business,India,Allahabad,Uttar Pradesh,400001,North,IND-PRD-10818,Clothing,Saree,Saree - Grade B,3720.0,2,0.2,96.0,5,2018,11,Nov,Q4,Saturday,2018-11,2018-Q4,2.5806451612903225,1860.0,3624.0,1812.0,Moderate Margin (0-20%),Moderate Discount (1-20%)
B-25876,2018-11-24,2018-11-28,Same Day Delivery,IND-CUST-1239,Bhosale,Corporate,India,Amritsar,Punjab,400001,North,IND-PRD-10819,Clothing,Trousers,Trousers - Grade Standard,4230.0,4,0.05,168.0,4,2018,11,Nov,Q4,Saturday,2018-11,2018-Q4,3.9716312056737593,1057.5,4062.0,1015.5,Moderate Margin (0-20%),Moderate Discount (1-20%)
B-25877,2018-11-24,2018-11-25,Standard Express,IND-CUST-1240,Dashyam,Small Business,India,Surat,Gujarat,395001,West,IND-PRD-10820,Clothing,Trousers,Trousers - Grade Standard,17055.0,2,0.1,6816.0,1,2018,11,Nov,Q4,Saturday,2018-11,2018-Q4,39.96481970096746,8527.5,10239.0,5119.5,High Margin (>20%),Moderate Discount (1-20%)
B-25877,2018-11-24,2018-11-28,Same Day Delivery,IND-CUST-1240,Dashyam,Consumer,India,Surat,Gujarat,395001,West,IND-PRD-10821,Furniture,Chairs,Chairs - Grade A,4035.0,5,0.05,396.0,4,2018,11,Nov,Q4,Saturday,2018-11,2018-Q4,9.814126394052044,807.0,3639.0,727.8,Moderate Margin (0-20%),Moderate Discount (1-20%)
B-25877,2018-11-24,2018-11-26,Standard Express,IND-CUST-1240,Dashyam,Corporate,India,Surat,Gujarat,395001,West,IND-PRD-10822,Clothing,Skirt,Skirt - Grade Premium,360.0,2,0.05,96.0,2,2018,11,Nov,Q4,Saturday,2018-11,2018-Q4,26.666666666666668,180.0,264.0,132.0,High Margin (>20%),Moderate Discount (1-20%)
B-25878,2018-11-24,2018-11-27,BlueDart Express,IND-CUST-1241,Mrinal,Consumer,India,Mumbai,Maharashtra,400001,West,IND-PRD-10823,Furniture,Furnishings,Furnishings - Grade B,2475.0,3,0.05,552.0,3,2018,11,Nov,Q4,Saturday,2018-11,2018-Q4,22.3030303030303,825.0,1923.0,641.0,High Margin (>20%),Moderate Discount (1-20%)
B-25878,2018-11-24,2018-11-25,Standard Express,IND-CUST-1241,Mrinal,Consumer,India,Mumbai,Maharashtra,400001,West,IND-PRD-10824,Clothing,Leggings,Leggings - Grade Premium,690.0,4,0.15,0.0,1,2018,11,Nov,Q4,Saturday,2018-11,2018-Q4,0.0,172.5,690.0,172.5,Moderate Margin (0-20%),Moderate Discount (1-20%)
B-25878,2018-11-24,2018-11-29,Standard Express,IND-CUST-1241,Mrinal,Consumer,India,Mumbai,Maharashtra,400001,West,IND-PRD-10825,Clothing,T-shirt,T-shirt - Grade Standard,1260.0,3,0.25,492.0,5,2018,11,Nov,Q4,Saturday,2018-11,2018-Q4,39.04761904761905,420.0,768.0,256.0,High Margin (>20%),High Discount (>20%)
B-25878,2018-11-24,2018-11-26,India Post Parcel,IND-CUST-1241,Mrinal,Small Business,India,Mumbai,Maharashtra,400001,West,IND-PRD-10826,Clothing,Stole,Stole - Grade Premium,2100.0,5,0.25,180.0,2,2018,11,Nov,Q4,Saturday,2018-11,2018-Q4,8.571428571428571,420.0,1920.0,384.0,Moderate Margin (0-20%),High Discount (>20%)
B-25878,2018-11-24,2018-11-28,Standard Express,IND-CUST-1241,Mrinal,Corporate,India,Mumbai,Maharashtra,400001,West,IND-PRD-10827,Furniture,Bookcases,Bookcases - Grade B,11115.0,5,0.0,3204.0,4,2018,11,Nov,Q4,Saturday,2018-11,2018-Q4,28.825910931174086,2223.0,7911.0,1582.2,High Margin (>20%),No Discount (0%)
B-25878,2018-11-24,2018-11-26,BlueDart Express,IND-CUST-1241,Mrinal,Small Business,India,Mumbai,Maharashtra,400001,West,IND-PRD-10828,Furniture,Chairs,Chairs - Grade Premium,10785.0,6,0.2,3636.0,2,2018,11,Nov,Q4,Saturday,2018-11,2018-Q4,33.7134909596662,1797.5,7149.0,1191.5,High Margin (>20%),Moderate Discount (1-20%)
B-25879,2018-11-24,2018-11-25,Standard Express,IND-CUST-1173,Siddharth,Small Business,India,Indore,Madhya Pradesh,452001,Central,IND-PRD-10829,Clothing,Kurti,Kurti - Grade B,855.0,2,0.15,336.0,1,2018,11,Nov,Q4,Saturday,2018-11,2018-Q4,39.29824561403509,427.5,519.0,259.5,High Margin (>20%),Moderate Discount (1-20%)
B-25880,2018-11-24,2018-11-28,Standard Express,IND-CUST-1242,Apoorv,Consumer,India,Udaipur,Rajasthan,400001,North,IND-PRD-10830,Clothing,Stole,Stole - Grade Standard,1620.0,2,0.0,444.0,4,2018,11,Nov,Q4,Saturday,2018-11,2018-Q4,27.40740740740741,810.0,1176.0,588.0,High Margin (>20%),No Discount (0%)
B-25881,2018-11-25,2018-11-28,Same Day Delivery,IND-CUST-1027,Pooja,Consumer,India,Allahabad,Uttar Pradesh,400001,North,IND-PRD-10831,Clothing,Hankerchief,Hankerchief - Grade Standard,555.0,3,0.0,36.0,3,2018,11,Nov,Q4,Sunday,2018-11,2018-Q4,6.486486486486487,185.0,519.0,173.0,Moderate Margin (0-20%),No Discount (0%)
B-25881,2018-11-25,2018-11-27,Standard Express,IND-CUST-1027,Pooja,Consumer,India,Allahabad,Uttar Pradesh,400001,North,IND-PRD-10832,Clothing,Leggings,Leggings - Grade Standard,390.0,2,0.0,108.0,2,2018,11,Nov,Q4,Sunday,2018-11,2018-Q4,27.692307692307693,195.0,282.0,141.0,High Margin (>20%),No Discount (0%)
B-25881,2018-11-25,2018-11-26,BlueDart Express,IND-CUST-1027,Pooja,Consumer,India,Allahabad,Uttar Pradesh,400001,North,IND-PRD-10833,Electronics,Electronic Games,Electronic Games - Grade A,20265.0,6,0.2,1332.0,1,2018,11,Nov,Q4,Sunday,2018-11,2018-Q4,6.572908956328645,3377.5,18933.0,3155.5,Moderate Margin (0-20%),Moderate Discount (1-20%)
B-25881,2018-11-25,2018-11-30,India Post Parcel,IND-CUST-1027,Pooja,Consumer,India,Allahabad,Uttar Pradesh,400001,North,IND-PRD-10834,Clothing,Trousers,Trousers - Grade Standard,33660.0,4,0.1,2964.0,5,2018,11,Nov,Q4,Sunday,2018-11,2018-Q4,8.805704099821748,8415.0,30696.0,7674.0,Moderate Margin (0-20%),Moderate Discount (1-20%)
B-25881,2018-11-25,2018-11-29,BlueDart Express,IND-CUST-1027,Pooja,Consumer,India,Allahabad,Uttar Pradesh,400001,North,IND-PRD-10835,Clothing,Leggings,Leggings - Grade Premium,540.0,3,0.15,84.0,4,2018,11,Nov,Q4,Sunday,2018-11,2018-Q4,15.555555555555555,180.0,456.0,152.0,Moderate Margin (0-20%),Moderate Discount (1-20%)
B-25881,2018-11-25,2018-11-27,India Post Parcel,IND-CUST-1027,Pooja,Consumer,India,Allahabad,Uttar Pradesh,400001,North,IND-PRD-10836,Furniture,Chairs,Chairs - Grade A,31725.0,5,0.0,276.0,2,2018,11,Nov,Q4,Sunday,2018-11,2018-Q4,0.8699763593380615,6345.0,31449.0,6289.8,Moderate Margin (0-20%),No Discount (0%)
B-25882,2018-11-26,2018-11-28,Standard Express,IND-CUST-1243,Masurkar,Consumer,India,Amritsar,Punjab,400001,North,IND-PRD-10837,Clothing,Stole,Stole - Grade Standard,1815.0,4,0.15,228.0,2,2018,11,Nov,Q4,Monday,2018-11,2018-Q4,12.561983471074381,453.75,1587.0,396.75,Moderate Margin (0-20%),Moderate Discount (1-20%)
B-25883,2018-11-27,2018-11-30,Standard Express,IND-CUST-1244,Saptadeep,Consumer,India,Surat,Gujarat,395001,West,IND-PRD-10838,Clothing,Hankerchief,Hankerchief - Grade Premium,2190.0,5,0.0,504.0,3,2018,11,Nov,Q4,Tuesday,2018-11,2018-Q4,23.013698630136986,438.0,1686.0,337.2,High Margin (>20%),No Discount (0%)
B-25883,2018-11-27,2018-11-30,Standard Express,IND-CUST-1244,Saptadeep,Consumer,India,Surat,Gujarat,395001,West,IND-PRD-10839,Clothing,Leggings,Leggings - Grade Premium,1575.0,8,0.05,312.0,3,2018,11,Nov,Q4,Tuesday,2018-11,2018-Q4,19.80952380952381,196.875,1263.0,157.875,Moderate Margin (0-20%),Moderate Discount (1-20%)
B-25883,2018-11-27,2018-12-02,BlueDart Express,IND-CUST-1244,Saptadeep,Small Business,India,Surat,Gujarat,395001,West,IND-PRD-10840,Furniture,Furnishings,Furnishings - Grade Premium,1905.0,3,0.1,348.0,5,2018,11,Nov,Q4,Tuesday,2018-11,2018-Q4,18.26771653543307,635.0,1557.0,519.0,Moderate Margin (0-20%),Moderate Discount (1-20%)
B-25883,2018-11-27,2018-12-02,India Post Parcel,IND-CUST-1244,Saptadeep,Corporate,India,Surat,Gujarat,395001,West,IND-PRD-10841,Clothing,Hankerchief,Hankerchief - Grade B,240.0,4,0.0,-180.0,5,2018,11,Nov,Q4,Tuesday,2018-11,2018-Q4,-75.0,60.0,420.0,105.0,Loss-Making (<0%),No Discount (0%)
B-25883,2018-11-27,2018-11-28,Standard Express,IND-CUST-1244,Saptadeep,Small Business,India,Surat,Gujarat,395001,West,IND-PRD-10842,Clothing,Leggings,Leggings - Grade A,150.0,2,0.15,-24.0,1,2018,11,Nov,Q4,Tuesday,2018-11,2018-Q4,-16.0,75.0,174.0,87.0,Loss-Making (<0%),Moderate Discount (1-20%)
B-25884,2018-11-28,2018-11-29,BlueDart Express,IND-CUST-1245,Sumeet,Consumer,India,Mumbai,Maharashtra,400001,West,IND-PRD-10843,Clothing,Hankerchief,Hankerchief - Grade Premium,360.0,4,0.0,24.0,1,2018,11,Nov,Q4,Wednesday,2018-11,2018-Q4,6.666666666666667,90.0,336.0,84.0,Moderate Margin (0-20%),No Discount (0%)
B-25885,2018-11-28,2018-12-03,Standard Express,IND-CUST-1246,Shatayu,Consumer,India,Indore,Madhya Pradesh,452001,Central,IND-PRD-10844,Clothing,Shirt,Shirt - Grade B,1410.0,2,0.1,324.0,5,2018,11,Nov,Q4,Wednesday,2018-11,2018-Q4,22.97872340425532,705.0,1086.0,543.0,High Margin (>20%),Moderate Discount (1-20%)
B-25885,2018-11-28,2018-12-03,BlueDart Express,IND-CUST-1246,Shatayu,Corporate,India,Indore,Madhya Pradesh,452001,Central,IND-PRD-10845,Furniture,Bookcases,Bookcases - Grade Standard,5910.0,2,0.05,1752.0,5,2018,11,Nov,Q4,Wednesday,2018-11,2018-Q4,29.644670050761423,2955.0,4158.0,2079.0,High Margin (>20%),Moderate Discount (1-20%)
B-25885,2018-11-28,2018-12-02,BlueDart Express,IND-CUST-1246,Shatayu,Consumer,India,Indore,Madhya Pradesh,452001,Central,IND-PRD-10846,Furniture,Chairs,Chairs - Grade Premium,11010.0,2,0.1,2976.0,4,2018,11,Nov,Q4,Wednesday,2018-11,2018-Q4,27.029972752043598,5505.0,8034.0,4017.0,High Margin (>20%),Moderate Discount (1-20%)
B-25885,2018-11-28,2018-12-01,India Post Parcel,IND-CUST-1246,Shatayu,Consumer,India,Indore,Madhya Pradesh,452001,Central,IND-PRD-10847,Clothing,Stole,Stole - Grade B,5235.0,7,0.0,0.0,3,2018,11,Nov,Q4,Wednesday,2018-11,2018-Q4,0.0,747.8571428571429,5235.0,747.8571428571429,Moderate Margin (0-20%),No Discount (0%)
B-25886,2018-11-28,2018-11-29,BlueDart Express,IND-CUST-1247,Brijesh,Consumer,India,Udaipur,Rajasthan,400001,North,IND-PRD-10848,Clothing,Stole,Stole - Grade Premium,1335.0,2,0.0,204.0,1,2018,11,Nov,Q4,Wednesday,2018-11,2018-Q4,15.280898876404494,667.5,1131.0,565.5,Moderate Margin (0-20%),No Discount (0%)
B-25886,2018-11-28,2018-12-01,Standard Express,IND-CUST-1247,Brijesh,Consumer,India,Udaipur,Rajasthan,400001,North,IND-PRD-10849,Electronics,Phones,Phones - Grade A,7530.0,4,0.2,1008.0,3,2018,11,Nov,Q4,Wednesday,2018-11,2018-Q4,13.386454183266933,1882.5,6522.0,1630.5,Moderate Margin (0-20%),Moderate Discount (1-20%)
B-25886,2018-11-28,2018-12-01,Standard Express,IND-CUST-1247,Brijesh,Consumer,India,Udaipur,Rajasthan,400001,North,IND-PRD-10850,Clothing,T-shirt,T-shirt - Grade A,945.0,4,0.0,12.0,3,2018,11,Nov,Q4,Wednesday,2018-11,2018-Q4,1.2698412698412698,236.25,933.0,233.25,Moderate Margin (0-20%),No Discount (0%)
B-25886,2018-11-28,2018-12-03,Standard Express,IND-CUST-1247,Brijesh,Consumer,India,Udaipur,Rajasthan,400001,North,IND-PRD-10851,Clothing,Shirt,Shirt - Grade Standard,1605.0,3,0.15,444.0,5,2018,11,Nov,Q4,Wednesday,2018-11,2018-Q4,27.663551401869157,535.0,1161.0,387.0,High Margin (>20%),Moderate Discount (1-20%)
B-25887,2018-12-01,2018-12-05,Standard Express,IND-CUST-1248,Vedant,Corporate,India,Allahabad,Uttar Pradesh,400001,North,IND-PRD-10852,Clothing,Shirt,Shirt - Grade Premium,1245.0,6,0.3,72.0,4,2018,12,Dec,Q4,Saturday,2018-12,2018-Q4,5.783132530120482,207.5,1173.0,195.5,Moderate Margin (0-20%),High Discount (>20%)
B-25887,2018-12-01,2018-12-03,Standard Express,IND-CUST-1248,Vedant,Consumer,India,Allahabad,Uttar Pradesh,400001,North,IND-PRD-10853,Electronics,Printers,Printers - Grade B,31875.0,6,0.0,2808.0,2,2018,12,Dec,Q4,Saturday,2018-12,2018-Q4,8.809411764705882,5312.5,29067.0,4844.5,Moderate Margin (0-20%),No Discount (0%)
B-25888,2018-12-02,2018-12-06,Same Day Delivery,IND-CUST-1200,Rohan,Consumer,India,Amritsar,Punjab,400001,North,IND-PRD-10854,Clothing,Hankerchief,Hankerchief - Grade Standard,270.0,3,0.0,24.0,4,2018,12,Dec,Q4,Sunday,2018-12,2018-Q4,8.88888888888889,90.0,246.0,82.0,Moderate Margin (0-20%),No Discount (0%)
B-25888,2018-12-02,2018-12-06,BlueDart Express,IND-CUST-1200,Rohan,Corporate,India,Amritsar,Punjab,400001,North,IND-PRD-10855,Electronics,Phones,Phones - Grade Premium,3345.0,3,0.1,48.0,4,2018,12,Dec,Q4,Sunday,2018-12,2018-Q4,1.4349775784753362,1115.0,3297.0,1099.0,Moderate Margin (0-20%),Moderate Discount (1-20%)
B-25888,2018-12-02,2018-12-05,BlueDart Express,IND-CUST-1200,Rohan,Consumer,India,Amritsar,Punjab,400001,North,IND-PRD-10856,Electronics,Electronic Games,Electronic Games - Grade Standard,9690.0,3,0.25,2556.0,3,2018,12,Dec,Q4,Sunday,2018-12,2018-Q4,26.377708978328172,3230.0,7134.0,2378.0,High Margin (>20%),High Discount (>20%)
B-25889,2018-12-03,2018-12-07,Standard Express,IND-CUST-1168,Abhishek,Consumer,India,Surat,Gujarat,395001,West,IND-PRD-10857,Clothing,Kurti,Kurti - Grade B,465.0,1,0.2,120.0,4,2018,12,Dec,Q4,Monday,2018-12,2018-Q4,25.806451612903224,465.0,345.0,345.0,High Margin (>20%),Moderate Discount (1-20%)
B-25889,2018-12-03,2018-12-04,Same Day Delivery,IND-CUST-1168,Abhishek,Small Business,India,Surat,Gujarat,395001,West,IND-PRD-10858,Clothing,Kurti,Kurti - Grade Standard,1785.0,7,0.1,516.0,1,2018,12,Dec,Q4,Monday,2018-12,2018-Q4,28.907563025210088,255.0,1269.0,181.28571428571428,High Margin (>20%),Moderate Discount (1-20%)
B-25889,2018-12-03,2018-12-06,BlueDart Express,IND-CUST-1168,Abhishek,Consumer,India,Surat,Gujarat,395001,West,IND-PRD-10859,Clothing,T-shirt,T-shirt - Grade Standard,1710.0,4,0.15,132.0,3,2018,12,Dec,Q4,Monday,2018-12,2018-Q4,7.719298245614035,427.5,1578.0,394.5,Moderate Margin (0-20%),Moderate Discount (1-20%)
B-25890,2018-12-04,2018-12-05,Standard Express,IND-CUST-1249,Divyansha,Consumer,India,Mumbai,Maharashtra,400001,West,IND-PRD-10860,Clothing,Saree,Saree - Grade Standard,6975.0,9,0.0,2484.0,1,2018,12,Dec,Q4,Tuesday,2018-12,2018-Q4,35.612903225806456,775.0,4491.0,499.0,High Margin (>20%),No Discount (0%)
B-25891,2018-12-04,2018-12-06,BlueDart Express,IND-CUST-1103,Shivani,Consumer,India,Indore,Madhya Pradesh,452001,Central,IND-PRD-10861,Clothing,Hankerchief,Hankerchief - Grade Premium,375.0,2,0.25,24.0,2,2018,12,Dec,Q4,Tuesday,2018-12,2018-Q4,6.4,187.5,351.0,175.5,Moderate Margin (0-20%),High Discount (>20%)
B-25891,2018-12-04,2018-12-07,BlueDart Express,IND-CUST-1103,Shivani,Consumer,India,Indore,Madhya Pradesh,452001,Central,IND-PRD-10862,Clothing,Hankerchief,Hankerchief - Grade B,1455.0,7,0.25,432.0,3,2018,12,Dec,Q4,Tuesday,2018-12,2018-Q4,29.690721649484537,207.85714285714286,1023.0,146.14285714285714,High Margin (>20%),High Discount (>20%)
B-25891,2018-12-04,2018-12-06,Standard Express,IND-CUST-1103,Shivani,Corporate,India,Indore,Madhya Pradesh,452001,Central,IND-PRD-10863,Clothing,Stole,Stole - Grade A,1815.0,4,0.0,492.0,2,2018,12,Dec,Q4,Tuesday,2018-12,2018-Q4,27.107438016528924,453.75,1323.0,330.75,High Margin (>20%),No Discount (0%)
B-25892,2018-12-04,2018-12-07,BlueDart Express,IND-CUST-1162,Aditi,Corporate,India,Udaipur,Rajasthan,400001,North,IND-PRD-10864,Clothing,Shirt,Shirt - Grade Premium,2085.0,3,0.0,360.0,3,2018,12,Dec,Q4,Tuesday,2018-12,2018-Q4,17.26618705035971,695.0,1725.0,575.0,Moderate Margin (0-20%),No Discount (0%)
B-25893,2018-12-04,2018-12-09,BlueDart Express,IND-CUST-1250,Aashna,Consumer,India,Allahabad,Uttar Pradesh,400001,North,IND-PRD-10865,Clothing,Stole,Stole - Grade A,5325.0,7,0.0,1368.0,5,2018,12,Dec,Q4,Tuesday,2018-12,2018-Q4,25.690140845070424,760.7142857142857,3957.0,565.2857142857143,High Margin (>20%),No Discount (0%)
B-25893,2018-12-04,2018-12-08,Standard Express,IND-CUST-1250,Aashna,Corporate,India,Allahabad,Uttar Pradesh,400001,North,IND-PRD-10866,Clothing,Kurti,Kurti - Grade A,915.0,3,0.0,132.0,4,2018,12,Dec,Q4,Tuesday,2018-12,2018-Q4,14.426229508196723,305.0,783.0,261.0,Moderate Margin (0-20%),No Discount (0%)
B-25893,2018-12-04,2018-12-09,India Post Parcel,IND-CUST-1250,Aashna,Consumer,India,Allahabad,Uttar Pradesh,400001,North,IND-PRD-10867,Clothing,Saree,Saree - Grade Premium,2235.0,3,0.15,180.0,5,2018,12,Dec,Q4,Tuesday,2018-12,2018-Q4,8.053691275167784,745.0,2055.0,685.0,Moderate Margin (0-20%),Moderate Discount (1-20%)
B-25893,2018-12-04,2018-12-06,Same Day Delivery,IND-CUST-1250,Aashna,Consumer,India,Allahabad,Uttar Pradesh,400001,North,IND-PRD-10868,Electronics,Accessories,Accessories - Grade Premium,10320.0,6,0.05,1236.0,2,2018,12,Dec,Q4,Tuesday,2018-12,2018-Q4,11.976744186046512,1720.0,9084.0,1514.0,Moderate Margin (0-20%),Moderate Discount (1-20%)
B-25893,2018-12-04,2018-12-08,BlueDart Express,IND-CUST-1250,Aashna,Corporate,India,Allahabad,Uttar Pradesh,400001,North,IND-PRD-10869,Electronics,Printers,Printers - Grade B,5580.0,3,0.0,708.0,4,2018,12,Dec,Q4,Tuesday,2018-12,2018-Q4,12.688172043010754,1860.0,4872.0,1624.0,Moderate Margin (0-20%),No Discount (0%)
B-25893,2018-12-04,2018-12-07,BlueDart Express,IND-CUST-1250,Aashna,Consumer,India,Allahabad,Uttar Pradesh,400001,North,IND-PRD-10870,Clothing,Shirt,Shirt - Grade B,3345.0,7,0.05,744.0,3,2018,12,Dec,Q4,Tuesday,2018-12,2018-Q4,22.242152466367713,477.85714285714283,2601.0,371.57142857142856,High Margin (>20%),Moderate Discount (1-20%)
B-25893,2018-12-04,2018-12-08,Standard Express,IND-CUST-1250,Aashna,Consumer,India,Allahabad,Uttar Pradesh,400001,North,IND-PRD-10871,Clothing,Stole,Stole - Grade Standard,1245.0,3,0.3,144.0,4,2018,12,Dec,Q4,Tuesday,2018-12,2018-Q4,11.566265060240964,415.0,1101.0,367.0,Moderate Margin (0-20%),High Discount (>20%)
B-25894,2018-12-04,2018-12-05,BlueDart Express,IND-CUST-1251,Monu,Consumer,India,Amritsar,Punjab,400001,North,IND-PRD-10872,Furniture,Bookcases,Bookcases - Grade A,18690.0,3,0.1,744.0,1,2018,12,Dec,Q4,Tuesday,2018-12,2018-Q4,3.980738362760835,6230.0,17946.0,5982.0,Moderate Margin (0-20%),Moderate Discount (1-20%)
B-25895,2018-12-04,2018-12-08,BlueDart Express,IND-CUST-1252,Sathya,Consumer,India,Surat,Gujarat,395001,West,IND-PRD-10873,Furniture,Bookcases,Bookcases - Grade B,5820.0,2,0.05,1116.0,4,2018,12,Dec,Q4,Tuesday,2018-12,2018-Q4,19.175257731958766,2910.0,4704.0,2352.0,Moderate Margin (0-20%),Moderate Discount (1-20%)
B-25896,2018-12-05,2018-12-06,Standard Express,IND-CUST-1136,Aman,Consumer,India,Mumbai,Maharashtra,400001,West,IND-PRD-10874,Clothing,Skirt,Skirt - Grade Standard,465.0,3,0.0,132.0,1,2018,12,Dec,Q4,Wednesday,2018-12,2018-Q4,28.387096774193548,155.0,333.0,111.0,High Margin (>20%),No Discount (0%)
B-25896,2018-12-05,2018-12-09,BlueDart Express,IND-CUST-1136,Aman,Corporate,India,Mumbai,Maharashtra,400001,West,IND-PRD-10875,Clothing,Kurti,Kurti - Grade B,630.0,2,0.3,84.0,4,2018,12,Dec,Q4,Wednesday,2018-12,2018-Q4,13.333333333333334,315.0,546.0,273.0,Moderate Margin (0-20%),High Discount (>20%)
B-25896,2018-12-05,2018-12-06,Same Day Delivery,IND-CUST-1136,Aman,Consumer,India,Mumbai,Maharashtra,400001,West,IND-PRD-10876,Clothing,T-shirt,T-shirt - Grade Premium,2850.0,8,0.15,816.0,1,2018,12,Dec,Q4,Wednesday,2018-12,2018-Q4,28.631578947368418,356.25,2034.0,254.25,High Margin (>20%),Moderate Discount (1-20%)
B-25896,2018-12-05,2018-12-07,BlueDart Express,IND-CUST-1136,Aman,Consumer,India,Mumbai,Maharashtra,400001,West,IND-PRD-10877,Clothing,Hankerchief,Hankerchief - Grade B,1545.0,2,0.0,432.0,2,2018,12,Dec,Q4,Wednesday,2018-12,2018-Q4,27.96116504854369,772.5,1113.0,556.5,High Margin (>20%),No Discount (0%)
B-25896,2018-12-05,2018-12-10,Standard Express,IND-CUST-1136,Aman,Consumer,India,Mumbai,Maharashtra,400001,West,IND-PRD-10878,Clothing,Kurti,Kurti - Grade A,4305.0,6,0.0,792.0,5,2018,12,Dec,Q4,Wednesday,2018-12,2018-Q4,18.397212543554005,717.5,3513.0,585.5,Moderate Margin (0-20%),No Discount (0%)
B-25896,2018-12-05,2018-12-08,Same Day Delivery,IND-CUST-1136,Aman,Corporate,India,Mumbai,Maharashtra,400001,West,IND-PRD-10879,Clothing,Skirt,Skirt - Grade B,345.0,2,0.0,48.0,3,2018,12,Dec,Q4,Wednesday,2018-12,2018-Q4,13.91304347826087,172.5,297.0,148.5,Moderate Margin (0-20%),No Discount (0%)
B-25896,2018-12-05,2018-12-09,Standard Express,IND-CUST-1136,Aman,Corporate,India,Mumbai,Maharashtra,400001,West,IND-PRD-10880,Furniture,Furnishings,Furnishings - Grade A,1185.0,2,0.0,-24.0,4,2018,12,Dec,Q4,Wednesday,2018-12,2018-Q4,-2.0253164556962027,592.5,1209.0,604.5,Loss-Making (<0%),No Discount (0%)
B-25897,2018-12-06,2018-12-11,Standard Express,IND-CUST-1200,Rohan,Corporate,India,Indore,Madhya Pradesh,452001,Central,IND-PRD-10881,Clothing,Stole,Stole - Grade Premium,645.0,3,0.1,60.0,5,2018,12,Dec,Q4,Thursday,2018-12,2018-Q4,9.30232558139535,215.0,585.0,195.0,Moderate Margin (0-20%),Moderate Discount (1-20%)
B-25897,2018-12-06,2018-12-09,Standard Express,IND-CUST-1200,Rohan,Corporate,India,Indore,Madhya Pradesh,452001,Central,IND-PRD-10882,Clothing,Hankerchief,Hankerchief - Grade A,495.0,3,0.2,120.0,3,2018,12,Dec,Q4,Thursday,2018-12,2018-Q4,24.242424242424242,165.0,375.0,125.0,High Margin (>20%),Moderate Discount (1-20%)
B-25897,2018-12-06,2018-12-09,Standard Express,IND-CUST-1200,Rohan,Small Business,India,Indore,Madhya Pradesh,452001,Central,IND-PRD-10883,Clothing,Hankerchief,Hankerchief - Grade B,360.0,5,0.05,132.0,3,2018,12,Dec,Q4,Thursday,2018-12,2018-Q4,36.666666666666664,72.0,228.0,45.6,High Margin (>20%),Moderate Discount (1-20%)
B-25897,2018-12-06,2018-12-07,Same Day Delivery,IND-CUST-1200,Rohan,Consumer,India,Indore,Madhya Pradesh,452001,Central,IND-PRD-10884,Electronics,Electronic Games,Electronic Games - Grade Standard,11010.0,6,0.15,2556.0,1,2018,12,Dec,Q4,Thursday,2018-12,2018-Q4,23.21525885558583,1835.0,8454.0,1409.0,High Margin (>20%),Moderate Discount (1-20%)
B-25898,2018-12-07,2018-12-09,BlueDart Express,IND-CUST-1168,Abhishek,Consumer,India,Udaipur,Rajasthan,400001,North,IND-PRD-10885,Clothing,Leggings,Leggings - Grade Premium,495.0,3,0.05,156.0,2,2018,12,Dec,Q4,Friday,2018-12,2018-Q4,31.515151515151512,165.0,339.0,113.0,High Margin (>20%),Moderate Discount (1-20%)
B-25898,2018-12-07,2018-12-09,Standard Express,IND-CUST-1168,Abhishek,Corporate,India,Udaipur,Rajasthan,400001,North,IND-PRD-10886,Clothing,Saree,Saree - Grade B,7485.0,4,0.15,396.0,2,2018,12,Dec,Q4,Friday,2018-12,2018-Q4,5.290581162324649,1871.25,7089.0,1772.25,Moderate Margin (0-20%),Moderate Discount (1-20%)
B-25898,2018-12-07,2018-12-12,Same Day Delivery,IND-CUST-1168,Abhishek,Small Business,India,Udaipur,Rajasthan,400001,North,IND-PRD-10887,Clothing,Stole,Stole - Grade Premium,2205.0,3,0.15,876.0,5,2018,12,Dec,Q4,Friday,2018-12,2018-Q4,39.72789115646258,735.0,1329.0,443.0,High Margin (>20%),Moderate Discount (1-20%)
B-25898,2018-12-07,2018-12-09,Same Day Delivery,IND-CUST-1168,Abhishek,Small Business,India,Udaipur,Rajasthan,400001,North,IND-PRD-10888,Clothing,T-shirt,T-shirt - Grade Premium,795.0,3,0.0,60.0,2,2018,12,Dec,Q4,Friday,2018-12,2018-Q4,7.547169811320755,265.0,735.0,245.0,Moderate Margin (0-20%),No Discount (0%)
B-25898,2018-12-07,2018-12-11,Same Day Delivery,IND-CUST-1168,Abhishek,Consumer,India,Udaipur,Rajasthan,400001,North,IND-PRD-10889,Electronics,Electronic Games,Electronic Games - Grade B,2565.0,2,0.05,24.0,4,2018,12,Dec,Q4,Friday,2018-12,2018-Q4,0.9356725146198831,1282.5,2541.0,1270.5,Moderate Margin (0-20%),Moderate Discount (1-20%)
B-25898,2018-12-07,2018-12-09,Standard Express,IND-CUST-1168,Abhishek,Consumer,India,Udaipur,Rajasthan,400001,North,IND-PRD-10890,Furniture,Tables,Tables - Grade B,13725.0,3,0.1,-1188.0,2,2018,12,Dec,Q4,Friday,2018-12,2018-Q4,-8.655737704918034,4575.0,14913.0,4971.0,Loss-Making (<0%),Moderate Discount (1-20%)
B-25898,2018-12-07,2018-12-12,BlueDart Express,IND-CUST-1168,Abhishek,Consumer,India,Udaipur,Rajasthan,400001,North,IND-PRD-10891,Clothing,Shirt,Shirt - Grade Standard,2865.0,4,0.0,1116.0,5,2018,12,Dec,Q4,Friday,2018-12,2018-Q4,38.952879581151834,716.25,1749.0,437.25,High Margin (>20%),No Discount (0%)
B-25898,2018-12-07,2018-12-09,India Post Parcel,IND-CUST-1168,Abhishek,Corporate,India,Udaipur,Rajasthan,400001,North,IND-PRD-10892,Furniture,Tables,Tables - Grade Premium,12855.0,2,0.05,3288.0,2,2018,12,Dec,Q4,Friday,2018-12,2018-Q4,25.57759626604434,6427.5,9567.0,4783.5,High Margin (>20%),Moderate Discount (1-20%)
B-25899,2018-12-08,2018-12-12,Same Day Delivery,IND-CUST-1253,Aishwarya,Consumer,India,Allahabad,Uttar Pradesh,400001,North,IND-PRD-10893,Clothing,Leggings,Leggings - Grade Premium,330.0,2,0.1,108.0,4,2018,12,Dec,Q4,Saturday,2018-12,2018-Q4,32.72727272727273,165.0,222.0,111.0,High Margin (>20%),Moderate Discount (1-20%)
B-25899,2018-12-08,2018-12-09,Standard Express,IND-CUST-1253,Aishwarya,Consumer,India,Allahabad,Uttar Pradesh,400001,North,IND-PRD-10894,Clothing,Skirt,Skirt - Grade B,420.0,4,0.3,72.0,1,2018,12,Dec,Q4,Saturday,2018-12,2018-Q4,17.142857142857142,105.0,348.0,87.0,Moderate Margin (0-20%),High Discount (>20%)
B-25899,2018-12-08,2018-12-13,Standard Express,IND-CUST-1253,Aishwarya,Corporate,India,Allahabad,Uttar Pradesh,400001,North,IND-PRD-10895,Clothing,Saree,Saree - Grade A,645.0,1,0.05,204.0,5,2018,12,Dec,Q4,Saturday,2018-12,2018-Q4,31.627906976744185,645.0,441.0,441.0,High Margin (>20%),Moderate Discount (1-20%)
B-25899,2018-12-08,2018-12-09,BlueDart Express,IND-CUST-1253,Aishwarya,Consumer,India,Allahabad,Uttar Pradesh,400001,North,IND-PRD-10896,Furniture,Chairs,Chairs - Grade B,12690.0,2,0.15,108.0,1,2018,12,Dec,Q4,Saturday,2018-12,2018-Q4,0.851063829787234,6345.0,12582.0,6291.0,Moderate Margin (0-20%),Moderate Discount (1-20%)
B-25900,2018-12-09,2018-12-10,India Post Parcel,IND-CUST-1225,Anand,Small Business,India,Amritsar,Punjab,400001,North,IND-PRD-10897,Clothing,Leggings,Leggings - Grade Premium,225.0,1,0.05,24.0,1,2018,12,Dec,Q4,Sunday,2018-12,2018-Q4,10.666666666666668,225.0,201.0,201.0,Moderate Margin (0-20%),Moderate Discount (1-20%)
B-25900,2018-12-09,2018-12-10,BlueDart Express,IND-CUST-1225,Anand,Consumer,India,Amritsar,Punjab,400001,North,IND-PRD-10898,Clothing,T-shirt,T-shirt - Grade B,2100.0,5,0.15,816.0,1,2018,12,Dec,Q4,Sunday,2018-12,2018-Q4,38.857142857142854,420.0,1284.0,256.8,High Margin (>20%),Moderate Discount (1-20%)
B-25900,2018-12-09,2018-12-12,BlueDart Express,IND-CUST-1225,Anand,Consumer,India,Amritsar,Punjab,400001,North,IND-PRD-10899,Electronics,Phones,Phones - Grade Standard,3150.0,2,0.1,744.0,3,2018,12,Dec,Q4,Sunday,2018-12,2018-Q4,23.61904761904762,1575.0,2406.0,1203.0,High Margin (>20%),Moderate Discount (1-20%)
B-25901,2018-12-10,2018-12-13,Standard Express,IND-CUST-1254,Suraj,Consumer,India,Surat,Gujarat,395001,West,IND-PRD-10900,Clothing,Hankerchief,Hankerchief - Grade A,2370.0,3,0.2,456.0,3,2018,12,Dec,Q4,Monday,2018-12,2018-Q4,19.240506329113924,790.0,1914.0,638.0,Moderate Margin (0-20%),Moderate Discount (1-20%)
B-25901,2018-12-10,2018-12-11,BlueDart Express,IND-CUST-1254,Suraj,Corporate,India,Surat,Gujarat,395001,West,IND-PRD-10901,Clothing,T-shirt,T-shirt - Grade B,1350.0,2,0.05,324.0,1,2018,12,Dec,Q4,Monday,2018-12,2018-Q4,24.0,675.0,1026.0,513.0,High Margin (>20%),Moderate Discount (1-20%)
B-25901,2018-12-10,2018-12-15,Same Day Delivery,IND-CUST-1254,Suraj,Consumer,India,Surat,Gujarat,395001,West,IND-PRD-10902,Furniture,Furnishings,Furnishings - Grade Standard,2385.0,3,0.1,24.0,5,2018,12,Dec,Q4,Monday,2018-12,2018-Q4,1.0062893081761006,795.0,2361.0,787.0,Moderate Margin (0-20%),Moderate Discount (1-20%)
B-25901,2018-12-10,2018-12-14,Standard Express,IND-CUST-1254,Suraj,Consumer,India,Surat,Gujarat,395001,West,IND-PRD-10903,Clothing,Hankerchief,Hankerchief - Grade Premium,915.0,2,0.1,336.0,4,2018,12,Dec,Q4,Monday,2018-12,2018-Q4,36.721311475409834,457.5,579.0,289.5,High Margin (>20%),Moderate Discount (1-20%)
B-25902,2018-12-10,2018-12-14,Same Day Delivery,IND-CUST-1255,Ishpreet,Small Business,India,Mumbai,Maharashtra,400001,West,IND-PRD-10904,Clothing,Saree,Saree - Grade B,1185.0,7,0.05,72.0,4,2018,12,Dec,Q4,Monday,2018-12,2018-Q4,6.075949367088607,169.28571428571428,1113.0,159.0,Moderate Margin (0-20%),Moderate Discount (1-20%)
B-25902,2018-12-10,2018-12-12,India Post Parcel,IND-CUST-1255,Ishpreet,Consumer,India,Mumbai,Maharashtra,400001,West,IND-PRD-10905,Furniture,Bookcases,Bookcases - Grade Premium,4020.0,2,0.0,72.0,2,2018,12,Dec,Q4,Monday,2018-12,2018-Q4,1.791044776119403,2010.0,3948.0,1974.0,Moderate Margin (0-20%),No Discount (0%)
B-25902,2018-12-10,2018-12-15,Standard Express,IND-CUST-1255,Ishpreet,Corporate,India,Mumbai,Maharashtra,400001,West,IND-PRD-10906,Electronics,Accessories,Accessories - Grade Standard,12030.0,7,0.0,1440.0,5,2018,12,Dec,Q4,Monday,2018-12,2018-Q4,11.970074812967582,1718.5714285714287,10590.0,1512.857142857143,Moderate Margin (0-20%),No Discount (0%)
B-25902,2018-12-10,2018-12-13,BlueDart Express,IND-CUST-1255,Ishpreet,Corporate,India,Mumbai,Maharashtra,400001,West,IND-PRD-10907,Clothing,Trousers,Trousers - Grade Premium,25500.0,3,0.0,1020.0,3,2018,12,Dec,Q4,Monday,2018-12,2018-Q4,4.0,8500.0,24480.0,8160.0,Moderate Margin (0-20%),No Discount (0%)
B-25902,2018-12-10,2018-12-11,Standard Express,IND-CUST-1255,Ishpreet,Consumer,India,Mumbai,Maharashtra,400001,West,IND-PRD-10908,Electronics,Accessories,Accessories - Grade Standard,2310.0,4,0.2,312.0,1,2018,12,Dec,Q4,Monday,2018-12,2018-Q4,13.506493506493506,577.5,1998.0,499.5,Moderate Margin (0-20%),Moderate Discount (1-20%)
B-25903,2018-12-10,2018-12-12,Same Day Delivery,IND-CUST-1256,Amlan,Corporate,India,Indore,Madhya Pradesh,452001,Central,IND-PRD-10909,Electronics,Accessories,Accessories - Grade Standard,6825.0,8,0.0,924.0,2,2018,12,Dec,Q4,Monday,2018-12,2018-Q4,13.538461538461538,853.125,5901.0,737.625,Moderate Margin (0-20%),No Discount (0%)
B-25903,2018-12-10,2018-12-14,BlueDart Express,IND-CUST-1256,Amlan,Consumer,India,Indore,Madhya Pradesh,452001,Central,IND-PRD-10910,Clothing,Hankerchief,Hankerchief - Grade Standard,285.0,2,0.0,96.0,4,2018,12,Dec,Q4,Monday,2018-12,2018-Q4,33.68421052631579,142.5,189.0,94.5,High Margin (>20%),No Discount (0%)
B-25903,2018-12-10,2018-12-13,BlueDart Express,IND-CUST-1256,Amlan,Corporate,India,Indore,Madhya Pradesh,452001,Central,IND-PRD-10911,Clothing,Leggings,Leggings - Grade B,375.0,3,0.15,132.0,3,2018,12,Dec,Q4,Monday,2018-12,2018-Q4,35.199999999999996,125.0,243.0,81.0,High Margin (>20%),Moderate Discount (1-20%)
B-25903,2018-12-10,2018-12-13,Same Day Delivery,IND-CUST-1256,Amlan,Consumer,India,Indore,Madhya Pradesh,452001,Central,IND-PRD-10912,Clothing,Hankerchief,Hankerchief - Grade Premium,555.0,3,0.05,204.0,3,2018,12,Dec,Q4,Monday,2018-12,2018-Q4,36.75675675675676,185.0,351.0,117.0,High Margin (>20%),Moderate Discount (1-20%)
B-25903,2018-12-10,2018-12-11,Standard Express,IND-CUST-1256,Amlan,Corporate,India,Indore,Madhya Pradesh,452001,Central,IND-PRD-10913,Furniture,Furnishings,Furnishings - Grade Premium,900.0,2,0.1,-120.0,1,2018,12,Dec,Q4,Monday,2018-12,2018-Q4,-13.333333333333334,450.0,1020.0,510.0,Loss-Making (<0%),Moderate Discount (1-20%)
B-25903,2018-12-10,2018-12-14,India Post Parcel,IND-CUST-1256,Amlan,Consumer,India,Indore,Madhya Pradesh,452001,Central,IND-PRD-10914,Clothing,Hankerchief,Hankerchief - Grade A,3060.0,4,0.0,1128.0,4,2018,12,Dec,Q4,Monday,2018-12,2018-Q4,36.86274509803922,765.0,1932.0,483.0,High Margin (>20%),No Discount (0%)
B-25903,2018-12-10,2018-12-15,BlueDart Express,IND-CUST-1256,Amlan,Corporate,India,Indore,Madhya Pradesh,452001,Central,IND-PRD-10915,Clothing,Shirt,Shirt - Grade A,1110.0,2,0.25,396.0,5,2018,12,Dec,Q4,Monday,2018-12,2018-Q4,35.67567567567568,555.0,714.0,357.0,High Margin (>20%),High Discount (>20%)
B-25903,2018-12-10,2018-12-13,Standard Express,IND-CUST-1256,Amlan,Consumer,India,Indore,Madhya Pradesh,452001,Central,IND-PRD-10916,Electronics,Phones,Phones - Grade A,5040.0,2,0.2,684.0,3,2018,12,Dec,Q4,Monday,2018-12,2018-Q4,13.571428571428571,2520.0,4356.0,2178.0,Moderate Margin (0-20%),Moderate Discount (1-20%)
B-25904,2018-12-10,2018-12-11,BlueDart Express,IND-CUST-1193,Swapnil,Consumer,India,Delhi,Delhi,110001,North,IND-PRD-10917,Furniture,Bookcases,Bookcases - Grade A,13065.0,2,0.2,1572.0,1,2018,12,Dec,Q4,Monday,2018-12,2018-Q4,12.03214695752009,6532.5,11493.0,5746.5,Moderate Margin (0-20%),Moderate Discount (1-20%)
B-25904,2018-12-10,2018-12-15,Same Day Delivery,IND-CUST-1193,Swapnil,Consumer,India,Delhi,Delhi,110001,North,IND-PRD-10918,Furniture,Chairs,Chairs - Grade Premium,1245.0,2,0.05,144.0,5,2018,12,Dec,Q4,Monday,2018-12,2018-Q4,11.566265060240964,622.5,1101.0,550.5,Moderate Margin (0-20%),Moderate Discount (1-20%)
B-25905,2018-12-11,2018-12-15,Standard Express,IND-CUST-1257,Bhargav,Consumer,India,Delhi,Madhya Pradesh,110001,Central,IND-PRD-10919,Clothing,Stole,Stole - Grade Standard,2280.0,6,0.15,600.0,4,2018,12,Dec,Q4,Tuesday,2018-12,2018-Q4,26.31578947368421,380.0,1680.0,280.0,High Margin (>20%),Moderate Discount (1-20%)
B-25906,2018-12-11,2018-12-14,Same Day Delivery,IND-CUST-1258,Abhijit,Corporate,India,Delhi,Delhi,110001,North,IND-PRD-10920,Clothing,Stole,Stole - Grade Standard,1170.0,3,0.0,324.0,3,2018,12,Dec,Q4,Tuesday,2018-12,2018-Q4,27.692307692307693,390.0,846.0,282.0,High Margin (>20%),No Discount (0%)
B-25907,2018-12-11,2018-12-16,India Post Parcel,IND-CUST-1259,Jaydeep,Consumer,India,Bhopal,Madhya Pradesh,400001,Central,IND-PRD-10921,Clothing,Hankerchief,Hankerchief - Grade B,450.0,5,0.0,132.0,5,2018,12,Dec,Q4,Tuesday,2018-12,2018-Q4,29.333333333333332,90.0,318.0,63.6,High Margin (>20%),No Discount (0%)
B-25908,2018-12-12,2018-12-17,Standard Express,IND-CUST-1260,Pradeep,Small Business,India,Delhi,Delhi,110001,North,IND-PRD-10922,Clothing,Kurti,Kurti - Grade Standard,2685.0,5,0.0,300.0,5,2018,12,Dec,Q4,Wednesday,2018-12,2018-Q4,11.1731843575419,537.0,2385.0,477.0,Moderate Margin (0-20%),No Discount (0%)
B-25909,2018-12-13,2018-12-18,India Post Parcel,IND-CUST-1261,Sujay,Small Business,India,Delhi,Madhya Pradesh,110001,Central,IND-PRD-10923,Clothing,Saree,Saree - Grade Premium,2520.0,3,0.1,672.0,5,2018,12,Dec,Q4,Thursday,2018-12,2018-Q4,26.666666666666668,840.0,1848.0,616.0,High Margin (>20%),Moderate Discount (1-20%)
B-25909,2018-12-13,2018-12-16,Standard Express,IND-CUST-1261,Sujay,Corporate,India,Delhi,Madhya Pradesh,110001,Central,IND-PRD-10924,Electronics,Accessories,Accessories - Grade Premium,1620.0,3,0.05,264.0,3,2018,12,Dec,Q4,Thursday,2018-12,2018-Q4,16.296296296296298,540.0,1356.0,452.0,Moderate Margin (0-20%),Moderate Discount (1-20%)
B-25909,2018-12-13,2018-12-16,Standard Express,IND-CUST-1261,Sujay,Consumer,India,Delhi,Madhya Pradesh,110001,Central,IND-PRD-10925,Electronics,Phones,Phones - Grade Premium,24330.0,3,0.1,2976.0,3,2018,12,Dec,Q4,Thursday,2018-12,2018-Q4,12.231812577065352,8110.0,21354.0,7118.0,Moderate Margin (0-20%),Moderate Discount (1-20%)
B-25909,2018-12-13,2018-12-15,Standard Express,IND-CUST-1261,Sujay,Consumer,India,Delhi,Madhya Pradesh,110001,Central,IND-PRD-10926,Electronics,Phones,Phones - Grade B,4845.0,5,0.0,1464.0,2,2018,12,Dec,Q4,Thursday,2018-12,2018-Q4,30.21671826625387,969.0,3381.0,676.2,High Margin (>20%),No Discount (0%)
B-25909,2018-12-13,2018-12-17,Same Day Delivery,IND-CUST-1261,Sujay,Corporate,India,Delhi,Madhya Pradesh,110001,Central,IND-PRD-10927,Clothing,Skirt,Skirt - Grade A,180.0,2,0.05,24.0,4,2018,12,Dec,Q4,Thursday,2018-12,2018-Q4,13.333333333333334,90.0,156.0,78.0,Moderate Margin (0-20%),Moderate Discount (1-20%)
B-25910,2018-12-14,2018-12-15,BlueDart Express,IND-CUST-1262,Jay,Consumer,India,Delhi,Delhi,110001,North,IND-PRD-10928,Clothing,Shirt,Shirt - Grade Standard,1875.0,5,0.15,180.0,1,2018,12,Dec,Q4,Friday,2018-12,2018-Q4,9.6,375.0,1695.0,339.0,Moderate Margin (0-20%),Moderate Discount (1-20%)
B-25910,2018-12-14,2018-12-19,Standard Express,IND-CUST-1262,Jay,Consumer,India,Delhi,Delhi,110001,North,IND-PRD-10929,Clothing,Trousers,Trousers - Grade Premium,10275.0,7,0.05,84.0,5,2018,12,Dec,Q4,Friday,2018-12,2018-Q4,0.8175182481751826,1467.857142857143,10191.0,1455.857142857143,Moderate Margin (0-20%),Moderate Discount (1-20%)
B-25910,2018-12-14,2018-12-16,Standard Express,IND-CUST-1262,Jay,Corporate,India,Delhi,Delhi,110001,North,IND-PRD-10930,Electronics,Electronic Games,Electronic Games - Grade Premium,12750.0,5,0.15,3468.0,2,2018,12,Dec,Q4,Friday,2018-12,2018-Q4,27.200000000000003,2550.0,9282.0,1856.4,High Margin (>20%),Moderate Discount (1-20%)
B-25910,2018-12-14,2018-12-15,BlueDart Express,IND-CUST-1262,Jay,Corporate,India,Delhi,Delhi,110001,North,IND-PRD-10931,Furniture,Tables,Tables - Grade A,24330.0,5,0.0,-7488.0,1,2018,12,Dec,Q4,Friday,2018-12,2018-Q4,-30.776818742293464,4866.0,31818.0,6363.6,Loss-Making (<0%),No Discount (0%)
B-25910,2018-12-14,2018-12-16,Standard Express,IND-CUST-1262,Jay,Corporate,India,Delhi,Delhi,110001,North,IND-PRD-10932,Clothing,Hankerchief,Hankerchief - Grade Premium,3885.0,5,0.15,564.0,2,2018,12,Dec,Q4,Friday,2018-12,2018-Q4,14.517374517374519,777.0,3321.0,664.2,Moderate Margin (0-20%),Moderate Discount (1-20%)
B-25910,2018-12-14,2018-12-17,Same Day Delivery,IND-CUST-1262,Jay,Consumer,India,Delhi,Delhi,110001,North,IND-PRD-10933,Clothing,Shirt,Shirt - Grade Standard,495.0,2,0.1,12.0,3,2018,12,Dec,Q4,Friday,2018-12,2018-Q4,2.4242424242424243,247.5,483.0,241.5,Moderate Margin (0-20%),Moderate Discount (1-20%)
B-25911,2018-12-15,2018-12-20,Same Day Delivery,IND-CUST-1263,Phalguni,Corporate,India,Bhopal,Madhya Pradesh,400001,Central,IND-PRD-10934,Clothing,Kurti,Kurti - Grade B,600.0,1,0.0,180.0,5,2018,12,Dec,Q4,Saturday,2018-12,2018-Q4,30.0,600.0,420.0,420.0,High Margin (>20%),No Discount (0%)
B-25912,2018-12-16,2018-12-17,BlueDart Express,IND-CUST-1264,Preksha,Consumer,India,Delhi,Delhi,110001,North,IND-PRD-10935,Clothing,T-shirt,T-shirt - Grade Premium,1530.0,6,0.0,132.0,1,2018,12,Dec,Q4,Sunday,2018-12,2018-Q4,8.627450980392156,255.0,1398.0,233.0,Moderate Margin (0-20%),No Discount (0%)
B-25913,2018-12-17,2018-12-18,India Post Parcel,IND-CUST-1265,Geetanjali,Consumer,India,Delhi,Madhya Pradesh,110001,Central,IND-PRD-10936,Clothing,Stole,Stole - Grade Standard,1545.0,7,0.1,252.0,1,2018,12,Dec,Q4,Monday,2018-12,2018-Q4,16.310679611650485,220.71428571428572,1293.0,184.71428571428572,Moderate Margin (0-20%),Moderate Discount (1-20%)
B-25914,2018-12-18,2018-12-19,Standard Express,IND-CUST-1266,Kajal,Small Business,India,Delhi,Delhi,110001,North,IND-PRD-10937,Furniture,Chairs,Chairs - Grade Premium,6900.0,3,0.15,1716.0,1,2018,12,Dec,Q4,Tuesday,2018-12,2018-Q4,24.869565217391305,2300.0,5184.0,1728.0,High Margin (>20%),Moderate Discount (1-20%)
B-25914,2018-12-18,2018-12-19,India Post Parcel,IND-CUST-1266,Kajal,Consumer,India,Delhi,Delhi,110001,North,IND-PRD-10938,Clothing,Stole,Stole - Grade A,1875.0,3,0.05,264.0,1,2018,12,Dec,Q4,Tuesday,2018-12,2018-Q4,14.08,625.0,1611.0,537.0,Moderate Margin (0-20%),Moderate Discount (1-20%)
B-25915,2018-12-19,2018-12-20,BlueDart Express,IND-CUST-1267,Sukruta,Consumer,India,Amritsar,Punjab,400001,North,IND-PRD-10939,Electronics,Electronic Games,Electronic Games - Grade Premium,4155.0,1,0.0,36.0,1,2018,12,Dec,Q4,Wednesday,2018-12,2018-Q4,0.8664259927797834,4155.0,4119.0,4119.0,Moderate Margin (0-20%),No Discount (0%)
B-25916,2018-12-20,2018-12-22,BlueDart Express,IND-CUST-1268,Utkarsh,Consumer,India,Surat,Gujarat,395001,West,IND-PRD-10940,Clothing,Skirt,Skirt - Grade Premium,1200.0,9,0.2,312.0,2,2018,12,Dec,Q4,Thursday,2018-12,2018-Q4,26.0,133.33333333333334,888.0,98.66666666666667,High Margin (>20%),Moderate Discount (1-20%)
B-25917,2018-12-21,2018-12-26,Standard Express,IND-CUST-1033,Sanjay,Small Business,India,Mumbai,Maharashtra,400001,West,IND-PRD-10941,Clothing,T-shirt,T-shirt - Grade B,1500.0,2,0.1,144.0,5,2018,12,Dec,Q4,Friday,2018-12,2018-Q4,9.6,750.0,1356.0,678.0,Moderate Margin (0-20%),Moderate Discount (1-20%)
B-25918,2018-12-22,2018-12-25,Same Day Delivery,IND-CUST-1269,Karandeep,Corporate,India,Indore,Madhya Pradesh,452001,Central,IND-PRD-10942,Furniture,Furnishings,Furnishings - Grade A,3660.0,5,0.05,1464.0,3,2018,12,Dec,Q4,Saturday,2018-12,2018-Q4,40.0,732.0,2196.0,439.2,High Margin (>20%),Moderate Discount (1-20%)
B-25919,2018-12-23,2018-12-26,Standard Express,IND-CUST-1270,Neha,Corporate,India,Udaipur,Rajasthan,400001,North,IND-PRD-10943,Clothing,T-shirt,T-shirt - Grade A,420.0,1,0.05,48.0,3,2018,12,Dec,Q4,Sunday,2018-12,2018-Q4,11.428571428571429,420.0,372.0,372.0,Moderate Margin (0-20%),Moderate Discount (1-20%)
B-25919,2018-12-23,2018-12-26,Standard Express,IND-CUST-1270,Neha,Corporate,India,Udaipur,Rajasthan,400001,North,IND-PRD-10944,Clothing,Stole,Stole - Grade B,1650.0,7,0.0,144.0,3,2018,12,Dec,Q4,Sunday,2018-12,2018-Q4,8.727272727272728,235.71428571428572,1506.0,215.14285714285714,Moderate Margin (0-20%),No Discount (0%)
B-25919,2018-12-23,2018-12-26,Standard Express,IND-CUST-1270,Neha,Consumer,India,Udaipur,Rajasthan,400001,North,IND-PRD-10945,Electronics,Printers,Printers - Grade Premium,9540.0,2,0.1,2448.0,3,2018,12,Dec,Q4,Sunday,2018-12,2018-Q4,25.660377358490567,4770.0,7092.0,3546.0,High Margin (>20%),Moderate Discount (1-20%)
B-25919,2018-12-23,2018-12-25,BlueDart Express,IND-CUST-1270,Neha,Consumer,India,Udaipur,Rajasthan,400001,North,IND-PRD-10946,Electronics,Electronic Games,Electronic Games - Grade Standard,23985.0,6,0.05,444.0,2,2018,12,Dec,Q4,Sunday,2018-12,2018-Q4,1.8511569731081927,3997.5,23541.0,3923.5,Moderate Margin (0-20%),Moderate Discount (1-20%)
B-25919,2018-12-23,2018-12-27,BlueDart Express,IND-CUST-1270,Neha,Consumer,India,Udaipur,Rajasthan,400001,North,IND-PRD-10947,Electronics,Phones,Phones - Grade A,14655.0,7,0.3,2928.0,4,2018,12,Dec,Q4,Sunday,2018-12,2018-Q4,19.979529170931425,2093.5714285714284,11727.0,1675.2857142857142,Moderate Margin (0-20%),High Discount (>20%)
B-25920,2018-12-24,2018-12-29,BlueDart Express,IND-CUST-1271,Jayanti,Consumer,India,Allahabad,Uttar Pradesh,400001,North,IND-PRD-10948,Clothing,T-shirt,T-shirt - Grade A,1500.0,2,0.05,84.0,5,2018,12,Dec,Q4,Monday,2018-12,2018-Q4,5.6000000000000005,750.0,1416.0,708.0,Moderate Margin (0-20%),Moderate Discount (1-20%)
B-25921,2018-12-25,2018-12-26,Same Day Delivery,IND-CUST-1272,Sandra,Consumer,India,Amritsar,Punjab,400001,North,IND-PRD-10949,Clothing,T-shirt,T-shirt - Grade Premium,2550.0,5,0.05,228.0,1,2018,12,Dec,Q4,Tuesday,2018-12,2018-Q4,8.941176470588236,510.0,2322.0,464.4,Moderate Margin (0-20%),Moderate Discount (1-20%)
B-25921,2018-12-25,2018-12-29,Standard Express,IND-CUST-1272,Sandra,Small Business,India,Amritsar,Punjab,400001,North,IND-PRD-10950,Electronics,Accessories,Accessories - Grade Premium,1260.0,2,0.1,-504.0,4,2018,12,Dec,Q4,Tuesday,2018-12,2018-Q4,-40.0,630.0,1764.0,882.0,Loss-Making (<0%),Moderate Discount (1-20%)
B-25921,2018-12-25,2018-12-28,BlueDart Express,IND-CUST-1272,Sandra,Consumer,India,Amritsar,Punjab,400001,North,IND-PRD-10951,Electronics,Accessories,Accessories - Grade A,1065.0,5,0.2,-528.0,3,2018,12,Dec,Q4,Tuesday,2018-12,2018-Q4,-49.57746478873239,213.0,1593.0,318.6,Loss-Making (<0%),Moderate Discount (1-20%)
B-25922,2018-12-26,2018-12-30,Standard Express,IND-CUST-1273,Akshata,Consumer,India,Surat,Gujarat,395001,West,IND-PRD-10952,Clothing,Stole,Stole - Grade Premium,780.0,2,0.15,216.0,4,2018,12,Dec,Q4,Wednesday,2018-12,2018-Q4,27.692307692307693,390.0,564.0,282.0,High Margin (>20%),Moderate Discount (1-20%)
B-25923,2018-12-27,2019-01-01,Same Day Delivery,IND-CUST-1274,Vishakha,Consumer,India,Mumbai,Maharashtra,400001,West,IND-PRD-10953,Electronics,Accessories,Accessories - Grade Standard,3390.0,3,0.05,696.0,5,2018,12,Dec,Q4,Thursday,2018-12,2018-Q4,20.530973451327434,1130.0,2694.0,898.0,High Margin (>20%),Moderate Discount (1-20%)
B-25923,2018-12-27,2018-12-28,Same Day Delivery,IND-CUST-1274,Vishakha,Consumer,India,Mumbai,Maharashtra,400001,West,IND-PRD-10954,Electronics,Printers,Printers - Grade A,7260.0,3,0.15,336.0,1,2018,12,Dec,Q4,Thursday,2018-12,2018-Q4,4.628099173553719,2420.0,6924.0,2308.0,Moderate Margin (0-20%),Moderate Discount (1-20%)
B-25923,2018-12-27,2018-12-28,BlueDart Express,IND-CUST-1274,Vishakha,Small Business,India,Mumbai,Maharashtra,400001,West,IND-PRD-10955,Clothing,Trousers,Trousers - Grade Standard,3795.0,1,0.1,-132.0,1,2018,12,Dec,Q4,Thursday,2018-12,2018-Q4,-3.4782608695652173,3795.0,3927.0,3927.0,Loss-Making (<0%),Moderate Discount (1-20%)
B-25923,2018-12-27,2019-01-01,BlueDart Express,IND-CUST-1274,Vishakha,Consumer,India,Mumbai,Maharashtra,400001,West,IND-PRD-10956,Electronics,Phones,Phones - Grade Standard,58095.0,6,0.05,10692.0,5,2018,12,Dec,Q4,Thursday,2018-12,2018-Q4,18.404337722695587,9682.5,47403.0,7900.5,Moderate Margin (0-20%),Moderate Discount (1-20%)
B-25924,2018-12-28,2019-01-02,Standard Express,IND-CUST-1275,Prajakta,Consumer,India,Bangalore,Karnataka,560001,South,IND-PRD-10957,Furniture,Chairs,Chairs - Grade Premium,2220.0,2,0.0,648.0,5,2018,12,Dec,Q4,Friday,2018-12,2018-Q4,29.18918918918919,1110.0,1572.0,786.0,High Margin (>20%),No Discount (0%)
B-25925,2018-12-29,2019-01-01,BlueDart Express,IND-CUST-1059,Shruti,Corporate,India,Mumbai,Maharashtra,400001,West,IND-PRD-10958,Clothing,Stole,Stole - Grade Standard,405.0,1,0.05,144.0,3,2018,12,Dec,Q4,Saturday,2018-12,2018-Q4,35.55555555555556,405.0,261.0,261.0,High Margin (>20%),Moderate Discount (1-20%)
B-25925,2018-12-29,2018-12-30,Same Day Delivery,IND-CUST-1059,Shruti,Consumer,India,Mumbai,Maharashtra,400001,West,IND-PRD-10959,Electronics,Electronic Games,Electronic Games - Grade Premium,4710.0,3,0.0,-492.0,1,2018,12,Dec,Q4,Saturday,2018-12,2018-Q4,-10.445859872611466,1570.0,5202.0,1734.0,Loss-Making (<0%),No Discount (0%)
B-25925,2018-12-29,2019-01-02,BlueDart Express,IND-CUST-1059,Shruti,Consumer,India,Mumbai,Maharashtra,400001,West,IND-PRD-10960,Furniture,Chairs,Chairs - Grade B,18420.0,3,0.2,168.0,4,2018,12,Dec,Q4,Saturday,2018-12,2018-Q4,0.9120521172638436,6140.0,18252.0,6084.0,Moderate Margin (0-20%),Moderate Discount (1-20%)
B-25926,2018-12-30,2019-01-01,Standard Express,IND-CUST-1276,Dipali,Consumer,India,Indore,Madhya Pradesh,452001,Central,IND-PRD-10961,Clothing,Leggings,Leggings - Grade Premium,855.0,5,0.05,72.0,2,2018,12,Dec,Q4,Sunday,2018-12,2018-Q4,8.421052631578947,171.0,783.0,156.6,Moderate Margin (0-20%),Moderate Discount (1-20%)
B-25927,2018-12-31,2019-01-02,BlueDart Express,IND-CUST-1074,Shreya,Corporate,India,Lucknow,Uttar Pradesh,226001,North,IND-PRD-10962,Electronics,Electronic Games,Electronic Games - Grade Standard,3000.0,4,0.25,84.0,2,2018,12,Dec,Q4,Monday,2018-12,2018-Q4,2.8000000000000003,750.0,2916.0,729.0,Moderate Margin (0-20%),High Discount (>20%)
B-25928,2019-01-01,2019-01-06,Same Day Delivery,IND-CUST-1277,Smriti,Small Business,India,Patna,Bihar,400001,East,IND-PRD-10963,Furniture,Furnishings,Furnishings - Grade B,375.0,1,0.1,120.0,5,2019,1,Jan,Q1,Tuesday,2019-01,2019-Q1,32.0,375.0,255.0,255.0,High Margin (>20%),Moderate Discount (1-20%)
B-25928,2019-01-01,2019-01-04,Standard Express,IND-CUST-1277,Smriti,Corporate,India,Patna,Bihar,400001,East,IND-PRD-10964,Electronics,Accessories,Accessories - Grade Premium,1830.0,3,0.1,180.0,3,2019,1,Jan,Q1,Tuesday,2019-01,2019-Q1,9.836065573770492,610.0,1650.0,550.0,Moderate Margin (0-20%),Moderate Discount (1-20%)
B-25929,2019-01-02,2019-01-04,Standard Express,IND-CUST-1278,Girase,Consumer,India,Thiruvananthapuram,Kerala,400001,Central,IND-PRD-10965,Furniture,Bookcases,Bookcases - Grade Standard,19620.0,3,0.1,6432.0,2,2019,1,Jan,Q1,Wednesday,2019-01,2019-Q1,32.782874617737,6540.0,13188.0,4396.0,High Margin (>20%),Moderate Discount (1-20%)
B-25929,2019-01-02,2019-01-03,BlueDart Express,IND-CUST-1278,Girase,Corporate,India,Thiruvananthapuram,Kerala,400001,Central,IND-PRD-10966,Furniture,Chairs,Chairs - Grade A,3240.0,3,0.0,-1620.0,1,2019,1,Jan,Q1,Wednesday,2019-01,2019-Q1,-50.0,1080.0,4860.0,1620.0,Loss-Making (<0%),No Discount (0%)
B-25929,2019-01-02,2019-01-07,Same Day Delivery,IND-CUST-1278,Girase,Consumer,India,Thiruvananthapuram,Kerala,400001,Central,IND-PRD-10967,Furniture,Chairs,Chairs - Grade A,2310.0,3,0.05,-1020.0,5,2019,1,Jan,Q1,Wednesday,2019-01,2019-Q1,-44.15584415584416,770.0,3330.0,1110.0,Loss-Making (<0%),Moderate Discount (1-20%)
B-25930,2019-01-03,2019-01-07,Standard Express,IND-CUST-1279,Monica,Consumer,India,Chandigarh,Punjab,400001,North,IND-PRD-10968,Clothing,T-shirt,T-shirt - Grade Premium,600.0,3,0.0,156.0,4,2019,1,Jan,Q1,Thursday,2019-01,2019-Q1,26.0,200.0,444.0,148.0,High Margin (>20%),No Discount (0%)
B-25930,2019-01-03,2019-01-08,Standard Express,IND-CUST-1279,Monica,Consumer,India,Chandigarh,Punjab,400001,North,IND-PRD-10969,Electronics,Electronic Games,Electronic Games - Grade Premium,5265.0,5,0.1,-1128.0,5,2019,1,Jan,Q1,Thursday,2019-01,2019-Q1,-21.424501424501425,1053.0,6393.0,1278.6,Loss-Making (<0%),Moderate Discount (1-20%)
B-25930,2019-01-03,2019-01-07,Standard Express,IND-CUST-1279,Monica,Consumer,India,Chandigarh,Punjab,400001,North,IND-PRD-10970,Furniture,Bookcases,Bookcases - Grade A,8925.0,4,0.05,1428.0,4,2019,1,Jan,Q1,Thursday,2019-01,2019-Q1,16.0,2231.25,7497.0,1874.25,Moderate Margin (0-20%),Moderate Discount (1-20%)
B-25930,2019-01-03,2019-01-08,Standard Express,IND-CUST-1279,Monica,Consumer,India,Chandigarh,Punjab,400001,North,IND-PRD-10971,Clothing,Hankerchief,Hankerchief - Grade Standard,2265.0,5,0.15,348.0,5,2019,1,Jan,Q1,Thursday,2019-01,2019-Q1,15.364238410596027,453.0,1917.0,383.4,Moderate Margin (0-20%),Moderate Discount (1-20%)
B-25930,2019-01-03,2019-01-08,BlueDart Express,IND-CUST-1279,Monica,Corporate,India,Chandigarh,Punjab,400001,North,IND-PRD-10972,Clothing,Hankerchief,Hankerchief - Grade Standard,870.0,2,0.0,204.0,5,2019,1,Jan,Q1,Thursday,2019-01,2019-Q1,23.448275862068964,435.0,666.0,333.0,High Margin (>20%),No Discount (0%)
B-25930,2019-01-03,2019-01-08,BlueDart Express,IND-CUST-1279,Monica,Small Business,India,Chandigarh,Punjab,400001,North,IND-PRD-10973,Clothing,T-shirt,T-shirt - Grade Standard,3030.0,9,0.0,1068.0,5,2019,1,Jan,Q1,Thursday,2019-01,2019-Q1,35.24752475247524,336.6666666666667,1962.0,218.0,High Margin (>20%),No Discount (0%)
B-25931,2019-01-04,2019-01-08,BlueDart Express,IND-CUST-1280,Sidharth,Consumer,India,Mumbai,Maharashtra,400001,West,IND-PRD-10974,Furniture,Chairs,Chairs - Grade Premium,1095.0,3,0.05,-432.0,4,2019,1,Jan,Q1,Friday,2019-01,2019-Q1,-39.45205479452055,365.0,1527.0,509.0,Loss-Making (<0%),Moderate Discount (1-20%)
B-25932,2019-01-04,2019-01-08,BlueDart Express,IND-CUST-1281,Bhutekar,Consumer,India,Indore,Madhya Pradesh,452001,Central,IND-PRD-10975,Furniture,Furnishings,Furnishings - Grade B,1065.0,4,0.2,-168.0,4,2019,1,Jan,Q1,Friday,2019-01,2019-Q1,-15.774647887323944,266.25,1233.0,308.25,Loss-Making (<0%),Moderate Discount (1-20%)
B-25933,2019-01-04,2019-01-09,Standard Express,IND-CUST-1282,Shikhar,Consumer,India,Mumbai,Maharashtra,400001,West,IND-PRD-10976,Clothing,Stole,Stole - Grade B,1215.0,3,0.15,-528.0,5,2019,1,Jan,Q1,Friday,2019-01,2019-Q1,-43.45679012345679,405.0,1743.0,581.0,Loss-Making (<0%),Moderate Discount (1-20%)
B-25933,2019-01-04,2019-01-06,Same Day Delivery,IND-CUST-1282,Shikhar,Consumer,India,Mumbai,Maharashtra,400001,West,IND-PRD-10977,Clothing,Saree,Saree - Grade B,6180.0,6,0.05,-4944.0,2,2019,1,Jan,Q1,Friday,2019-01,2019-Q1,-80.0,1030.0,11124.0,1854.0,Loss-Making (<0%),Moderate Discount (1-20%)
B-25933,2019-01-04,2019-01-07,BlueDart Express,IND-CUST-1282,Shikhar,Corporate,India,Mumbai,Maharashtra,400001,West,IND-PRD-10978,Clothing,Saree,Saree - Grade B,3105.0,2,0.1,-1200.0,3,2019,1,Jan,Q1,Friday,2019-01,2019-Q1,-38.64734299516908,1552.5,4305.0,2152.5,Loss-Making (<0%),Moderate Discount (1-20%)
B-25934,2019-01-04,2019-01-07,India Post Parcel,IND-CUST-1283,Rahul,Consumer,India,Indore,Madhya Pradesh,452001,Central,IND-PRD-10979,Clothing,Saree,Saree - Grade B,1575.0,6,0.0,396.0,3,2019,1,Jan,Q1,Friday,2019-01,2019-Q1,25.142857142857146,262.5,1179.0,196.5,High Margin (>20%),No Discount (0%)
B-25935,2019-01-04,2019-01-07,BlueDart Express,IND-CUST-1284,Sudhir,Corporate,India,Kohima,Nagaland,400001,Central,IND-PRD-10980,Furniture,Chairs,Chairs - Grade Premium,2430.0,3,0.3,240.0,3,2019,1,Jan,Q1,Friday,2019-01,2019-Q1,9.876543209876543,810.0,2190.0,730.0,Moderate Margin (0-20%),High Discount (>20%)
B-25935,2019-01-04,2019-01-08,Standard Express,IND-CUST-1284,Sudhir,Consumer,India,Kohima,Nagaland,400001,Central,IND-PRD-10981,Clothing,Hankerchief,Hankerchief - Grade Premium,2250.0,3,0.1,384.0,4,2019,1,Jan,Q1,Friday,2019-01,2019-Q1,17.066666666666666,750.0,1866.0,622.0,Moderate Margin (0-20%),Moderate Discount (1-20%)
B-25935,2019-01-04,2019-01-08,BlueDart Express,IND-CUST-1284,Sudhir,Consumer,India,Kohima,Nagaland,400001,Central,IND-PRD-10982,Furniture,Chairs,Chairs - Grade B,24855.0,4,0.0,5520.0,4,2019,1,Jan,Q1,Friday,2019-01,2019-Q1,22.20881110440555,6213.75,19335.0,4833.75,High Margin (>20%),No Discount (0%)
B-25936,2019-01-05,2019-01-07,Standard Express,IND-CUST-1285,Nikhil,Consumer,India,Chandigarh,Punjab,400001,North,IND-PRD-10983,Clothing,Saree,Saree - Grade Premium,915.0,4,0.1,300.0,2,2019,1,Jan,Q1,Saturday,2019-01,2019-Q1,32.78688524590164,228.75,615.0,153.75,High Margin (>20%),Moderate Discount (1-20%)
B-25937,2019-01-05,2019-01-08,BlueDart Express,IND-CUST-1184,Ankit,Consumer,India,Chandigarh,Haryana,400001,North,IND-PRD-10984,Furniture,Bookcases,Bookcases - Grade Premium,16515.0,3,0.0,4224.0,3,2019,1,Jan,Q1,Saturday,2019-01,2019-Q1,25.576748410535878,5505.0,12291.0,4097.0,High Margin (>20%),No Discount (0%)
B-25938,2019-01-05,2019-01-08,Standard Express,IND-CUST-1282,Shikhar,Consumer,India,Simla,Himachal Pradesh,400001,Central,IND-PRD-10985,Furniture,Furnishings,Furnishings - Grade B,915.0,2,0.25,12.0,3,2019,1,Jan,Q1,Saturday,2019-01,2019-Q1,1.3114754098360655,457.5,903.0,451.5,Moderate Margin (0-20%),High Discount (>20%)
B-25938,2019-01-05,2019-01-10,Standard Express,IND-CUST-1282,Shikhar,Corporate,India,Simla,Himachal Pradesh,400001,Central,IND-PRD-10986,Clothing,Stole,Stole - Grade Standard,885.0,3,0.0,300.0,5,2019,1,Jan,Q1,Saturday,2019-01,2019-Q1,33.89830508474576,295.0,585.0,195.0,High Margin (>20%),No Discount (0%)
B-25939,2019-01-05,2019-01-09,Same Day Delivery,IND-CUST-1286,Vineet,Consumer,India,Gangtok,Sikkim,400001,Central,IND-PRD-10987,Electronics,Accessories,Accessories - Grade Premium,915.0,2,0.1,216.0,4,2019,1,Jan,Q1,Saturday,2019-01,2019-Q1,23.60655737704918,457.5,699.0,349.5,High Margin (>20%),Moderate Discount (1-20%)
B-25939,2019-01-05,2019-01-08,Standard Express,IND-CUST-1286,Vineet,Corporate,India,Gangtok,Sikkim,400001,Central,IND-PRD-10988,Electronics,Accessories,Accessories - Grade Standard,2040.0,3,0.0,492.0,3,2019,1,Jan,Q1,Saturday,2019-01,2019-Q1,24.11764705882353,680.0,1548.0,516.0,High Margin (>20%),No Discount (0%)
B-25939,2019-01-05,2019-01-07,Same Day Delivery,IND-CUST-1286,Vineet,Consumer,India,Gangtok,Sikkim,400001,Central,IND-PRD-10989,Electronics,Electronic Games,Electronic Games - Grade Premium,7035.0,4,0.15,396.0,2,2019,1,Jan,Q1,Saturday,2019-01,2019-Q1,5.628997867803838,1758.75,6639.0,1659.75,Moderate Margin (0-20%),Moderate Discount (1-20%)
B-25940,2019-01-06,2019-01-08,Standard Express,IND-CUST-1287,Vivek,Consumer,India,Goa,Goa,400001,West,IND-PRD-10990,Clothing,Stole,Stole - Grade Premium,825.0,2,0.15,48.0,2,2019,1,Jan,Q1,Sunday,2019-01,2019-Q1,5.818181818181818,412.5,777.0,388.5,Moderate Margin (0-20%),Moderate Discount (1-20%)
B-25940,2019-01-06,2019-01-09,BlueDart Express,IND-CUST-1287,Vivek,Consumer,India,Goa,Goa,400001,West,IND-PRD-10991,Clothing,Hankerchief,Hankerchief - Grade B,195.0,2,0.1,36.0,3,2019,1,Jan,Q1,Sunday,2019-01,2019-Q1,18.461538461538463,97.5,159.0,79.5,Moderate Margin (0-20%),Moderate Discount (1-20%)
B-25940,2019-01-06,2019-01-10,BlueDart Express,IND-CUST-1287,Vivek,Corporate,India,Goa,Goa,400001,West,IND-PRD-10992,Clothing,Leggings,Leggings - Grade Premium,690.0,4,0.1,0.0,4,2019,1,Jan,Q1,Sunday,2019-01,2019-Q1,0.0,172.5,690.0,172.5,Moderate Margin (0-20%),Moderate Discount (1-20%)
B-25941,2019-01-07,2019-01-09,BlueDart Express,IND-CUST-1288,Jaideep,Consumer,India,Kohima,Nagaland,400001,Central,IND-PRD-10993,Clothing,Shirt,Shirt - Grade A,2655.0,4,0.2,492.0,2,2019,1,Jan,Q1,Monday,2019-01,2019-Q1,18.531073446327685,663.75,2163.0,540.75,Moderate Margin (0-20%),Moderate Discount (1-20%)
B-25942,2019-01-08,2019-01-13,Standard Express,IND-CUST-1197,Ankur,Corporate,India,Hyderabad,Andhra Pradesh,500001,South,IND-PRD-10994,Electronics,Printers,Printers - Grade A,9690.0,2,0.0,-276.0,5,2019,1,Jan,Q1,Tuesday,2019-01,2019-Q1,-2.848297213622291,4845.0,9966.0,4983.0,Loss-Making (<0%),No Discount (0%)
B-25943,2019-01-09,2019-01-11,Standard Express,IND-CUST-1289,Shardul,Consumer,India,Ahmedabad,Gujarat,380001,West,IND-PRD-10995,Clothing,Stole,Stole - Grade B,720.0,4,0.05,240.0,2,2019,1,Jan,Q1,Wednesday,2019-01,2019-Q1,33.33333333333333,180.0,480.0,120.0,High Margin (>20%),Moderate Discount (1-20%)
B-25943,2019-01-09,2019-01-10,Standard Express,IND-CUST-1289,Shardul,Corporate,India,Ahmedabad,Gujarat,380001,West,IND-PRD-10996,Clothing,Hankerchief,Hankerchief - Grade Standard,390.0,4,0.0,84.0,1,2019,1,Jan,Q1,Wednesday,2019-01,2019-Q1,21.53846153846154,97.5,306.0,76.5,High Margin (>20%),No Discount (0%)
B-25943,2019-01-09,2019-01-10,Standard Express,IND-CUST-1289,Shardul,Consumer,India,Ahmedabad,Gujarat,380001,West,IND-PRD-10997,Clothing,Saree,Saree - Grade Standard,2235.0,3,0.3,180.0,1,2019,1,Jan,Q1,Wednesday,2019-01,2019-Q1,8.053691275167784,745.0,2055.0,685.0,Moderate Margin (0-20%),High Discount (>20%)
B-25943,2019-01-09,2019-01-13,BlueDart Express,IND-CUST-1289,Shardul,Corporate,India,Ahmedabad,Gujarat,380001,West,IND-PRD-10998,Electronics,Accessories,Accessories - Grade Standard,23205.0,6,0.05,4080.0,4,2019,1,Jan,Q1,Wednesday,2019-01,2019-Q1,17.582417582417584,3867.5,19125.0,3187.5,Moderate Margin (0-20%),Moderate Discount (1-20%)
B-25943,2019-01-09,2019-01-12,India Post Parcel,IND-CUST-1289,Shardul,Corporate,India,Ahmedabad,Gujarat,380001,West,IND-PRD-10999,Clothing,Hankerchief,Hankerchief - Grade A,2055.0,5,0.15,456.0,3,2019,1,Jan,Q1,Wednesday,2019-01,2019-Q1,22.18978102189781,411.0,1599.0,319.8,High Margin (>20%),Moderate Discount (1-20%)
B-25944,2019-01-10,2019-01-14,Same Day Delivery,IND-CUST-1290,Syed,Small Business,India,Pune,Maharashtra,411001,West,IND-PRD-11000,Clothing,Saree,Saree - Grade Standard,2535.0,3,0.1,456.0,4,2019,1,Jan,Q1,Thursday,2019-01,2019-Q1,17.988165680473372,845.0,2079.0,693.0,Moderate Margin (0-20%),Moderate Discount (1-20%)
B-25945,2019-01-11,2019-01-15,Same Day Delivery,IND-CUST-1291,Mhatre,Consumer,India,Indore,Madhya Pradesh,452001,Central,IND-PRD-11001,Furniture,Bookcases,Bookcases - Grade Standard,3675.0,2,0.0,120.0,4,2019,1,Jan,Q1,Friday,2019-01,2019-Q1,3.2653061224489797,1837.5,3555.0,1777.5,Moderate Margin (0-20%),No Discount (0%)
B-25945,2019-01-11,2019-01-15,Same Day Delivery,IND-CUST-1291,Mhatre,Consumer,India,Indore,Madhya Pradesh,452001,Central,IND-PRD-11002,Clothing,Saree,Saree - Grade B,900.0,3,0.0,36.0,4,2019,1,Jan,Q1,Friday,2019-01,2019-Q1,4.0,300.0,864.0,288.0,Moderate Margin (0-20%),No Discount (0%)
B-25945,2019-01-11,2019-01-15,BlueDart Express,IND-CUST-1291,Mhatre,Consumer,India,Indore,Madhya Pradesh,452001,Central,IND-PRD-11003,Clothing,Shirt,Shirt - Grade Standard,945.0,2,0.0,168.0,4,2019,1,Jan,Q1,Friday,2019-01,2019-Q1,17.77777777777778,472.5,777.0,388.5,Moderate Margin (0-20%),No Discount (0%)
B-25945,2019-01-11,2019-01-16,Standard Express,IND-CUST-1291,Mhatre,Corporate,India,Indore,Madhya Pradesh,452001,Central,IND-PRD-11004,Electronics,Electronic Games,Electronic Games - Grade A,11475.0,3,0.05,-432.0,5,2019,1,Jan,Q1,Friday,2019-01,2019-Q1,-3.7647058823529407,3825.0,11907.0,3969.0,Loss-Making (<0%),Moderate Discount (1-20%)
B-25946,2019-01-12,2019-01-17,India Post Parcel,IND-CUST-1236,Saurabh,Consumer,India,Hyderabad,Andhra Pradesh,500001,South,IND-PRD-11005,Electronics,Phones,Phones - Grade A,2190.0,2,0.0,84.0,5,2019,1,Jan,Q1,Saturday,2019-01,2019-Q1,3.8356164383561646,1095.0,2106.0,1053.0,Moderate Margin (0-20%),No Discount (0%)
B-25947,2019-01-13,2019-01-15,BlueDart Express,IND-CUST-1292,Chetan,Corporate,India,Ahmedabad,Gujarat,380001,West,IND-PRD-11006,Clothing,Hankerchief,Hankerchief - Grade A,4350.0,6,0.0,420.0,2,2019,1,Jan,Q1,Sunday,2019-01,2019-Q1,9.655172413793103,725.0,3930.0,655.0,Moderate Margin (0-20%),No Discount (0%)
B-25947,2019-01-13,2019-01-14,BlueDart Express,IND-CUST-1292,Chetan,Consumer,India,Ahmedabad,Gujarat,380001,West,IND-PRD-11007,Electronics,Accessories,Accessories - Grade B,3105.0,2,0.2,396.0,1,2019,1,Jan,Q1,Sunday,2019-01,2019-Q1,12.753623188405797,1552.5,2709.0,1354.5,Moderate Margin (0-20%),Moderate Discount (1-20%)
B-25948,2019-01-13,2019-01-17,Standard Express,IND-CUST-1293,Mukund,Consumer,India,Pune,Maharashtra,411001,West,IND-PRD-11008,Furniture,Furnishings,Furnishings - Grade B,2280.0,3,0.25,276.0,4,2019,1,Jan,Q1,Sunday,2019-01,2019-Q1,12.105263157894736,760.0,2004.0,668.0,Moderate Margin (0-20%),High Discount (>20%)
B-25949,2019-01-13,2019-01-15,Standard Express,IND-CUST-1294,Shantanu,Consumer,India,Mumbai,Maharashtra,400001,West,IND-PRD-11009,Clothing,Hankerchief,Hankerchief - Grade Premium,360.0,3,0.05,132.0,2,2019,1,Jan,Q1,Sunday,2019-01,2019-Q1,36.666666666666664,120.0,228.0,76.0,High Margin (>20%),Moderate Discount (1-20%)
B-25949,2019-01-13,2019-01-14,BlueDart Express,IND-CUST-1294,Shantanu,Small Business,India,Mumbai,Maharashtra,400001,West,IND-PRD-11010,Clothing,Trousers,Trousers - Grade Standard,2100.0,2,0.05,684.0,1,2019,1,Jan,Q1,Sunday,2019-01,2019-Q1,32.57142857142858,1050.0,1416.0,708.0,High Margin (>20%),Moderate Discount (1-20%)
B-25949,2019-01-13,2019-01-16,Same Day Delivery,IND-CUST-1294,Shantanu,Corporate,India,Mumbai,Maharashtra,400001,West,IND-PRD-11011,Clothing,Hankerchief,Hankerchief - Grade B,2265.0,3,0.0,108.0,3,2019,1,Jan,Q1,Sunday,2019-01,2019-Q1,4.768211920529802,755.0,2157.0,719.0,Moderate Margin (0-20%),No Discount (0%)
B-25950,2019-01-13,2019-01-18,BlueDart Express,IND-CUST-1059,Shruti,Small Business,India,Indore,Madhya Pradesh,452001,Central,IND-PRD-11012,Clothing,Leggings,Leggings - Grade A,195.0,1,0.1,48.0,5,2019,1,Jan,Q1,Sunday,2019-01,2019-Q1,24.615384615384617,195.0,147.0,147.0,High Margin (>20%),Moderate Discount (1-20%)
B-25950,2019-01-13,2019-01-14,Standard Express,IND-CUST-1059,Shruti,Consumer,India,Indore,Madhya Pradesh,452001,Central,IND-PRD-11013,Clothing,Stole,Stole - Grade A,810.0,2,0.15,324.0,1,2019,1,Jan,Q1,Sunday,2019-01,2019-Q1,40.0,405.0,486.0,243.0,High Margin (>20%),Moderate Discount (1-20%)
B-25950,2019-01-13,2019-01-16,India Post Parcel,IND-CUST-1059,Shruti,Corporate,India,Indore,Madhya Pradesh,452001,Central,IND-PRD-11014,Electronics,Printers,Printers - Grade B,9660.0,2,0.0,2004.0,3,2019,1,Jan,Q1,Sunday,2019-01,2019-Q1,20.74534161490683,4830.0,7656.0,3828.0,High Margin (>20%),No Discount (0%)
B-25950,2019-01-13,2019-01-14,Standard Express,IND-CUST-1059,Shruti,Corporate,India,Indore,Madhya Pradesh,452001,Central,IND-PRD-11015,Clothing,Shirt,Shirt - Grade B,3915.0,6,0.0,156.0,1,2019,1,Jan,Q1,Sunday,2019-01,2019-Q1,3.984674329501916,652.5,3759.0,626.5,Moderate Margin (0-20%),No Discount (0%)
B-25950,2019-01-13,2019-01-18,Standard Express,IND-CUST-1059,Shruti,Consumer,India,Indore,Madhya Pradesh,452001,Central,IND-PRD-11016,Electronics,Printers,Printers - Grade B,24330.0,5,0.15,1140.0,5,2019,1,Jan,Q1,Sunday,2019-01,2019-Q1,4.68557336621455,4866.0,23190.0,4638.0,Moderate Margin (0-20%),Moderate Discount (1-20%)
B-25950,2019-01-13,2019-01-18,Standard Express,IND-CUST-1059,Shruti,Corporate,India,Indore,Madhya Pradesh,452001,Central,IND-PRD-11017,Furniture,Furnishings,Furnishings - Grade Premium,2850.0,9,0.1,228.0,5,2019,1,Jan,Q1,Sunday,2019-01,2019-Q1,8.0,316.6666666666667,2622.0,291.3333333333333,Moderate Margin (0-20%),Moderate Discount (1-20%)
B-25950,2019-01-13,2019-01-15,BlueDart Express,IND-CUST-1059,Shruti,Small Business,India,Indore,Madhya Pradesh,452001,Central,IND-PRD-11018,Clothing,Hankerchief,Hankerchief - Grade A,2370.0,10,0.0,-348.0,2,2019,1,Jan,Q1,Sunday,2019-01,2019-Q1,-14.683544303797468,237.0,2718.0,271.8,Loss-Making (<0%),No Discount (0%)
B-25950,2019-01-13,2019-01-17,India Post Parcel,IND-CUST-1059,Shruti,Small Business,India,Indore,Madhya Pradesh,452001,Central,IND-PRD-11019,Clothing,Saree,Saree - Grade Premium,2040.0,5,0.1,-396.0,4,2019,1,Jan,Q1,Sunday,2019-01,2019-Q1,-19.411764705882355,408.0,2436.0,487.2,Loss-Making (<0%),Moderate Discount (1-20%)
B-25950,2019-01-13,2019-01-14,Standard Express,IND-CUST-1059,Shruti,Corporate,India,Indore,Madhya Pradesh,452001,Central,IND-PRD-11020,Clothing,Stole,Stole - Grade Premium,1995.0,5,0.05,60.0,1,2019,1,Jan,Q1,Sunday,2019-01,2019-Q1,3.007518796992481,399.0,1935.0,387.0,Moderate Margin (0-20%),Moderate Discount (1-20%)
B-25951,2019-01-13,2019-01-14,Same Day Delivery,IND-CUST-1295,Jesal,Consumer,India,Kolkata,West Bengal,700001,East,IND-PRD-11021,Clothing,Stole,Stole - Grade Standard,1530.0,2,0.05,156.0,1,2019,1,Jan,Q1,Sunday,2019-01,2019-Q1,10.196078431372548,765.0,1374.0,687.0,Moderate Margin (0-20%),Moderate Discount (1-20%)
B-25951,2019-01-13,2019-01-16,Standard Express,IND-CUST-1295,Jesal,Consumer,India,Kolkata,West Bengal,700001,East,IND-PRD-11022,Electronics,Electronic Games,Electronic Games - Grade A,750.0,1,0.15,168.0,3,2019,1,Jan,Q1,Sunday,2019-01,2019-Q1,22.400000000000002,750.0,582.0,582.0,High Margin (>20%),Moderate Discount (1-20%)
B-25951,2019-01-13,2019-01-18,India Post Parcel,IND-CUST-1295,Jesal,Small Business,India,Kolkata,West Bengal,700001,East,IND-PRD-11023,Clothing,Hankerchief,Hankerchief - Grade A,1665.0,9,0.15,132.0,5,2019,1,Jan,Q1,Sunday,2019-01,2019-Q1,7.927927927927928,185.0,1533.0,170.33333333333334,Moderate Margin (0-20%),Moderate Discount (1-20%)
B-25951,2019-01-13,2019-01-14,Same Day Delivery,IND-CUST-1295,Jesal,Consumer,India,Kolkata,West Bengal,700001,East,IND-PRD-11024,Clothing,Stole,Stole - Grade B,1800.0,5,0.05,276.0,1,2019,1,Jan,Q1,Sunday,2019-01,2019-Q1,15.333333333333332,360.0,1524.0,304.8,Moderate Margin (0-20%),Moderate Discount (1-20%)
B-25951,2019-01-13,2019-01-18,Same Day Delivery,IND-CUST-1295,Jesal,Corporate,India,Kolkata,West Bengal,700001,East,IND-PRD-11025,Electronics,Accessories,Accessories - Grade B,600.0,1,0.25,216.0,5,2019,1,Jan,Q1,Sunday,2019-01,2019-Q1,36.0,600.0,384.0,384.0,High Margin (>20%),High Discount (>20%)
B-25951,2019-01-13,2019-01-14,Standard Express,IND-CUST-1295,Jesal,Corporate,India,Kolkata,West Bengal,700001,East,IND-PRD-11026,Clothing,Trousers,Trousers - Grade Standard,3750.0,3,0.05,1200.0,1,2019,1,Jan,Q1,Sunday,2019-01,2019-Q1,32.0,1250.0,2550.0,850.0,High Margin (>20%),Moderate Discount (1-20%)
B-25951,2019-01-13,2019-01-15,India Post Parcel,IND-CUST-1295,Jesal,Corporate,India,Kolkata,West Bengal,700001,East,IND-PRD-11027,Clothing,Stole,Stole - Grade Premium,1335.0,2,0.15,348.0,2,2019,1,Jan,Q1,Sunday,2019-01,2019-Q1,26.06741573033708,667.5,987.0,493.5,High Margin (>20%),Moderate Discount (1-20%)
B-25951,2019-01-13,2019-01-17,BlueDart Express,IND-CUST-1295,Jesal,Small Business,India,Kolkata,West Bengal,700001,East,IND-PRD-11028,Clothing,Kurti,Kurti - Grade B,450.0,2,0.05,60.0,4,2019,1,Jan,Q1,Sunday,2019-01,2019-Q1,13.333333333333334,225.0,390.0,195.0,Moderate Margin (0-20%),Moderate Discount (1-20%)
B-25951,2019-01-13,2019-01-14,Standard Express,IND-CUST-1295,Jesal,Consumer,India,Kolkata,West Bengal,700001,East,IND-PRD-11029,Electronics,Phones,Phones - Grade B,3720.0,2,0.2,1260.0,1,2019,1,Jan,Q1,Sunday,2019-01,2019-Q1,33.87096774193548,1860.0,2460.0,1230.0,High Margin (>20%),Moderate Discount (1-20%)
B-25951,2019-01-13,2019-01-18,Same Day Delivery,IND-CUST-1295,Jesal,Consumer,India,Kolkata,West Bengal,700001,East,IND-PRD-11030,Furniture,Bookcases,Bookcases - Grade A,11130.0,2,0.2,2376.0,5,2019,1,Jan,Q1,Sunday,2019-01,2019-Q1,21.347708894878707,5565.0,8754.0,4377.0,High Margin (>20%),Moderate Discount (1-20%)
B-25952,2019-01-13,2019-01-15,Standard Express,IND-CUST-1055,Priyanka,Consumer,India,Indore,Madhya Pradesh,452001,Central,IND-PRD-11031,Clothing,Hankerchief,Hankerchief - Grade A,210.0,4,0.0,0.0,2,2019,1,Jan,Q1,Sunday,2019-01,2019-Q1,0.0,52.5,210.0,52.5,Moderate Margin (0-20%),No Discount (0%)
B-25952,2019-01-13,2019-01-14,Same Day Delivery,IND-CUST-1055,Priyanka,Consumer,India,Indore,Madhya Pradesh,452001,Central,IND-PRD-11032,Clothing,Skirt,Skirt - Grade B,1305.0,9,0.25,384.0,1,2019,1,Jan,Q1,Sunday,2019-01,2019-Q1,29.42528735632184,145.0,921.0,102.33333333333333,High Margin (>20%),High Discount (>20%)
B-25952,2019-01-13,2019-01-16,Standard Express,IND-CUST-1055,Priyanka,Consumer,India,Indore,Madhya Pradesh,452001,Central,IND-PRD-11033,Electronics,Electronic Games,Electronic Games - Grade A,14025.0,4,0.15,1368.0,3,2019,1,Jan,Q1,Sunday,2019-01,2019-Q1,9.754010695187166,3506.25,12657.0,3164.25,Moderate Margin (0-20%),Moderate Discount (1-20%)
B-25952,2019-01-13,2019-01-17,BlueDart Express,IND-CUST-1055,Priyanka,Consumer,India,Indore,Madhya Pradesh,452001,Central,IND-PRD-11034,Furniture,Chairs,Chairs - Grade Standard,2595.0,3,0.15,828.0,4,2019,1,Jan,Q1,Sunday,2019-01,2019-Q1,31.90751445086705,865.0,1767.0,589.0,High Margin (>20%),Moderate Discount (1-20%)
B-25952,2019-01-13,2019-01-14,BlueDart Express,IND-CUST-1055,Priyanka,Corporate,India,Indore,Madhya Pradesh,452001,Central,IND-PRD-11035,Clothing,Trousers,Trousers - Grade B,5280.0,5,0.0,216.0,1,2019,1,Jan,Q1,Sunday,2019-01,2019-Q1,4.090909090909091,1056.0,5064.0,1012.8,Moderate Margin (0-20%),No Discount (0%)
B-25952,2019-01-13,2019-01-15,Standard Express,IND-CUST-1055,Priyanka,Small Business,India,Indore,Madhya Pradesh,452001,Central,IND-PRD-11036,Clothing,Saree,Saree - Grade A,2205.0,3,0.15,576.0,2,2019,1,Jan,Q1,Sunday,2019-01,2019-Q1,26.122448979591837,735.0,1629.0,543.0,High Margin (>20%),Moderate Discount (1-20%)
B-25952,2019-01-13,2019-01-16,Standard Express,IND-CUST-1055,Priyanka,Consumer,India,Indore,Madhya Pradesh,452001,Central,IND-PRD-11037,Clothing,Hankerchief,Hankerchief - Grade Standard,660.0,3,0.2,168.0,3,2019,1,Jan,Q1,Sunday,2019-01,2019-Q1,25.454545454545453,220.0,492.0,164.0,High Margin (>20%),Moderate Discount (1-20%)
B-25953,2019-01-14,2019-01-16,Standard Express,IND-CUST-1081,Krutika,Consumer,India,Hyderabad,Andhra Pradesh,500001,South,IND-PRD-11038,Clothing,Hankerchief,Hankerchief - Grade A,330.0,4,0.0,-96.0,2,2019,1,Jan,Q1,Monday,2019-01,2019-Q1,-29.09090909090909,82.5,426.0,106.5,Loss-Making (<0%),No Discount (0%)
B-25953,2019-01-14,2019-01-16,BlueDart Express,IND-CUST-1081,Krutika,Small Business,India,Hyderabad,Andhra Pradesh,500001,South,IND-PRD-11039,Electronics,Electronic Games,Electronic Games - Grade A,2820.0,2,0.25,-2316.0,2,2019,1,Jan,Q1,Monday,2019-01,2019-Q1,-82.12765957446808,1410.0,5136.0,2568.0,Loss-Making (<0%),High Discount (>20%)
B-25953,2019-01-14,2019-01-17,Standard Express,IND-CUST-1081,Krutika,Consumer,India,Hyderabad,Andhra Pradesh,500001,South,IND-PRD-11040,Clothing,Stole,Stole - Grade A,1215.0,3,0.0,492.0,3,2019,1,Jan,Q1,Monday,2019-01,2019-Q1,40.49382716049383,405.0,723.0,241.0,High Margin (>20%),No Discount (0%)
B-25953,2019-01-14,2019-01-16,BlueDart Express,IND-CUST-1081,Krutika,Consumer,India,Hyderabad,Andhra Pradesh,500001,South,IND-PRD-11041,Clothing,Hankerchief,Hankerchief - Grade B,660.0,3,0.0,24.0,2,2019,1,Jan,Q1,Monday,2019-01,2019-Q1,3.6363636363636362,220.0,636.0,212.0,Moderate Margin (0-20%),No Discount (0%)
B-25953,2019-01-14,2019-01-17,Standard Express,IND-CUST-1081,Krutika,Consumer,India,Hyderabad,Andhra Pradesh,500001,South,IND-PRD-11042,Electronics,Accessories,Accessories - Grade Premium,1740.0,1,0.1,264.0,3,2019,1,Jan,Q1,Monday,2019-01,2019-Q1,15.172413793103448,1740.0,1476.0,1476.0,Moderate Margin (0-20%),Moderate Discount (1-20%)
B-25953,2019-01-14,2019-01-15,Standard Express,IND-CUST-1081,Krutika,Corporate,India,Hyderabad,Andhra Pradesh,500001,South,IND-PRD-11043,Clothing,T-shirt,T-shirt - Grade A,1005.0,4,0.1,240.0,1,2019,1,Jan,Q1,Monday,2019-01,2019-Q1,23.88059701492537,251.25,765.0,191.25,High Margin (>20%),Moderate Discount (1-20%)
B-25953,2019-01-14,2019-01-17,BlueDart Express,IND-CUST-1081,Krutika,Consumer,India,Hyderabad,Andhra Pradesh,500001,South,IND-PRD-11044,Electronics,Printers,Printers - Grade Standard,11160.0,6,0.1,1428.0,3,2019,1,Jan,Q1,Monday,2019-01,2019-Q1,12.795698924731184,1860.0,9732.0,1622.0,Moderate Margin (0-20%),Moderate Discount (1-20%)
B-25953,2019-01-14,2019-01-17,Standard Express,IND-CUST-1081,Krutika,Small Business,India,Hyderabad,Andhra Pradesh,500001,South,IND-PRD-11045,Furniture,Bookcases,Bookcases - Grade B,18270.0,9,0.0,4224.0,3,2019,1,Jan,Q1,Monday,2019-01,2019-Q1,23.119868637110017,2030.0,14046.0,1560.6666666666667,High Margin (>20%),No Discount (0%)
B-25953,2019-01-14,2019-01-18,India Post Parcel,IND-CUST-1081,Krutika,Consumer,India,Hyderabad,Andhra Pradesh,500001,South,IND-PRD-11046,Clothing,Stole,Stole - Grade B,1305.0,5,0.25,432.0,4,2019,1,Jan,Q1,Monday,2019-01,2019-Q1,33.10344827586207,261.0,873.0,174.6,High Margin (>20%),High Discount (>20%)
B-25954,2019-01-14,2019-01-17,Same Day Delivery,IND-CUST-1296,Trupti,Consumer,India,Ahmedabad,Gujarat,380001,West,IND-PRD-11047,Clothing,Saree,Saree - Grade Standard,13365.0,5,0.0,0.0,3,2019,1,Jan,Q1,Monday,2019-01,2019-Q1,0.0,2673.0,13365.0,2673.0,Moderate Margin (0-20%),No Discount (0%)
B-25954,2019-01-14,2019-01-17,BlueDart Express,IND-CUST-1296,Trupti,Consumer,India,Ahmedabad,Gujarat,380001,West,IND-PRD-11048,Electronics,Phones,Phones - Grade A,2190.0,1,0.0,792.0,3,2019,1,Jan,Q1,Monday,2019-01,2019-Q1,36.16438356164384,2190.0,1398.0,1398.0,High Margin (>20%),No Discount (0%)
B-25954,2019-01-14,2019-01-15,BlueDart Express,IND-CUST-1296,Trupti,Consumer,India,Ahmedabad,Gujarat,380001,West,IND-PRD-11049,Clothing,Stole,Stole - Grade Premium,660.0,3,0.0,120.0,1,2019,1,Jan,Q1,Monday,2019-01,2019-Q1,18.181818181818183,220.0,540.0,180.0,Moderate Margin (0-20%),No Discount (0%)
B-25954,2019-01-14,2019-01-18,Same Day Delivery,IND-CUST-1296,Trupti,Corporate,India,Ahmedabad,Gujarat,380001,West,IND-PRD-11050,Clothing,Leggings,Leggings - Grade A,405.0,2,0.1,0.0,4,2019,1,Jan,Q1,Monday,2019-01,2019-Q1,0.0,202.5,405.0,202.5,Moderate Margin (0-20%),Moderate Discount (1-20%)
B-25954,2019-01-14,2019-01-19,Standard Express,IND-CUST-1296,Trupti,Corporate,India,Ahmedabad,Gujarat,380001,West,IND-PRD-11051,Clothing,Shirt,Shirt - Grade Standard,720.0,2,0.25,132.0,5,2019,1,Jan,Q1,Monday,2019-01,2019-Q1,18.333333333333332,360.0,588.0,294.0,Moderate Margin (0-20%),High Discount (>20%)
B-25954,2019-01-14,2019-01-15,Standard Express,IND-CUST-1296,Trupti,Corporate,India,Ahmedabad,Gujarat,380001,West,IND-PRD-11052,Furniture,Furnishings,Furnishings - Grade B,2835.0,4,0.1,720.0,1,2019,1,Jan,Q1,Monday,2019-01,2019-Q1,25.396825396825395,708.75,2115.0,528.75,High Margin (>20%),Moderate Discount (1-20%)
B-25954,2019-01-14,2019-01-15,Standard Express,IND-CUST-1296,Trupti,Corporate,India,Ahmedabad,Gujarat,380001,West,IND-PRD-11053,Electronics,Electronic Games,Electronic Games - Grade Premium,7860.0,2,0.15,-300.0,1,2019,1,Jan,Q1,Monday,2019-01,2019-Q1,-3.816793893129771,3930.0,8160.0,4080.0,Loss-Making (<0%),Moderate Discount (1-20%)
B-25954,2019-01-14,2019-01-19,Same Day Delivery,IND-CUST-1296,Trupti,Small Business,India,Ahmedabad,Gujarat,380001,West,IND-PRD-11054,Electronics,Electronic Games,Electronic Games - Grade B,2220.0,1,0.0,108.0,5,2019,1,Jan,Q1,Monday,2019-01,2019-Q1,4.864864864864865,2220.0,2112.0,2112.0,Moderate Margin (0-20%),No Discount (0%)
B-25955,2019-01-16,2019-01-19,Standard Express,IND-CUST-1149,Soumya,Corporate,India,Pune,Maharashtra,411001,West,IND-PRD-11055,Electronics,Accessories,Accessories - Grade Standard,25740.0,7,0.1,3708.0,3,2019,1,Jan,Q1,Wednesday,2019-01,2019-Q1,14.405594405594405,3677.1428571428573,22032.0,3147.4285714285716,Moderate Margin (0-20%),Moderate Discount (1-20%)
B-25955,2019-01-16,2019-01-18,BlueDart Express,IND-CUST-1149,Soumya,Corporate,India,Pune,Maharashtra,411001,West,IND-PRD-11056,Clothing,Skirt,Skirt - Grade A,675.0,4,0.05,96.0,2,2019,1,Jan,Q1,Wednesday,2019-01,2019-Q1,14.222222222222221,168.75,579.0,144.75,Moderate Margin (0-20%),Moderate Discount (1-20%)
B-25955,2019-01-16,2019-01-20,India Post Parcel,IND-CUST-1149,Soumya,Consumer,India,Pune,Maharashtra,411001,West,IND-PRD-11057,Clothing,Saree,Saree - Grade Premium,585.0,2,0.05,24.0,4,2019,1,Jan,Q1,Wednesday,2019-01,2019-Q1,4.102564102564102,292.5,561.0,280.5,Moderate Margin (0-20%),Moderate Discount (1-20%)
B-25955,2019-01-16,2019-01-18,Same Day Delivery,IND-CUST-1149,Soumya,Consumer,India,Pune,Maharashtra,411001,West,IND-PRD-11058,Clothing,Stole,Stole - Grade B,1650.0,5,0.0,240.0,2,2019,1,Jan,Q1,Wednesday,2019-01,2019-Q1,14.545454545454545,330.0,1410.0,282.0,Moderate Margin (0-20%),No Discount (0%)
B-25955,2019-01-16,2019-01-21,BlueDart Express,IND-CUST-1149,Soumya,Consumer,India,Pune,Maharashtra,411001,West,IND-PRD-11059,Clothing,T-shirt,T-shirt - Grade B,810.0,3,0.1,168.0,5,2019,1,Jan,Q1,Wednesday,2019-01,2019-Q1,20.74074074074074,270.0,642.0,214.0,High Margin (>20%),Moderate Discount (1-20%)
B-25955,2019-01-16,2019-01-17,Standard Express,IND-CUST-1149,Soumya,Corporate,India,Pune,Maharashtra,411001,West,IND-PRD-11060,Electronics,Printers,Printers - Grade B,14310.0,3,0.1,1140.0,1,2019,1,Jan,Q1,Wednesday,2019-01,2019-Q1,7.966457023060797,4770.0,13170.0,4390.0,Moderate Margin (0-20%),Moderate Discount (1-20%)
B-25955,2019-01-16,2019-01-17,Same Day Delivery,IND-CUST-1149,Soumya,Consumer,India,Pune,Maharashtra,411001,West,IND-PRD-11061,Furniture,Bookcases,Bookcases - Grade A,43905.0,8,0.15,1752.0,1,2019,1,Jan,Q1,Wednesday,2019-01,2019-Q1,3.9904338913563375,5488.125,42153.0,5269.125,Moderate Margin (0-20%),Moderate Discount (1-20%)
B-25955,2019-01-16,2019-01-20,BlueDart Express,IND-CUST-1149,Soumya,Consumer,India,Pune,Maharashtra,411001,West,IND-PRD-11062,Clothing,T-shirt,T-shirt - Grade Premium,4410.0,9,0.05,744.0,4,2019,1,Jan,Q1,Wednesday,2019-01,2019-Q1,16.870748299319725,490.0,3666.0,407.3333333333333,Moderate Margin (0-20%),Moderate Discount (1-20%)
B-25955,2019-01-16,2019-01-17,Standard Express,IND-CUST-1149,Soumya,Small Business,India,Pune,Maharashtra,411001,West,IND-PRD-11063,Electronics,Phones,Phones - Grade A,3000.0,5,0.0,156.0,1,2019,1,Jan,Q1,Wednesday,2019-01,2019-Q1,5.2,600.0,2844.0,568.8,Moderate Margin (0-20%),No Discount (0%)
B-25956,2019-01-17,2019-01-18,Standard Express,IND-CUST-1074,Shreya,Small Business,India,Mumbai,Maharashtra,400001,West,IND-PRD-11064,Clothing,Shirt,Shirt - Grade A,1335.0,4,0.1,-444.0,1,2019,1,Jan,Q1,Thursday,2019-01,2019-Q1,-33.258426966292134,333.75,1779.0,444.75,Loss-Making (<0%),Moderate Discount (1-20%)
B-25956,2019-01-17,2019-01-21,India Post Parcel,IND-CUST-1074,Shreya,Small Business,India,Mumbai,Maharashtra,400001,West,IND-PRD-11065,Clothing,Hankerchief,Hankerchief - Grade A,885.0,2,0.0,120.0,4,2019,1,Jan,Q1,Thursday,2019-01,2019-Q1,13.559322033898304,442.5,765.0,382.5,Moderate Margin (0-20%),No Discount (0%)
B-25956,2019-01-17,2019-01-21,BlueDart Express,IND-CUST-1074,Shreya,Consumer,India,Mumbai,Maharashtra,400001,West,IND-PRD-11066,Clothing,Hankerchief,Hankerchief - Grade Standard,495.0,3,0.2,120.0,4,2019,1,Jan,Q1,Thursday,2019-01,2019-Q1,24.242424242424242,165.0,375.0,125.0,High Margin (>20%),Moderate Discount (1-20%)
B-25956,2019-01-17,2019-01-22,Same Day Delivery,IND-CUST-1074,Shreya,Corporate,India,Mumbai,Maharashtra,400001,West,IND-PRD-11067,Electronics,Phones,Phones - Grade Standard,7110.0,4,0.1,672.0,5,2019,1,Jan,Q1,Thursday,2019-01,2019-Q1,9.451476793248945,1777.5,6438.0,1609.5,Moderate Margin (0-20%),Moderate Discount (1-20%)
B-25956,2019-01-17,2019-01-18,Same Day Delivery,IND-CUST-1074,Shreya,Consumer,India,Mumbai,Maharashtra,400001,West,IND-PRD-11068,Electronics,Phones,Phones - Grade Standard,2100.0,2,0.0,336.0,1,2019,1,Jan,Q1,Thursday,2019-01,2019-Q1,16.0,1050.0,1764.0,882.0,Moderate Margin (0-20%),No Discount (0%)
B-25957,2019-01-18,2019-01-19,BlueDart Express,IND-CUST-1073,Mahima,Consumer,India,Indore,Madhya Pradesh,452001,Central,IND-PRD-11069,Clothing,Stole,Stole - Grade Premium,2205.0,3,0.25,876.0,1,2019,1,Jan,Q1,Friday,2019-01,2019-Q1,39.72789115646258,735.0,1329.0,443.0,High Margin (>20%),High Discount (>20%)
B-25957,2019-01-18,2019-01-23,BlueDart Express,IND-CUST-1073,Mahima,Consumer,India,Indore,Madhya Pradesh,452001,Central,IND-PRD-11070,Clothing,Saree,Saree - Grade A,240.0,1,0.1,24.0,5,2019,1,Jan,Q1,Friday,2019-01,2019-Q1,10.0,240.0,216.0,216.0,Moderate Margin (0-20%),Moderate Discount (1-20%)
B-25957,2019-01-18,2019-01-21,Standard Express,IND-CUST-1073,Mahima,Consumer,India,Indore,Madhya Pradesh,452001,Central,IND-PRD-11071,Furniture,Bookcases,Bookcases - Grade A,17355.0,9,0.0,-156.0,3,2019,1,Jan,Q1,Friday,2019-01,2019-Q1,-0.8988764044943821,1928.3333333333333,17511.0,1945.6666666666667,Loss-Making (<0%),No Discount (0%)
B-25958,2019-01-18,2019-01-21,Standard Express,IND-CUST-1297,Aparajita,Consumer,India,Kolkata,West Bengal,700001,East,IND-PRD-11072,Clothing,Hankerchief,Hankerchief - Grade Standard,1575.0,2,0.1,300.0,3,2019,1,Jan,Q1,Friday,2019-01,2019-Q1,19.047619047619047,787.5,1275.0,637.5,Moderate Margin (0-20%),Moderate Discount (1-20%)
B-25958,2019-01-18,2019-01-21,Standard Express,IND-CUST-1297,Aparajita,Corporate,India,Kolkata,West Bengal,700001,East,IND-PRD-11073,Clothing,Saree,Saree - Grade A,5400.0,3,0.0,384.0,3,2019,1,Jan,Q1,Friday,2019-01,2019-Q1,7.111111111111111,1800.0,5016.0,1672.0,Moderate Margin (0-20%),No Discount (0%)
B-25959,2019-01-18,2019-01-23,Same Day Delivery,IND-CUST-1298,Muskan,Consumer,India,Indore,Madhya Pradesh,452001,Central,IND-PRD-11074,Electronics,Phones,Phones - Grade A,3780.0,2,0.15,672.0,5,2019,1,Jan,Q1,Friday,2019-01,2019-Q1,17.77777777777778,1890.0,3108.0,1554.0,Moderate Margin (0-20%),Moderate Discount (1-20%)
B-25959,2019-01-18,2019-01-19,BlueDart Express,IND-CUST-1298,Muskan,Corporate,India,Indore,Madhya Pradesh,452001,Central,IND-PRD-11075,Furniture,Chairs,Chairs - Grade B,10215.0,4,0.15,3108.0,1,2019,1,Jan,Q1,Friday,2019-01,2019-Q1,30.42584434654919,2553.75,7107.0,1776.75,High Margin (>20%),Moderate Discount (1-20%)
B-25959,2019-01-18,2019-01-23,Same Day Delivery,IND-CUST-1298,Muskan,Consumer,India,Indore,Madhya Pradesh,452001,Central,IND-PRD-11076,Clothing,Kurti,Kurti - Grade A,480.0,2,0.25,24.0,5,2019,1,Jan,Q1,Friday,2019-01,2019-Q1,5.0,240.0,456.0,228.0,Moderate Margin (0-20%),High Discount (>20%)
B-25959,2019-01-18,2019-01-23,Standard Express,IND-CUST-1298,Muskan,Consumer,India,Indore,Madhya Pradesh,452001,Central,IND-PRD-11077,Clothing,Shirt,Shirt - Grade B,1980.0,3,0.1,588.0,5,2019,1,Jan,Q1,Friday,2019-01,2019-Q1,29.6969696969697,660.0,1392.0,464.0,High Margin (>20%),Moderate Discount (1-20%)
B-25959,2019-01-18,2019-01-21,BlueDart Express,IND-CUST-1298,Muskan,Consumer,India,Indore,Madhya Pradesh,452001,Central,IND-PRD-11078,Electronics,Phones,Phones - Grade A,9555.0,8,0.05,2544.0,3,2019,1,Jan,Q1,Friday,2019-01,2019-Q1,26.62480376766091,1194.375,7011.0,876.375,High Margin (>20%),Moderate Discount (1-20%)
B-25959,2019-01-18,2019-01-20,BlueDart Express,IND-CUST-1298,Muskan,Consumer,India,Indore,Madhya Pradesh,452001,Central,IND-PRD-11079,Furniture,Chairs,Chairs - Grade Premium,6435.0,3,0.15,204.0,2,2019,1,Jan,Q1,Friday,2019-01,2019-Q1,3.1701631701631703,2145.0,6231.0,2077.0,Moderate Margin (0-20%),Moderate Discount (1-20%)
B-25959,2019-01-18,2019-01-19,BlueDart Express,IND-CUST-1298,Muskan,Corporate,India,Indore,Madhya Pradesh,452001,Central,IND-PRD-11080,Clothing,Hankerchief,Hankerchief - Grade Standard,1230.0,6,0.0,288.0,1,2019,1,Jan,Q1,Friday,2019-01,2019-Q1,23.414634146341466,205.0,942.0,157.0,High Margin (>20%),No Discount (0%)
B-25959,2019-01-18,2019-01-21,BlueDart Express,IND-CUST-1298,Muskan,Consumer,India,Indore,Madhya Pradesh,452001,Central,IND-PRD-11081,Clothing,Hankerchief,Hankerchief - Grade B,345.0,2,0.1,96.0,3,2019,1,Jan,Q1,Friday,2019-01,2019-Q1,27.82608695652174,172.5,249.0,124.5,High Margin (>20%),Moderate Discount (1-20%)
B-25960,2019-01-18,2019-01-20,Standard Express,IND-CUST-1074,Shreya,Consumer,India,Hyderabad,Andhra Pradesh,500001,South,IND-PRD-11082,Furniture,Bookcases,Bookcases - Grade Standard,2565.0,2,0.1,-1680.0,2,2019,1,Jan,Q1,Friday,2019-01,2019-Q1,-65.49707602339181,1282.5,4245.0,2122.5,Loss-Making (<0%),Moderate Discount (1-20%)
B-25961,2019-01-18,2019-01-20,BlueDart Express,IND-CUST-1156,Surbhi,Consumer,India,Ahmedabad,Gujarat,380001,West,IND-PRD-11083,Clothing,Leggings,Leggings - Grade B,510.0,5,0.0,-144.0,2,2019,1,Jan,Q1,Friday,2019-01,2019-Q1,-28.235294117647058,102.0,654.0,130.8,Loss-Making (<0%),No Discount (0%)
B-25961,2019-01-18,2019-01-22,Standard Express,IND-CUST-1156,Surbhi,Consumer,India,Ahmedabad,Gujarat,380001,West,IND-PRD-11084,Furniture,Bookcases,Bookcases - Grade B,5490.0,3,0.05,1008.0,4,2019,1,Jan,Q1,Friday,2019-01,2019-Q1,18.360655737704917,1830.0,4482.0,1494.0,Moderate Margin (0-20%),Moderate Discount (1-20%)
B-25961,2019-01-18,2019-01-19,Standard Express,IND-CUST-1156,Surbhi,Small Business,India,Ahmedabad,Gujarat,380001,West,IND-PRD-11085,Clothing,Skirt,Skirt - Grade B,390.0,3,0.2,36.0,1,2019,1,Jan,Q1,Friday,2019-01,2019-Q1,9.230769230769232,130.0,354.0,118.0,Moderate Margin (0-20%),Moderate Discount (1-20%)
B-25961,2019-01-18,2019-01-20,BlueDart Express,IND-CUST-1156,Surbhi,Consumer,India,Ahmedabad,Gujarat,380001,West,IND-PRD-11086,Electronics,Printers,Printers - Grade Premium,6690.0,3,0.2,636.0,2,2019,1,Jan,Q1,Friday,2019-01,2019-Q1,9.506726457399104,2230.0,6054.0,2018.0,Moderate Margin (0-20%),Moderate Discount (1-20%)
B-25961,2019-01-18,2019-01-21,BlueDart Express,IND-CUST-1156,Surbhi,Corporate,India,Ahmedabad,Gujarat,380001,West,IND-PRD-11087,Clothing,Shirt,Shirt - Grade A,720.0,3,0.0,192.0,3,2019,1,Jan,Q1,Friday,2019-01,2019-Q1,26.666666666666668,240.0,528.0,176.0,High Margin (>20%),No Discount (0%)
B-25961,2019-01-18,2019-01-22,India Post Parcel,IND-CUST-1156,Surbhi,Corporate,India,Ahmedabad,Gujarat,380001,West,IND-PRD-11088,Clothing,Skirt,Skirt - Grade B,510.0,3,0.0,120.0,4,2019,1,Jan,Q1,Friday,2019-01,2019-Q1,23.52941176470588,170.0,390.0,130.0,High Margin (>20%),No Discount (0%)
B-25962,2019-01-19,2019-01-20,BlueDart Express,IND-CUST-1299,Tejeswini,Small Business,India,Pune,Maharashtra,411001,West,IND-PRD-11089,Electronics,Printers,Printers - Grade Premium,3900.0,2,0.0,816.0,1,2019,1,Jan,Q1,Saturday,2019-01,2019-Q1,20.923076923076923,1950.0,3084.0,1542.0,High Margin (>20%),No Discount (0%)
B-25962,2019-01-19,2019-01-24,BlueDart Express,IND-CUST-1299,Tejeswini,Corporate,India,Pune,Maharashtra,411001,West,IND-PRD-11090,Electronics,Electronic Games,Electronic Games - Grade B,4680.0,1,0.2,744.0,5,2019,1,Jan,Q1,Saturday,2019-01,2019-Q1,15.897435897435896,4680.0,3936.0,3936.0,Moderate Margin (0-20%),Moderate Discount (1-20%)
B-25962,2019-01-19,2019-01-22,BlueDart Express,IND-CUST-1299,Tejeswini,Corporate,India,Pune,Maharashtra,411001,West,IND-PRD-11091,Furniture,Bookcases,Bookcases - Grade A,8160.0,3,0.0,-1824.0,3,2019,1,Jan,Q1,Saturday,2019-01,2019-Q1,-22.35294117647059,2720.0,9984.0,3328.0,Loss-Making (<0%),No Discount (0%)
B-25963,2019-01-19,2019-01-21,BlueDart Express,IND-CUST-1300,Pratiksha,Corporate,India,Mumbai,Maharashtra,400001,West,IND-PRD-11092,Furniture,Furnishings,Furnishings - Grade B,795.0,3,0.15,96.0,2,2019,1,Jan,Q1,Saturday,2019-01,2019-Q1,12.075471698113208,265.0,699.0,233.0,Moderate Margin (0-20%),Moderate Discount (1-20%)
B-25964,2019-01-20,2019-01-22,Standard Express,IND-CUST-1301,Oshin,Small Business,India,Indore,Madhya Pradesh,452001,Central,IND-PRD-11093,Clothing,Stole,Stole - Grade Premium,2985.0,4,0.0,0.0,2,2019,1,Jan,Q1,Sunday,2019-01,2019-Q1,0.0,746.25,2985.0,746.25,Moderate Margin (0-20%),No Discount (0%)
B-25964,2019-01-20,2019-01-23,Standard Express,IND-CUST-1301,Oshin,Consumer,India,Indore,Madhya Pradesh,452001,Central,IND-PRD-11094,Clothing,Saree,Saree - Grade A,1335.0,5,0.1,72.0,3,2019,1,Jan,Q1,Sunday,2019-01,2019-Q1,5.393258426966292,267.0,1263.0,252.6,Moderate Margin (0-20%),Moderate Discount (1-20%)
B-25964,2019-01-20,2019-01-22,Standard Express,IND-CUST-1301,Oshin,Consumer,India,Indore,Madhya Pradesh,452001,Central,IND-PRD-11095,Electronics,Electronic Games,Electronic Games - Grade Premium,19050.0,11,0.05,6552.0,2,2019,1,Jan,Q1,Sunday,2019-01,2019-Q1,34.39370078740158,1731.8181818181818,12498.0,1136.1818181818182,High Margin (>20%),Moderate Discount (1-20%)
B-25964,2019-01-20,2019-01-24,BlueDart Express,IND-CUST-1301,Oshin,Consumer,India,Indore,Madhya Pradesh,452001,Central,IND-PRD-11096,Furniture,Chairs,Chairs - Grade A,5190.0,3,0.15,1296.0,4,2019,1,Jan,Q1,Sunday,2019-01,2019-Q1,24.971098265895954,1730.0,3894.0,1298.0,High Margin (>20%),Moderate Discount (1-20%)
B-25965,2019-01-21,2019-01-22,Standard Express,IND-CUST-1302,Saloni,Corporate,India,Kolkata,West Bengal,700001,East,IND-PRD-11097,Clothing,Hankerchief,Hankerchief - Grade A,255.0,3,0.0,84.0,1,2019,1,Jan,Q1,Monday,2019-01,2019-Q1,32.94117647058823,85.0,171.0,57.0,High Margin (>20%),No Discount (0%)
B-25966,2019-01-21,2019-01-25,Standard Express,IND-CUST-1149,Soumya,Corporate,India,Udaipur,Rajasthan,400001,North,IND-PRD-11098,Electronics,Electronic Games,Electronic Games - Grade Standard,7650.0,6,0.1,2808.0,4,2019,1,Jan,Q1,Monday,2019-01,2019-Q1,36.705882352941174,1275.0,4842.0,807.0,High Margin (>20%),Moderate Discount (1-20%)
B-25967,2019-01-21,2019-01-23,Standard Express,IND-CUST-1232,Komal,Consumer,India,Allahabad,Uttar Pradesh,400001,North,IND-PRD-11099,Clothing,Skirt,Skirt - Grade Standard,255.0,2,0.0,24.0,2,2019,1,Jan,Q1,Monday,2019-01,2019-Q1,9.411764705882353,127.5,231.0,115.5,Moderate Margin (0-20%),No Discount (0%)
B-25967,2019-01-21,2019-01-26,India Post Parcel,IND-CUST-1232,Komal,Corporate,India,Allahabad,Uttar Pradesh,400001,North,IND-PRD-11100,Furniture,Furnishings,Furnishings - Grade Standard,1785.0,4,0.15,-288.0,5,2019,1,Jan,Q1,Monday,2019-01,2019-Q1,-16.134453781512605,446.25,2073.0,518.25,Loss-Making (<0%),Moderate Discount (1-20%)
B-25967,2019-01-21,2019-01-22,Standard Express,IND-CUST-1232,Komal,Consumer,India,Allahabad,Uttar Pradesh,400001,North,IND-PRD-11101,Clothing,Saree,Saree - Grade A,3435.0,9,0.2,708.0,1,2019,1,Jan,Q1,Monday,2019-01,2019-Q1,20.611353711790393,381.6666666666667,2727.0,303.0,High Margin (>20%),Moderate Discount (1-20%)
B-25968,2019-01-21,2019-01-22,BlueDart Express,IND-CUST-1303,Paromita,Consumer,India,Amritsar,Punjab,400001,North,IND-PRD-11102,Electronics,Accessories,Accessories - Grade B,12165.0,7,0.0,1848.0,1,2019,1,Jan,Q1,Monday,2019-01,2019-Q1,15.191122071516647,1737.857142857143,10317.0,1473.857142857143,Moderate Margin (0-20%),No Discount (0%)
B-25969,2019-01-21,2019-01-24,Standard Express,IND-CUST-1304,Shreyshi,Small Business,India,Surat,Gujarat,395001,West,IND-PRD-11103,Electronics,Printers,Printers - Grade Premium,10800.0,2,0.2,516.0,3,2019,1,Jan,Q1,Monday,2019-01,2019-Q1,4.777777777777778,5400.0,10284.0,5142.0,Moderate Margin (0-20%),Moderate Discount (1-20%)
B-25969,2019-01-21,2019-01-24,BlueDart Express,IND-CUST-1304,Shreyshi,Consumer,India,Surat,Gujarat,395001,West,IND-PRD-11104,Furniture,Bookcases,Bookcases - Grade Premium,36780.0,7,0.1,2292.0,3,2019,1,Jan,Q1,Monday,2019-01,2019-Q1,6.231647634584013,5254.285714285715,34488.0,4926.857142857143,Moderate Margin (0-20%),Moderate Discount (1-20%)
B-25969,2019-01-21,2019-01-26,Standard Express,IND-CUST-1304,Shreyshi,Consumer,India,Surat,Gujarat,395001,West,IND-PRD-11105,Clothing,T-shirt,T-shirt - Grade Premium,2565.0,6,0.0,204.0,5,2019,1,Jan,Q1,Monday,2019-01,2019-Q1,7.953216374269006,427.5,2361.0,393.5,Moderate Margin (0-20%),No Discount (0%)
B-25970,2019-01-22,2019-01-23,Standard Express,IND-CUST-1067,Rhea,Corporate,India,Mumbai,Maharashtra,400001,West,IND-PRD-11106,Electronics,Printers,Printers - Grade Standard,3045.0,2,0.05,1008.0,1,2019,1,Jan,Q1,Tuesday,2019-01,2019-Q1,33.10344827586207,1522.5,2037.0,1018.5,High Margin (>20%),Moderate Discount (1-20%)
B-25970,2019-01-22,2019-01-27,BlueDart Express,IND-CUST-1067,Rhea,Corporate,India,Mumbai,Maharashtra,400001,West,IND-PRD-11107,Furniture,Bookcases,Bookcases - Grade A,11130.0,2,0.0,2376.0,5,2019,1,Jan,Q1,Tuesday,2019-01,2019-Q1,21.347708894878707,5565.0,8754.0,4377.0,High Margin (>20%),No Discount (0%)
B-25970,2019-01-22,2019-01-25,Standard Express,IND-CUST-1067,Rhea,Consumer,India,Mumbai,Maharashtra,400001,West,IND-PRD-11108,Clothing,Stole,Stole - Grade Standard,1665.0,4,0.15,108.0,3,2019,1,Jan,Q1,Tuesday,2019-01,2019-Q1,6.486486486486487,416.25,1557.0,389.25,Moderate Margin (0-20%),Moderate Discount (1-20%)
B-25970,2019-01-22,2019-01-25,Standard Express,IND-CUST-1067,Rhea,Corporate,India,Mumbai,Maharashtra,400001,West,IND-PRD-11109,Electronics,Phones,Phones - Grade B,5475.0,3,0.15,1284.0,3,2019,1,Jan,Q1,Tuesday,2019-01,2019-Q1,23.45205479452055,1825.0,4191.0,1397.0,High Margin (>20%),Moderate Discount (1-20%)
B-25971,2019-01-22,2019-01-23,Standard Express,IND-CUST-1070,Mitali,Consumer,India,Indore,Madhya Pradesh,452001,Central,IND-PRD-11110,Furniture,Bookcases,Bookcases - Grade A,3660.0,2,0.0,996.0,1,2019,1,Jan,Q1,Tuesday,2019-01,2019-Q1,27.21311475409836,1830.0,2664.0,1332.0,High Margin (>20%),No Discount (0%)
B-25972,2019-01-23,2019-01-27,Standard Express,IND-CUST-1305,Jesslyn,Consumer,India,Udaipur,Rajasthan,400001,North,IND-PRD-11111,Electronics,Accessories,Accessories - Grade Premium,1725.0,2,0.1,564.0,4,2019,1,Jan,Q1,Wednesday,2019-01,2019-Q1,32.69565217391304,862.5,1161.0,580.5,High Margin (>20%),Moderate Discount (1-20%)
B-25973,2019-01-24,2019-01-26,Standard Express,IND-CUST-1306,Seema,Consumer,India,Allahabad,Uttar Pradesh,400001,North,IND-PRD-11112,Clothing,Stole,Stole - Grade Standard,8565.0,12,0.15,1296.0,2,2019,1,Jan,Q1,Thursday,2019-01,2019-Q1,15.131348511383539,713.75,7269.0,605.75,Moderate Margin (0-20%),Moderate Discount (1-20%)
B-25973,2019-01-24,2019-01-27,Standard Express,IND-CUST-1306,Seema,Corporate,India,Allahabad,Uttar Pradesh,400001,North,IND-PRD-11113,Clothing,Hankerchief,Hankerchief - Grade Standard,5970.0,8,0.25,1332.0,3,2019,1,Jan,Q1,Thursday,2019-01,2019-Q1,22.311557788944725,746.25,4638.0,579.75,High Margin (>20%),High Discount (>20%)
B-25973,2019-01-24,2019-01-27,Same Day Delivery,IND-CUST-1306,Seema,Consumer,India,Allahabad,Uttar Pradesh,400001,North,IND-PRD-11114,Clothing,Shirt,Shirt - Grade B,1185.0,2,0.1,468.0,3,2019,1,Jan,Q1,Thursday,2019-01,2019-Q1,39.49367088607595,592.5,717.0,358.5,High Margin (>20%),Moderate Discount (1-20%)
B-25973,2019-01-24,2019-01-28,BlueDart Express,IND-CUST-1306,Seema,Small Business,India,Allahabad,Uttar Pradesh,400001,North,IND-PRD-11115,Clothing,Leggings,Leggings - Grade B,585.0,5,0.25,168.0,4,2019,1,Jan,Q1,Thursday,2019-01,2019-Q1,28.717948717948715,117.0,417.0,83.4,High Margin (>20%),High Discount (>20%)
B-25973,2019-01-24,2019-01-28,BlueDart Express,IND-CUST-1306,Seema,Corporate,India,Allahabad,Uttar Pradesh,400001,North,IND-PRD-11116,Electronics,Printers,Printers - Grade Standard,62115.0,13,0.1,20376.0,4,2019,1,Jan,Q1,Thursday,2019-01,2019-Q1,32.803670610963536,4778.076923076923,41739.0,3210.6923076923076,High Margin (>20%),Moderate Discount (1-20%)
B-25974,2019-01-25,2019-01-30,Standard Express,IND-CUST-1307,Manisha,Small Business,India,Udaipur,Rajasthan,400001,North,IND-PRD-11117,Furniture,Bookcases,Bookcases - Grade B,9930.0,2,0.05,2880.0,5,2019,1,Jan,Q1,Friday,2019-01,2019-Q1,29.003021148036257,4965.0,7050.0,3525.0,High Margin (>20%),Moderate Discount (1-20%)
B-25975,2019-01-25,2019-01-30,India Post Parcel,IND-CUST-1055,Priyanka,Consumer,India,Allahabad,Uttar Pradesh,400001,North,IND-PRD-11118,Clothing,Skirt,Skirt - Grade Premium,435.0,3,0.15,24.0,5,2019,1,Jan,Q1,Friday,2019-01,2019-Q1,5.517241379310345,145.0,411.0,137.0,Moderate Margin (0-20%),Moderate Discount (1-20%)
B-25976,2019-01-25,2019-01-27,Standard Express,IND-CUST-1308,Piyam,Small Business,India,Amritsar,Punjab,400001,North,IND-PRD-11119,Clothing,T-shirt,T-shirt - Grade B,2895.0,4,0.05,96.0,2,2019,1,Jan,Q1,Friday,2019-01,2019-Q1,3.316062176165803,723.75,2799.0,699.75,Moderate Margin (0-20%),Moderate Discount (1-20%)
B-25977,2019-01-27,2019-01-29,Standard Express,IND-CUST-1079,Aayushi,Consumer,India,Surat,Gujarat,395001,West,IND-PRD-11120,Clothing,Stole,Stole - Grade B,405.0,1,0.05,12.0,2,2019,1,Jan,Q1,Sunday,2019-01,2019-Q1,2.9629629629629632,405.0,393.0,393.0,Moderate Margin (0-20%),Moderate Discount (1-20%)
B-25977,2019-01-27,2019-01-28,BlueDart Express,IND-CUST-1079,Aayushi,Consumer,India,Surat,Gujarat,395001,West,IND-PRD-11121,Clothing,Stole,Stole - Grade Standard,1110.0,3,0.05,348.0,1,2019,1,Jan,Q1,Sunday,2019-01,2019-Q1,31.351351351351354,370.0,762.0,254.0,High Margin (>20%),Moderate Discount (1-20%)
B-25977,2019-01-27,2019-02-01,Standard Express,IND-CUST-1079,Aayushi,Consumer,India,Surat,Gujarat,395001,West,IND-PRD-11122,Clothing,T-shirt,T-shirt - Grade Standard,2700.0,4,0.15,648.0,5,2019,1,Jan,Q1,Sunday,2019-01,2019-Q1,24.0,675.0,2052.0,513.0,High Margin (>20%),Moderate Discount (1-20%)
B-25978,2019-01-27,2019-01-30,Standard Express,IND-CUST-1309,Parin,Consumer,India,Mumbai,Maharashtra,400001,West,IND-PRD-11123,Electronics,Electronic Games,Electronic Games - Grade A,15945.0,4,0.15,-2100.0,3,2019,1,Jan,Q1,Sunday,2019-01,2019-Q1,-13.170272812793979,3986.25,18045.0,4511.25,Loss-Making (<0%),Moderate Discount (1-20%)
B-25978,2019-01-27,2019-02-01,BlueDart Express,IND-CUST-1309,Parin,Corporate,India,Mumbai,Maharashtra,400001,West,IND-PRD-11124,Clothing,Stole,Stole - Grade A,5115.0,7,0.05,1920.0,5,2019,1,Jan,Q1,Sunday,2019-01,2019-Q1,37.5366568914956,730.7142857142857,3195.0,456.42857142857144,High Margin (>20%),Moderate Discount (1-20%)
B-25979,2019-01-27,2019-01-30,Same Day Delivery,IND-CUST-1166,Shivangi,Consumer,India,Indore,Madhya Pradesh,452001,Central,IND-PRD-11125,Clothing,Saree,Saree - Grade Standard,8400.0,3,0.05,528.0,3,2019,1,Jan,Q1,Sunday,2019-01,2019-Q1,6.2857142857142865,2800.0,7872.0,2624.0,Moderate Margin (0-20%),Moderate Discount (1-20%)
B-25979,2019-01-27,2019-01-31,BlueDart Express,IND-CUST-1166,Shivangi,Consumer,India,Indore,Madhya Pradesh,452001,Central,IND-PRD-11126,Clothing,Shirt,Shirt - Grade B,855.0,2,0.05,324.0,4,2019,1,Jan,Q1,Sunday,2019-01,2019-Q1,37.89473684210527,427.5,531.0,265.5,High Margin (>20%),Moderate Discount (1-20%)
B-25979,2019-01-27,2019-02-01,BlueDart Express,IND-CUST-1166,Shivangi,Corporate,India,Indore,Madhya Pradesh,452001,Central,IND-PRD-11127,Furniture,Bookcases,Bookcases - Grade B,4260.0,2,0.1,540.0,5,2019,1,Jan,Q1,Sunday,2019-01,2019-Q1,12.676056338028168,2130.0,3720.0,1860.0,Moderate Margin (0-20%),Moderate Discount (1-20%)
B-25979,2019-01-27,2019-01-31,India Post Parcel,IND-CUST-1166,Shivangi,Consumer,India,Indore,Madhya Pradesh,452001,Central,IND-PRD-11128,Clothing,Hankerchief,Hankerchief - Grade A,180.0,2,0.0,12.0,4,2019,1,Jan,Q1,Sunday,2019-01,2019-Q1,6.666666666666667,90.0,168.0,84.0,Moderate Margin (0-20%),No Discount (0%)
B-25979,2019-01-27,2019-01-29,Standard Express,IND-CUST-1166,Shivangi,Corporate,India,Indore,Madhya Pradesh,452001,Central,IND-PRD-11129,Clothing,Kurti,Kurti - Grade A,1230.0,3,0.15,324.0,2,2019,1,Jan,Q1,Sunday,2019-01,2019-Q1,26.34146341463415,410.0,906.0,302.0,High Margin (>20%),Moderate Discount (1-20%)
B-25980,2019-01-27,2019-01-29,Standard Express,IND-CUST-1101,Shweta,Consumer,India,Udaipur,Rajasthan,400001,North,IND-PRD-11130,Clothing,Kurti,Kurti - Grade A,330.0,3,0.05,132.0,2,2019,1,Jan,Q1,Sunday,2019-01,2019-Q1,40.0,110.0,198.0,66.0,High Margin (>20%),Moderate Discount (1-20%)
B-25981,2019-01-28,2019-01-29,Standard Express,IND-CUST-1310,Amruta,Corporate,India,Delhi,Delhi,110001,North,IND-PRD-11131,Clothing,Leggings,Leggings - Grade Premium,630.0,3,0.05,156.0,1,2019,1,Jan,Q1,Monday,2019-01,2019-Q1,24.761904761904763,210.0,474.0,158.0,High Margin (>20%),Moderate Discount (1-20%)
B-25981,2019-01-28,2019-02-02,Standard Express,IND-CUST-1310,Amruta,Corporate,India,Delhi,Delhi,110001,North,IND-PRD-11132,Clothing,Saree,Saree - Grade Premium,810.0,3,0.0,144.0,5,2019,1,Jan,Q1,Monday,2019-01,2019-Q1,17.77777777777778,270.0,666.0,222.0,Moderate Margin (0-20%),No Discount (0%)
B-25981,2019-01-28,2019-02-01,Standard Express,IND-CUST-1310,Amruta,Consumer,India,Delhi,Delhi,110001,North,IND-PRD-11133,Clothing,T-shirt,T-shirt - Grade A,930.0,2,0.0,96.0,4,2019,1,Jan,Q1,Monday,2019-01,2019-Q1,10.32258064516129,465.0,834.0,417.0,Moderate Margin (0-20%),No Discount (0%)
B-25981,2019-01-28,2019-01-31,India Post Parcel,IND-CUST-1310,Amruta,Consumer,India,Delhi,Delhi,110001,North,IND-PRD-11134,Furniture,Bookcases,Bookcases - Grade B,3675.0,2,0.25,1092.0,3,2019,1,Jan,Q1,Monday,2019-01,2019-Q1,29.714285714285715,1837.5,2583.0,1291.5,High Margin (>20%),High Discount (>20%)
B-25981,2019-01-28,2019-01-30,BlueDart Express,IND-CUST-1310,Amruta,Consumer,India,Delhi,Delhi,110001,North,IND-PRD-11135,Electronics,Phones,Phones - Grade A,13005.0,5,0.05,3012.0,2,2019,1,Jan,Q1,Monday,2019-01,2019-Q1,23.160322952710498,2601.0,9993.0,1998.6,High Margin (>20%),Moderate Discount (1-20%)
B-25981,2019-01-28,2019-01-30,BlueDart Express,IND-CUST-1310,Amruta,Corporate,India,Delhi,Delhi,110001,North,IND-PRD-11136,Clothing,Stole,Stole - Grade Premium,720.0,3,0.0,24.0,2,2019,1,Jan,Q1,Monday,2019-01,2019-Q1,3.3333333333333335,240.0,696.0,232.0,Moderate Margin (0-20%),No Discount (0%)
B-25982,2019-01-29,2019-02-01,Standard Express,IND-CUST-1311,Hemangi,Consumer,India,Delhi,Delhi,110001,North,IND-PRD-11137,Clothing,Leggings,Leggings - Grade B,195.0,1,0.05,36.0,3,2019,1,Jan,Q1,Tuesday,2019-01,2019-Q1,18.461538461538463,195.0,159.0,159.0,Moderate Margin (0-20%),Moderate Discount (1-20%)
B-25983,2019-01-30,2019-02-03,Same Day Delivery,IND-CUST-1312,Atul,Consumer,India,Delhi,Delhi,110001,North,IND-PRD-11138,Clothing,Saree,Saree - Grade Premium,3450.0,2,0.05,60.0,4,2019,1,Jan,Q1,Wednesday,2019-01,2019-Q1,1.7391304347826086,1725.0,3390.0,1695.0,Moderate Margin (0-20%),Moderate Discount (1-20%)
B-25983,2019-01-30,2019-02-03,India Post Parcel,IND-CUST-1312,Atul,Consumer,India,Delhi,Delhi,110001,North,IND-PRD-11139,Furniture,Chairs,Chairs - Grade B,480.0,1,0.0,-144.0,4,2019,1,Jan,Q1,Wednesday,2019-01,2019-Q1,-30.0,480.0,624.0,624.0,Loss-Making (<0%),No Discount (0%)
B-25983,2019-01-30,2019-02-04,Same Day Delivery,IND-CUST-1312,Atul,Consumer,India,Delhi,Delhi,110001,North,IND-PRD-11140,Furniture,Furnishings,Furnishings - Grade Premium,2415.0,8,0.05,-2748.0,5,2019,1,Jan,Q1,Wednesday,2019-01,2019-Q1,-113.7888198757764,301.875,5163.0,645.375,Loss-Making (<0%),Moderate Discount (1-20%)
B-25983,2019-01-30,2019-02-04,Standard Express,IND-CUST-1312,Atul,Consumer,India,Delhi,Delhi,110001,North,IND-PRD-11141,Clothing,T-shirt,T-shirt - Grade B,750.0,6,0.1,-48.0,5,2019,1,Jan,Q1,Wednesday,2019-01,2019-Q1,-6.4,125.0,798.0,133.0,Loss-Making (<0%),Moderate Discount (1-20%)
B-25983,2019-01-30,2019-01-31,BlueDart Express,IND-CUST-1312,Atul,Corporate,India,Delhi,Delhi,110001,North,IND-PRD-11142,Furniture,Bookcases,Bookcases - Grade B,8415.0,5,0.1,1416.0,1,2019,1,Jan,Q1,Wednesday,2019-01,2019-Q1,16.8270944741533,1683.0,6999.0,1399.8,Moderate Margin (0-20%),Moderate Discount (1-20%)
B-25984,2019-01-30,2019-02-01,Standard Express,IND-CUST-1266,Kajal,Consumer,India,Delhi,Delhi,110001,North,IND-PRD-11143,Clothing,Stole,Stole - Grade B,4560.0,6,0.05,1164.0,2,2019,1,Jan,Q1,Wednesday,2019-01,2019-Q1,25.526315789473685,760.0,3396.0,566.0,High Margin (>20%),Moderate Discount (1-20%)
B-25985,2019-01-31,2019-02-05,Standard Express,IND-CUST-1313,Ginny,Consumer,India,Indore,Madhya Pradesh,452001,Central,IND-PRD-11144,Clothing,Kurti,Kurti - Grade B,2955.0,4,0.05,240.0,5,2019,1,Jan,Q1,Thursday,2019-01,2019-Q1,8.121827411167512,738.75,2715.0,678.75,Moderate Margin (0-20%),Moderate Discount (1-20%)
B-25985,2019-01-31,2019-02-04,Standard Express,IND-CUST-1313,Ginny,Corporate,India,Indore,Madhya Pradesh,452001,Central,IND-PRD-11145,Clothing,Shirt,Shirt - Grade Standard,1620.0,4,0.25,312.0,4,2019,1,Jan,Q1,Thursday,2019-01,2019-Q1,19.25925925925926,405.0,1308.0,327.0,Moderate Margin (0-20%),High Discount (>20%)
B-25985,2019-01-31,2019-02-03,BlueDart Express,IND-CUST-1313,Ginny,Corporate,India,Indore,Madhya Pradesh,452001,Central,IND-PRD-11146,Clothing,Hankerchief,Hankerchief - Grade Premium,480.0,5,0.05,96.0,3,2019,1,Jan,Q1,Thursday,2019-01,2019-Q1,20.0,96.0,384.0,76.8,Moderate Margin (0-20%),Moderate Discount (1-20%)
B-25985,2019-01-31,2019-02-04,BlueDart Express,IND-CUST-1313,Ginny,Consumer,India,Indore,Madhya Pradesh,452001,Central,IND-PRD-11147,Clothing,Stole,Stole - Grade Premium,660.0,4,0.0,132.0,4,2019,1,Jan,Q1,Thursday,2019-01,2019-Q1,20.0,165.0,528.0,132.0,Moderate Margin (0-20%),No Discount (0%)
B-25986,2019-01-31,2019-02-02,Standard Express,IND-CUST-1101,Shweta,Consumer,India,Udaipur,Rajasthan,400001,North,IND-PRD-11148,Furniture,Furnishings,Furnishings - Grade Standard,11235.0,7,0.0,3684.0,2,2019,1,Jan,Q1,Thursday,2019-01,2019-Q1,32.79038718291055,1605.0,7551.0,1078.7142857142858,High Margin (>20%),No Discount (0%)
B-25986,2019-01-31,2019-02-04,Standard Express,IND-CUST-1101,Shweta,Consumer,India,Udaipur,Rajasthan,400001,North,IND-PRD-11149,Clothing,Leggings,Leggings - Grade B,1065.0,5,0.05,48.0,4,2019,1,Jan,Q1,Thursday,2019-01,2019-Q1,4.507042253521127,213.0,1017.0,203.4,Moderate Margin (0-20%),Moderate Discount (1-20%)
B-25986,2019-01-31,2019-02-01,BlueDart Express,IND-CUST-1101,Shweta,Small Business,India,Udaipur,Rajasthan,400001,North,IND-PRD-11150,Electronics,Printers,Printers - Grade B,7305.0,3,0.15,-276.0,1,2019,1,Jan,Q1,Thursday,2019-01,2019-Q1,-3.7782340862423,2435.0,7581.0,2527.0,Loss-Making (<0%),Moderate Discount (1-20%)
B-25986,2019-01-31,2019-02-02,Standard Express,IND-CUST-1101,Shweta,Consumer,India,Udaipur,Rajasthan,400001,North,IND-PRD-11151,Electronics,Electronic Games,Electronic Games - Grade Premium,13770.0,9,0.0,264.0,2,2019,1,Jan,Q1,Thursday,2019-01,2019-Q1,1.9172113289760349,1530.0,13506.0,1500.6666666666667,Moderate Margin (0-20%),No Discount (0%)
B-25987,2019-01-31,2019-02-03,Standard Express,IND-CUST-1314,Manjiri,Small Business,India,Delhi,Delhi,110001,North,IND-PRD-11152,Clothing,Stole,Stole - Grade Standard,4485.0,6,0.15,0.0,3,2019,1,Jan,Q1,Thursday,2019-01,2019-Q1,0.0,747.5,4485.0,747.5,Moderate Margin (0-20%),Moderate Discount (1-20%)
B-25987,2019-01-31,2019-02-01,Standard Express,IND-CUST-1314,Manjiri,Corporate,India,Delhi,Delhi,110001,North,IND-PRD-11153,Clothing,Hankerchief,Hankerchief - Grade B,1320.0,7,0.0,132.0,1,2019,1,Jan,Q1,Thursday,2019-01,2019-Q1,10.0,188.57142857142858,1188.0,169.71428571428572,Moderate Margin (0-20%),No Discount (0%)
B-25988,2019-01-31,2019-02-02,Same Day Delivery,IND-CUST-1315,Nirja,Consumer,India,Delhi,Delhi,110001,North,IND-PRD-11154,Clothing,Skirt,Skirt - Grade B,1185.0,9,0.05,288.0,2,2019,1,Jan,Q1,Thursday,2019-01,2019-Q1,24.30379746835443,131.66666666666666,897.0,99.66666666666667,High Margin (>20%),Moderate Discount (1-20%)
B-25989,2019-02-01,2019-02-04,Standard Express,IND-CUST-1066,Anjali,Consumer,India,Delhi,Delhi,110001,North,IND-PRD-11155,Clothing,Hankerchief,Hankerchief - Grade B,660.0,3,0.15,168.0,3,2019,2,Feb,Q1,Friday,2019-02,2019-Q1,25.454545454545453,220.0,492.0,164.0,High Margin (>20%),Moderate Discount (1-20%)
B-25989,2019-02-01,2019-02-02,Standard Express,IND-CUST-1066,Anjali,Consumer,India,Delhi,Delhi,110001,North,IND-PRD-11156,Clothing,Stole,Stole - Grade A,150.0,1,0.05,60.0,1,2019,2,Feb,Q1,Friday,2019-02,2019-Q1,40.0,150.0,90.0,90.0,High Margin (>20%),Moderate Discount (1-20%)
B-25989,2019-02-01,2019-02-02,Standard Express,IND-CUST-1066,Anjali,Consumer,India,Delhi,Delhi,110001,North,IND-PRD-11157,Electronics,Accessories,Accessories - Grade Standard,630.0,1,0.1,180.0,1,2019,2,Feb,Q1,Friday,2019-02,2019-Q1,28.57142857142857,630.0,450.0,450.0,High Margin (>20%),Moderate Discount (1-20%)
B-25989,2019-02-01,2019-02-03,India Post Parcel,IND-CUST-1066,Anjali,Consumer,India,Delhi,Delhi,110001,North,IND-PRD-11158,Furniture,Bookcases,Bookcases - Grade B,4950.0,1,0.0,972.0,2,2019,2,Feb,Q1,Friday,2019-02,2019-Q1,19.636363636363637,4950.0,3978.0,3978.0,Moderate Margin (0-20%),No Discount (0%)
B-25989,2019-02-01,2019-02-06,BlueDart Express,IND-CUST-1066,Anjali,Corporate,India,Delhi,Delhi,110001,North,IND-PRD-11159,Clothing,Hankerchief,Hankerchief - Grade A,5070.0,7,0.15,492.0,5,2019,2,Feb,Q1,Friday,2019-02,2019-Q1,9.70414201183432,724.2857142857143,4578.0,654.0,Moderate Margin (0-20%),Moderate Discount (1-20%)
B-25990,2019-02-02,2019-02-03,BlueDart Express,IND-CUST-1316,Mugdha,Small Business,India,Delhi,Delhi,110001,North,IND-PRD-11160,Clothing,Saree,Saree - Grade Standard,1065.0,3,0.0,384.0,1,2019,2,Feb,Q1,Saturday,2019-02,2019-Q1,36.056338028169016,355.0,681.0,227.0,High Margin (>20%),No Discount (0%)
B-25991,2019-02-03,2019-02-04,Standard Express,IND-CUST-1317,Mansi,Corporate,India,Indore,Madhya Pradesh,452001,Central,IND-PRD-11161,Clothing,Shirt,Shirt - Grade B,2820.0,7,0.2,156.0,1,2019,2,Feb,Q1,Sunday,2019-02,2019-Q1,5.531914893617021,402.85714285714283,2664.0,380.57142857142856,Moderate Margin (0-20%),Moderate Discount (1-20%)
B-25991,2019-02-03,2019-02-06,BlueDart Express,IND-CUST-1317,Mansi,Corporate,India,Indore,Madhya Pradesh,452001,Central,IND-PRD-11162,Furniture,Chairs,Chairs - Grade Premium,1350.0,2,0.0,360.0,3,2019,2,Feb,Q1,Sunday,2019-02,2019-Q1,26.666666666666668,675.0,990.0,495.0,High Margin (>20%),No Discount (0%)
B-25991,2019-02-03,2019-02-07,Standard Express,IND-CUST-1317,Mansi,Consumer,India,Indore,Madhya Pradesh,452001,Central,IND-PRD-11163,Clothing,Hankerchief,Hankerchief - Grade A,195.0,2,0.2,60.0,4,2019,2,Feb,Q1,Sunday,2019-02,2019-Q1,30.76923076923077,97.5,135.0,67.5,High Margin (>20%),Moderate Discount (1-20%)
B-25992,2019-02-03,2019-02-05,BlueDart Express,IND-CUST-1223,Gaurav,Consumer,India,Udaipur,Rajasthan,400001,North,IND-PRD-11164,Clothing,Shirt,Shirt - Grade A,2115.0,3,0.05,492.0,2,2019,2,Feb,Q1,Sunday,2019-02,2019-Q1,23.26241134751773,705.0,1623.0,541.0,High Margin (>20%),Moderate Discount (1-20%)
B-25993,2019-02-03,2019-02-05,India Post Parcel,IND-CUST-1318,Harshal,Consumer,India,Delhi,Delhi,110001,North,IND-PRD-11165,Clothing,Stole,Stole - Grade B,660.0,2,0.15,96.0,2,2019,2,Feb,Q1,Sunday,2019-02,2019-Q1,14.545454545454545,330.0,564.0,282.0,Moderate Margin (0-20%),Moderate Discount (1-20%)
B-25993,2019-02-03,2019-02-08,BlueDart Express,IND-CUST-1318,Harshal,Corporate,India,Delhi,Delhi,110001,North,IND-PRD-11166,Electronics,Printers,Printers - Grade B,9150.0,3,0.05,2496.0,5,2019,2,Feb,Q1,Sunday,2019-02,2019-Q1,27.278688524590166,3050.0,6654.0,2218.0,High Margin (>20%),Moderate Discount (1-20%)
B-25993,2019-02-03,2019-02-08,Same Day Delivery,IND-CUST-1318,Harshal,Small Business,India,Delhi,Delhi,110001,North,IND-PRD-11167,Furniture,Tables,Tables - Grade A,65445.0,5,0.2,3660.0,5,2019,2,Feb,Q1,Sunday,2019-02,2019-Q1,5.592482236992895,13089.0,61785.0,12357.0,Moderate Margin (0-20%),Moderate Discount (1-20%)
B-25993,2019-02-03,2019-02-05,BlueDart Express,IND-CUST-1318,Harshal,Corporate,India,Delhi,Delhi,110001,North,IND-PRD-11168,Electronics,Phones,Phones - Grade Premium,6210.0,3,0.0,2388.0,2,2019,2,Feb,Q1,Sunday,2019-02,2019-Q1,38.45410628019324,2070.0,3822.0,1274.0,High Margin (>20%),No Discount (0%)
B-25993,2019-02-03,2019-02-08,Standard Express,IND-CUST-1318,Harshal,Consumer,India,Delhi,Delhi,110001,North,IND-PRD-11169,Furniture,Furnishings,Furnishings - Grade Premium,3315.0,7,0.0,312.0,5,2019,2,Feb,Q1,Sunday,2019-02,2019-Q1,9.411764705882353,473.57142857142856,3003.0,429.0,Moderate Margin (0-20%),No Discount (0%)
B-25993,2019-02-03,2019-02-06,India Post Parcel,IND-CUST-1318,Harshal,Consumer,India,Delhi,Delhi,110001,North,IND-PRD-11170,Furniture,Furnishings,Furnishings - Grade Standard,3015.0,4,0.05,384.0,3,2019,2,Feb,Q1,Sunday,2019-02,2019-Q1,12.736318407960198,753.75,2631.0,657.75,Moderate Margin (0-20%),Moderate Discount (1-20%)
B-25993,2019-02-03,2019-02-05,Standard Express,IND-CUST-1318,Harshal,Corporate,India,Delhi,Delhi,110001,North,IND-PRD-11171,Electronics,Printers,Printers - Grade B,2595.0,1,0.0,1032.0,2,2019,2,Feb,Q1,Sunday,2019-02,2019-Q1,39.76878612716763,2595.0,1563.0,1563.0,High Margin (>20%),No Discount (0%)
B-25994,2019-02-03,2019-02-08,BlueDart Express,IND-CUST-1319,Omkar,Consumer,India,Delhi,Delhi,110001,North,IND-PRD-11172,Electronics,Phones,Phones - Grade Premium,2940.0,5,0.0,-84.0,5,2019,2,Feb,Q1,Sunday,2019-02,2019-Q1,-2.857142857142857,588.0,3024.0,604.8,Loss-Making (<0%),No Discount (0%)
B-25995,2019-02-04,2019-02-06,Standard Express,IND-CUST-1320,Yohann,Corporate,India,Delhi,Delhi,110001,North,IND-PRD-11173,Furniture,Bookcases,Bookcases - Grade Standard,19710.0,3,0.25,4104.0,2,2019,2,Feb,Q1,Monday,2019-02,2019-Q1,20.82191780821918,6570.0,15606.0,5202.0,High Margin (>20%),High Discount (>20%)
B-25996,2019-02-04,2019-02-08,Standard Express,IND-CUST-1321,Prashant,Corporate,India,Delhi,Delhi,110001,North,IND-PRD-11174,Clothing,Skirt,Skirt - Grade Premium,930.0,6,0.25,72.0,4,2019,2,Feb,Q1,Monday,2019-02,2019-Q1,7.741935483870968,155.0,858.0,143.0,Moderate Margin (0-20%),High Discount (>20%)
B-25996,2019-02-04,2019-02-05,Standard Express,IND-CUST-1321,Prashant,Corporate,India,Delhi,Delhi,110001,North,IND-PRD-11175,Clothing,Hankerchief,Hankerchief - Grade B,465.0,2,0.05,24.0,1,2019,2,Feb,Q1,Monday,2019-02,2019-Q1,5.161290322580645,232.5,441.0,220.5,Moderate Margin (0-20%),Moderate Discount (1-20%)
B-25996,2019-02-04,2019-02-06,Standard Express,IND-CUST-1321,Prashant,Consumer,India,Delhi,Delhi,110001,North,IND-PRD-11176,Furniture,Furnishings,Furnishings - Grade Standard,3255.0,2,0.2,864.0,2,2019,2,Feb,Q1,Monday,2019-02,2019-Q1,26.54377880184332,1627.5,2391.0,1195.5,High Margin (>20%),Moderate Discount (1-20%)
B-25996,2019-02-04,2019-02-05,BlueDart Express,IND-CUST-1321,Prashant,Consumer,India,Delhi,Delhi,110001,North,IND-PRD-11177,Clothing,Shirt,Shirt - Grade Standard,4290.0,6,0.1,1680.0,1,2019,2,Feb,Q1,Monday,2019-02,2019-Q1,39.16083916083916,715.0,2610.0,435.0,High Margin (>20%),Moderate Discount (1-20%)
B-25996,2019-02-04,2019-02-09,BlueDart Express,IND-CUST-1321,Prashant,Consumer,India,Delhi,Delhi,110001,North,IND-PRD-11178,Electronics,Phones,Phones - Grade Standard,4995.0,2,0.0,600.0,5,2019,2,Feb,Q1,Monday,2019-02,2019-Q1,12.012012012012011,2497.5,4395.0,2197.5,Moderate Margin (0-20%),No Discount (0%)
B-25996,2019-02-04,2019-02-05,Standard Express,IND-CUST-1321,Prashant,Consumer,India,Delhi,Delhi,110001,North,IND-PRD-11179,Clothing,Stole,Stole - Grade Premium,705.0,2,0.15,12.0,1,2019,2,Feb,Q1,Monday,2019-02,2019-Q1,1.702127659574468,352.5,693.0,346.5,Moderate Margin (0-20%),Moderate Discount (1-20%)
B-25996,2019-02-04,2019-02-06,Standard Express,IND-CUST-1321,Prashant,Consumer,India,Delhi,Delhi,110001,North,IND-PRD-11180,Clothing,Saree,Saree - Grade B,270.0,1,0.1,48.0,2,2019,2,Feb,Q1,Monday,2019-02,2019-Q1,17.77777777777778,270.0,222.0,222.0,Moderate Margin (0-20%),Moderate Discount (1-20%)
B-25997,2019-02-04,2019-02-08,BlueDart Express,IND-CUST-1009,Yogesh,Corporate,India,Indore,Madhya Pradesh,452001,Central,IND-PRD-11181,Clothing,Hankerchief,Hankerchief - Grade Standard,240.0,3,0.3,72.0,4,2019,2,Feb,Q1,Monday,2019-02,2019-Q1,30.0,80.0,168.0,56.0,High Margin (>20%),High Discount (>20%)
B-25997,2019-02-04,2019-02-09,Standard Express,IND-CUST-1009,Yogesh,Corporate,India,Indore,Madhya Pradesh,452001,Central,IND-PRD-11182,Electronics,Electronic Games,Electronic Games - Grade A,3465.0,2,0.0,1188.0,5,2019,2,Feb,Q1,Monday,2019-02,2019-Q1,34.285714285714285,1732.5,2277.0,1138.5,High Margin (>20%),No Discount (0%)
B-25997,2019-02-04,2019-02-06,BlueDart Express,IND-CUST-1009,Yogesh,Consumer,India,Indore,Madhya Pradesh,452001,Central,IND-PRD-11183,Furniture,Bookcases,Bookcases - Grade B,34380.0,7,0.1,1524.0,2,2019,2,Feb,Q1,Monday,2019-02,2019-Q1,4.43280977312391,4911.428571428572,32856.0,4693.714285714285,Moderate Margin (0-20%),Moderate Discount (1-20%)
B-25997,2019-02-04,2019-02-09,BlueDart Express,IND-CUST-1009,Yogesh,Consumer,India,Indore,Madhya Pradesh,452001,Central,IND-PRD-11184,Clothing,Hankerchief,Hankerchief - Grade A,720.0,1,0.0,180.0,5,2019,2,Feb,Q1,Monday,2019-02,2019-Q1,25.0,720.0,540.0,540.0,High Margin (>20%),No Discount (0%)
B-25998,2019-02-04,2019-02-07,Same Day Delivery,IND-CUST-1322,Anmol,Consumer,India,Udaipur,Rajasthan,400001,North,IND-PRD-11185,Furniture,Furnishings,Furnishings - Grade A,750.0,5,0.0,-336.0,3,2019,2,Feb,Q1,Monday,2019-02,2019-Q1,-44.800000000000004,150.0,1086.0,217.2,Loss-Making (<0%),No Discount (0%)
B-25999,2019-02-05,2019-02-06,BlueDart Express,IND-CUST-1323,Diwakar,Consumer,India,Delhi,Delhi,110001,North,IND-PRD-11186,Clothing,Stole,Stole - Grade Standard,390.0,1,0.0,-204.0,1,2019,2,Feb,Q1,Tuesday,2019-02,2019-Q1,-52.307692307692314,390.0,594.0,594.0,Loss-Making (<0%),No Discount (0%)
B-25999,2019-02-05,2019-02-08,Standard Express,IND-CUST-1323,Diwakar,Corporate,India,Delhi,Delhi,110001,North,IND-PRD-11187,Clothing,Stole,Stole - Grade Standard,1395.0,4,0.3,-780.0,3,2019,2,Feb,Q1,Tuesday,2019-02,2019-Q1,-55.91397849462365,348.75,2175.0,543.75,Loss-Making (<0%),High Discount (>20%)
B-25999,2019-02-05,2019-02-07,BlueDart Express,IND-CUST-1323,Diwakar,Consumer,India,Delhi,Delhi,110001,North,IND-PRD-11188,Clothing,Saree,Saree - Grade Premium,2280.0,5,0.15,-36.0,2,2019,2,Feb,Q1,Tuesday,2019-02,2019-Q1,-1.5789473684210527,456.0,2316.0,463.2,Loss-Making (<0%),Moderate Discount (1-20%)
B-25999,2019-02-05,2019-02-09,Standard Express,IND-CUST-1323,Diwakar,Consumer,India,Delhi,Delhi,110001,North,IND-PRD-11189,Electronics,Electronic Games,Electronic Games - Grade Premium,765.0,2,0.15,-588.0,4,2019,2,Feb,Q1,Tuesday,2019-02,2019-Q1,-76.86274509803923,382.5,1353.0,676.5,Loss-Making (<0%),Moderate Discount (1-20%)
B-25999,2019-02-05,2019-02-10,Standard Express,IND-CUST-1323,Diwakar,Consumer,India,Delhi,Delhi,110001,North,IND-PRD-11190,Clothing,Stole,Stole - Grade Premium,5280.0,8,0.1,888.0,5,2019,2,Feb,Q1,Tuesday,2019-02,2019-Q1,16.818181818181817,660.0,4392.0,549.0,Moderate Margin (0-20%),Moderate Discount (1-20%)
B-25999,2019-02-05,2019-02-06,Same Day Delivery,IND-CUST-1323,Diwakar,Small Business,India,Delhi,Delhi,110001,North,IND-PRD-11191,Electronics,Phones,Phones - Grade B,1935.0,2,0.05,132.0,1,2019,2,Feb,Q1,Tuesday,2019-02,2019-Q1,6.821705426356589,967.5,1803.0,901.5,Moderate Margin (0-20%),Moderate Discount (1-20%)
B-25999,2019-02-05,2019-02-10,Standard Express,IND-CUST-1323,Diwakar,Corporate,India,Delhi,Delhi,110001,North,IND-PRD-11192,Clothing,Shirt,Shirt - Grade Premium,3345.0,7,0.0,744.0,5,2019,2,Feb,Q1,Tuesday,2019-02,2019-Q1,22.242152466367713,477.85714285714283,2601.0,371.57142857142856,High Margin (>20%),No Discount (0%)
B-25999,2019-02-05,2019-02-07,Same Day Delivery,IND-CUST-1323,Diwakar,Consumer,India,Delhi,Delhi,110001,North,IND-PRD-11193,Electronics,Accessories,Accessories - Grade A,11550.0,3,0.0,3876.0,2,2019,2,Feb,Q1,Tuesday,2019-02,2019-Q1,33.55844155844156,3850.0,7674.0,2558.0,High Margin (>20%),No Discount (0%)
B-25999,2019-02-05,2019-02-10,Same Day Delivery,IND-CUST-1323,Diwakar,Consumer,India,Delhi,Delhi,110001,North,IND-PRD-11194,Clothing,Hankerchief,Hankerchief - Grade Premium,3330.0,5,0.05,888.0,5,2019,2,Feb,Q1,Tuesday,2019-02,2019-Q1,26.666666666666668,666.0,2442.0,488.4,High Margin (>20%),Moderate Discount (1-20%)
B-25999,2019-02-05,2019-02-06,Same Day Delivery,IND-CUST-1323,Diwakar,Corporate,India,Delhi,Delhi,110001,North,IND-PRD-11195,Clothing,Saree,Saree - Grade Standard,3225.0,2,0.15,-360.0,1,2019,2,Feb,Q1,Tuesday,2019-02,2019-Q1,-11.162790697674419,1612.5,3585.0,1792.5,Loss-Making (<0%),Moderate Discount (1-20%)
B-25999,2019-02-05,2019-02-07,India Post Parcel,IND-CUST-1323,Diwakar,Small Business,India,Delhi,Delhi,110001,North,IND-PRD-11196,Furniture,Furnishings,Furnishings - Grade Premium,1635.0,1,0.1,480.0,2,2019,2,Feb,Q1,Tuesday,2019-02,2019-Q1,29.357798165137616,1635.0,1155.0,1155.0,High Margin (>20%),Moderate Discount (1-20%)
B-26000,2019-02-06,2019-02-11,Standard Express,IND-CUST-1130,Shubham,Consumer,India,Delhi,Delhi,110001,North,IND-PRD-11197,Clothing,Skirt,Skirt - Grade B,645.0,4,0.0,108.0,5,2019,2,Feb,Q1,Wednesday,2019-02,2019-Q1,16.74418604651163,161.25,537.0,134.25,Moderate Margin (0-20%),No Discount (0%)
B-26000,2019-02-06,2019-02-10,Standard Express,IND-CUST-1130,Shubham,Small Business,India,Delhi,Delhi,110001,North,IND-PRD-11198,Electronics,Printers,Printers - Grade B,10140.0,3,0.0,1812.0,4,2019,2,Feb,Q1,Wednesday,2019-02,2019-Q1,17.869822485207102,3380.0,8328.0,2776.0,Moderate Margin (0-20%),No Discount (0%)
B-26000,2019-02-06,2019-02-08,BlueDart Express,IND-CUST-1130,Shubham,Small Business,India,Delhi,Delhi,110001,North,IND-PRD-11199,Furniture,Chairs,Chairs - Grade A,8955.0,4,0.0,1116.0,2,2019,2,Feb,Q1,Wednesday,2019-02,2019-Q1,12.462311557788945,2238.75,7839.0,1959.75,Moderate Margin (0-20%),No Discount (0%)
B-26001,2019-02-07,2019-02-09,Standard Express,IND-CUST-1324,Patil,Small Business,India,Delhi,Delhi,110001,North,IND-PRD-11200,Clothing,Hankerchief,Hankerchief - Grade B,195.0,2,0.05,0.0,2,2019,2,Feb,Q1,Thursday,2019-02,2019-Q1,0.0,97.5,195.0,97.5,Moderate Margin (0-20%),Moderate Discount (1-20%)
B-26001,2019-02-07,2019-02-11,BlueDart Express,IND-CUST-1324,Patil,Corporate,India,Delhi,Delhi,110001,North,IND-PRD-11201,Furniture,Furnishings,Furnishings - Grade Premium,2235.0,4,0.25,204.0,4,2019,2,Feb,Q1,Thursday,2019-02,2019-Q1,9.12751677852349,558.75,2031.0,507.75,Moderate Margin (0-20%),High Discount (>20%)
B-26001,2019-02-07,2019-02-10,BlueDart Express,IND-CUST-1324,Patil,Corporate,India,Delhi,Delhi,110001,North,IND-PRD-11202,Clothing,Skirt,Skirt - Grade Standard,120.0,2,0.1,24.0,3,2019,2,Feb,Q1,Thursday,2019-02,2019-Q1,20.0,60.0,96.0,48.0,Moderate Margin (0-20%),Moderate Discount (1-20%)
B-26001,2019-02-07,2019-02-08,BlueDart Express,IND-CUST-1324,Patil,Consumer,India,Delhi,Delhi,110001,North,IND-PRD-11203,Clothing,Skirt,Skirt - Grade B,750.0,6,0.15,108.0,1,2019,2,Feb,Q1,Thursday,2019-02,2019-Q1,14.399999999999999,125.0,642.0,107.0,Moderate Margin (0-20%),Moderate Discount (1-20%)
B-26002,2019-02-08,2019-02-11,Standard Express,IND-CUST-1140,Harsh,Corporate,India,Delhi,Delhi,110001,North,IND-PRD-11204,Clothing,Stole,Stole - Grade A,1200.0,3,0.05,264.0,3,2019,2,Feb,Q1,Friday,2019-02,2019-Q1,22.0,400.0,936.0,312.0,High Margin (>20%),Moderate Discount (1-20%)
B-26002,2019-02-08,2019-02-13,Standard Express,IND-CUST-1140,Harsh,Consumer,India,Delhi,Delhi,110001,North,IND-PRD-11205,Clothing,Saree,Saree - Grade Premium,4140.0,5,0.05,624.0,5,2019,2,Feb,Q1,Friday,2019-02,2019-Q1,15.072463768115943,828.0,3516.0,703.2,Moderate Margin (0-20%),Moderate Discount (1-20%)
B-26002,2019-02-08,2019-02-12,Standard Express,IND-CUST-1140,Harsh,Corporate,India,Delhi,Delhi,110001,North,IND-PRD-11206,Clothing,T-shirt,T-shirt - Grade A,1065.0,3,0.0,228.0,4,2019,2,Feb,Q1,Friday,2019-02,2019-Q1,21.408450704225352,355.0,837.0,279.0,High Margin (>20%),No Discount (0%)
B-26002,2019-02-08,2019-02-11,Standard Express,IND-CUST-1140,Harsh,Consumer,India,Delhi,Delhi,110001,North,IND-PRD-11207,Clothing,Saree,Saree - Grade B,2115.0,7,0.2,84.0,3,2019,2,Feb,Q1,Friday,2019-02,2019-Q1,3.9716312056737593,302.14285714285717,2031.0,290.14285714285717,Moderate Margin (0-20%),Moderate Discount (1-20%)
B-26002,2019-02-08,2019-02-10,Same Day Delivery,IND-CUST-1140,Harsh,Corporate,India,Delhi,Delhi,110001,North,IND-PRD-11208,Clothing,Saree,Saree - Grade B,1695.0,2,0.15,336.0,2,2019,2,Feb,Q1,Friday,2019-02,2019-Q1,19.82300884955752,847.5,1359.0,679.5,Moderate Margin (0-20%),Moderate Discount (1-20%)
B-26003,2019-02-08,2019-02-13,Standard Express,IND-CUST-1325,Hitesh,Corporate,India,Bhopal,Madhya Pradesh,400001,Central,IND-PRD-11209,Furniture,Chairs,Chairs - Grade A,4725.0,3,0.0,-96.0,5,2019,2,Feb,Q1,Friday,2019-02,2019-Q1,-2.0317460317460316,1575.0,4821.0,1607.0,Loss-Making (<0%),No Discount (0%)
B-26003,2019-02-08,2019-02-13,Standard Express,IND-CUST-1325,Hitesh,Consumer,India,Bhopal,Madhya Pradesh,400001,Central,IND-PRD-11210,Clothing,Hankerchief,Hankerchief - Grade Premium,1920.0,4,0.1,564.0,5,2019,2,Feb,Q1,Friday,2019-02,2019-Q1,29.375,480.0,1356.0,339.0,High Margin (>20%),Moderate Discount (1-20%)
B-26003,2019-02-08,2019-02-11,Standard Express,IND-CUST-1325,Hitesh,Corporate,India,Bhopal,Madhya Pradesh,400001,Central,IND-PRD-11211,Furniture,Furnishings,Furnishings - Grade B,9780.0,6,0.05,156.0,3,2019,2,Feb,Q1,Friday,2019-02,2019-Q1,1.5950920245398774,1630.0,9624.0,1604.0,Moderate Margin (0-20%),Moderate Discount (1-20%)
B-26003,2019-02-08,2019-02-11,BlueDart Express,IND-CUST-1325,Hitesh,Consumer,India,Bhopal,Madhya Pradesh,400001,Central,IND-PRD-11212,Furniture,Furnishings,Furnishings - Grade Standard,1710.0,6,0.1,492.0,3,2019,2,Feb,Q1,Friday,2019-02,2019-Q1,28.771929824561404,285.0,1218.0,203.0,High Margin (>20%),Moderate Discount (1-20%)
B-26003,2019-02-08,2019-02-12,BlueDart Express,IND-CUST-1325,Hitesh,Corporate,India,Bhopal,Madhya Pradesh,400001,Central,IND-PRD-11213,Clothing,T-shirt,T-shirt - Grade B,1185.0,3,0.25,192.0,4,2019,2,Feb,Q1,Friday,2019-02,2019-Q1,16.20253164556962,395.0,993.0,331.0,Moderate Margin (0-20%),High Discount (>20%)
B-26003,2019-02-08,2019-02-09,Standard Express,IND-CUST-1325,Hitesh,Consumer,India,Bhopal,Madhya Pradesh,400001,Central,IND-PRD-11214,Clothing,Saree,Saree - Grade Premium,7470.0,4,0.1,-1392.0,1,2019,2,Feb,Q1,Friday,2019-02,2019-Q1,-18.634538152610443,1867.5,8862.0,2215.5,Loss-Making (<0%),Moderate Discount (1-20%)
B-26003,2019-02-08,2019-02-11,Standard Express,IND-CUST-1325,Hitesh,Consumer,India,Bhopal,Madhya Pradesh,400001,Central,IND-PRD-11215,Furniture,Tables,Tables - Grade B,26175.0,2,0.1,1464.0,3,2019,2,Feb,Q1,Friday,2019-02,2019-Q1,5.593123209169054,13087.5,24711.0,12355.5,Moderate Margin (0-20%),Moderate Discount (1-20%)
B-26003,2019-02-08,2019-02-11,Standard Express,IND-CUST-1325,Hitesh,Small Business,India,Bhopal,Madhya Pradesh,400001,Central,IND-PRD-11216,Clothing,Skirt,Skirt - Grade A,255.0,2,0.0,24.0,3,2019,2,Feb,Q1,Friday,2019-02,2019-Q1,9.411764705882353,127.5,231.0,115.5,Moderate Margin (0-20%),No Discount (0%)
B-26004,2019-02-08,2019-02-10,Standard Express,IND-CUST-1326,Nandita,Consumer,India,Jaipur,Rajasthan,302001,North,IND-PRD-11217,Clothing,Saree,Saree - Grade B,2205.0,3,0.0,528.0,2,2019,2,Feb,Q1,Friday,2019-02,2019-Q1,23.945578231292515,735.0,1677.0,559.0,High Margin (>20%),No Discount (0%)
B-26004,2019-02-08,2019-02-13,BlueDart Express,IND-CUST-1326,Nandita,Corporate,India,Jaipur,Rajasthan,302001,North,IND-PRD-11218,Electronics,Electronic Games,Electronic Games - Grade B,2430.0,2,0.0,876.0,5,2019,2,Feb,Q1,Friday,2019-02,2019-Q1,36.04938271604938,1215.0,1554.0,777.0,High Margin (>20%),No Discount (0%)
B-26005,2019-02-08,2019-02-09,BlueDart Express,IND-CUST-1327,Parnavi,Consumer,India,Kolkata,West Bengal,700001,East,IND-PRD-11219,Clothing,Stole,Stole - Grade Premium,1305.0,3,0.0,120.0,1,2019,2,Feb,Q1,Friday,2019-02,2019-Q1,9.195402298850574,435.0,1185.0,395.0,Moderate Margin (0-20%),No Discount (0%)
B-26006,2019-02-09,2019-02-11,Standard Express,IND-CUST-1328,Arpita,Consumer,India,Bangalore,Karnataka,560001,South,IND-PRD-11220,Electronics,Accessories,Accessories - Grade A,19515.0,5,0.15,6876.0,2,2019,2,Feb,Q1,Saturday,2019-02,2019-Q1,35.23443504996157,3903.0,12639.0,2527.8,High Margin (>20%),Moderate Discount (1-20%)
B-26007,2019-02-09,2019-02-13,Standard Express,IND-CUST-1130,Shubham,Consumer,India,Kashmir,Jammu and Kashmir,400001,North,IND-PRD-11221,Furniture,Bookcases,Bookcases - Grade Premium,4665.0,2,0.15,864.0,4,2019,2,Feb,Q1,Saturday,2019-02,2019-Q1,18.520900321543408,2332.5,3801.0,1900.5,Moderate Margin (0-20%),Moderate Discount (1-20%)
B-26008,2019-02-09,2019-02-13,India Post Parcel,IND-CUST-1329,Kalyani,Corporate,India,Chennai,Tamil Nadu,600001,South,IND-PRD-11222,Clothing,Stole,Stole - Grade B,330.0,1,0.0,48.0,4,2019,2,Feb,Q1,Saturday,2019-02,2019-Q1,14.545454545454545,330.0,282.0,282.0,Moderate Margin (0-20%),No Discount (0%)
B-26008,2019-02-09,2019-02-12,BlueDart Express,IND-CUST-1329,Kalyani,Consumer,India,Chennai,Tamil Nadu,600001,South,IND-PRD-11223,Clothing,Hankerchief,Hankerchief - Grade Standard,3090.0,4,0.15,612.0,3,2019,2,Feb,Q1,Saturday,2019-02,2019-Q1,19.80582524271845,772.5,2478.0,619.5,Moderate Margin (0-20%),Moderate Discount (1-20%)
B-26008,2019-02-09,2019-02-12,BlueDart Express,IND-CUST-1329,Kalyani,Consumer,India,Chennai,Tamil Nadu,600001,South,IND-PRD-11224,Clothing,Leggings,Leggings - Grade B,855.0,5,0.0,288.0,3,2019,2,Feb,Q1,Saturday,2019-02,2019-Q1,33.68421052631579,171.0,567.0,113.4,High Margin (>20%),No Discount (0%)
B-26008,2019-02-09,2019-02-13,Standard Express,IND-CUST-1329,Kalyani,Consumer,India,Chennai,Tamil Nadu,600001,South,IND-PRD-11225,Clothing,Saree,Saree - Grade Premium,150.0,1,0.05,-12.0,4,2019,2,Feb,Q1,Saturday,2019-02,2019-Q1,-8.0,150.0,162.0,162.0,Loss-Making (<0%),Moderate Discount (1-20%)
B-26009,2019-02-10,2019-02-13,BlueDart Express,IND-CUST-1232,Komal,Consumer,India,Lucknow,Uttar Pradesh,226001,North,IND-PRD-11226,Electronics,Printers,Printers - Grade Standard,4275.0,2,0.0,1536.0,3,2019,2,Feb,Q1,Sunday,2019-02,2019-Q1,35.92982456140351,2137.5,2739.0,1369.5,High Margin (>20%),No Discount (0%)
B-26009,2019-02-10,2019-02-11,Standard Express,IND-CUST-1232,Komal,Small Business,India,Lucknow,Uttar Pradesh,226001,North,IND-PRD-11227,Clothing,Shirt,Shirt - Grade Premium,2925.0,9,0.05,144.0,1,2019,2,Feb,Q1,Sunday,2019-02,2019-Q1,4.923076923076923,325.0,2781.0,309.0,Moderate Margin (0-20%),Moderate Discount (1-20%)
B-26010,2019-02-11,2019-02-14,BlueDart Express,IND-CUST-1330,Kartikay,Small Business,India,Patna,Bihar,400001,East,IND-PRD-11228,Electronics,Electronic Games,Electronic Games - Grade Premium,7905.0,3,0.0,312.0,3,2019,2,Feb,Q1,Monday,2019-02,2019-Q1,3.9468690702087286,2635.0,7593.0,2531.0,Moderate Margin (0-20%),No Discount (0%)
B-26010,2019-02-11,2019-02-16,India Post Parcel,IND-CUST-1330,Kartikay,Consumer,India,Patna,Bihar,400001,East,IND-PRD-11229,Clothing,Stole,Stole - Grade A,435.0,2,0.05,36.0,5,2019,2,Feb,Q1,Monday,2019-02,2019-Q1,8.275862068965518,217.5,399.0,199.5,Moderate Margin (0-20%),Moderate Discount (1-20%)
B-26010,2019-02-11,2019-02-14,Standard Express,IND-CUST-1330,Kartikay,Corporate,India,Patna,Bihar,400001,East,IND-PRD-11230,Clothing,Shirt,Shirt - Grade Standard,1275.0,2,0.05,156.0,3,2019,2,Feb,Q1,Monday,2019-02,2019-Q1,12.23529411764706,637.5,1119.0,559.5,Moderate Margin (0-20%),Moderate Discount (1-20%)
B-26010,2019-02-11,2019-02-13,Standard Express,IND-CUST-1330,Kartikay,Consumer,India,Patna,Bihar,400001,East,IND-PRD-11231,Clothing,Hankerchief,Hankerchief - Grade B,270.0,3,0.3,24.0,2,2019,2,Feb,Q1,Monday,2019-02,2019-Q1,8.88888888888889,90.0,246.0,82.0,Moderate Margin (0-20%),High Discount (>20%)
B-26010,2019-02-11,2019-02-12,Standard Express,IND-CUST-1330,Kartikay,Corporate,India,Patna,Bihar,400001,East,IND-PRD-11232,Furniture,Furnishings,Furnishings - Grade Premium,2640.0,5,0.0,-156.0,1,2019,2,Feb,Q1,Monday,2019-02,2019-Q1,-5.909090909090909,528.0,2796.0,559.2,Loss-Making (<0%),No Discount (0%)
B-26010,2019-02-11,2019-02-13,Standard Express,IND-CUST-1330,Kartikay,Corporate,India,Patna,Bihar,400001,East,IND-PRD-11233,Clothing,T-shirt,T-shirt - Grade B,825.0,3,0.0,36.0,2,2019,2,Feb,Q1,Monday,2019-02,2019-Q1,4.363636363636364,275.0,789.0,263.0,Moderate Margin (0-20%),No Discount (0%)
B-26011,2019-02-12,2019-02-14,Standard Express,IND-CUST-1000,Bharat,Small Business,India,Ahmedabad,Gujarat,380001,West,IND-PRD-11234,Clothing,Stole,Stole - Grade A,1395.0,2,0.0,528.0,2,2019,2,Feb,Q1,Tuesday,2019-02,2019-Q1,37.8494623655914,697.5,867.0,433.5,High Margin (>20%),No Discount (0%)
B-26012,2019-02-13,2019-02-18,Standard Express,IND-CUST-1001,Pearl,Consumer,India,Pune,Maharashtra,411001,West,IND-PRD-11235,Clothing,Saree,Saree - Grade A,315.0,2,0.1,96.0,5,2019,2,Feb,Q1,Wednesday,2019-02,2019-Q1,30.476190476190478,157.5,219.0,109.5,High Margin (>20%),Moderate Discount (1-20%)
B-26013,2019-02-13,2019-02-14,Same Day Delivery,IND-CUST-1002,Jahan,Corporate,India,Bhopal,Madhya Pradesh,400001,Central,IND-PRD-11236,Clothing,Skirt,Skirt - Grade Standard,435.0,3,0.0,120.0,1,2019,2,Feb,Q1,Wednesday,2019-02,2019-Q1,27.586206896551722,145.0,315.0,105.0,High Margin (>20%),No Discount (0%)
B-26014,2019-02-13,2019-02-14,BlueDart Express,IND-CUST-1003,Divsha,Consumer,India,Jaipur,Rajasthan,302001,North,IND-PRD-11237,Furniture,Chairs,Chairs - Grade A,6090.0,7,0.15,1164.0,1,2019,2,Feb,Q1,Wednesday,2019-02,2019-Q1,19.113300492610836,870.0,4926.0,703.7142857142857,Moderate Margin (0-20%),Moderate Discount (1-20%)
B-26014,2019-02-13,2019-02-14,Standard Express,IND-CUST-1003,Divsha,Small Business,India,Jaipur,Rajasthan,302001,North,IND-PRD-11238,Furniture,Chairs,Chairs - Grade A,4170.0,5,0.1,468.0,1,2019,2,Feb,Q1,Wednesday,2019-02,2019-Q1,11.223021582733812,834.0,3702.0,740.4,Moderate Margin (0-20%),Moderate Discount (1-20%)
B-26015,2019-02-14,2019-02-15,India Post Parcel,IND-CUST-1004,Kasheen,Consumer,India,Kolkata,West Bengal,700001,East,IND-PRD-11239,Clothing,Saree,Saree - Grade B,1920.0,1,0.1,660.0,1,2019,2,Feb,Q1,Thursday,2019-02,2019-Q1,34.375,1920.0,1260.0,1260.0,High Margin (>20%),Moderate Discount (1-20%)
B-26016,2019-02-14,2019-02-15,Standard Express,IND-CUST-1005,Hazel,Corporate,India,Bangalore,Karnataka,560001,South,IND-PRD-11240,Clothing,Shirt,Shirt - Grade A,1110.0,3,0.1,108.0,1,2019,2,Feb,Q1,Thursday,2019-02,2019-Q1,9.72972972972973,370.0,1002.0,334.0,Moderate Margin (0-20%),Moderate Discount (1-20%)
B-26016,2019-02-14,2019-02-19,India Post Parcel,IND-CUST-1005,Hazel,Corporate,India,Bangalore,Karnataka,560001,South,IND-PRD-11241,Clothing,Hankerchief,Hankerchief - Grade A,3030.0,4,0.0,48.0,5,2019,2,Feb,Q1,Thursday,2019-02,2019-Q1,1.5841584158415842,757.5,2982.0,745.5,Moderate Margin (0-20%),No Discount (0%)
B-26016,2019-02-14,2019-02-17,Standard Express,IND-CUST-1005,Hazel,Corporate,India,Bangalore,Karnataka,560001,South,IND-PRD-11242,Electronics,Electronic Games,Electronic Games - Grade Premium,6435.0,3,0.0,732.0,3,2019,2,Feb,Q1,Thursday,2019-02,2019-Q1,11.375291375291376,2145.0,5703.0,1901.0,Moderate Margin (0-20%),No Discount (0%)
B-26016,2019-02-14,2019-02-16,Same Day Delivery,IND-CUST-1005,Hazel,Consumer,India,Bangalore,Karnataka,560001,South,IND-PRD-11243,Electronics,Electronic Games,Electronic Games - Grade A,2010.0,3,0.05,-156.0,2,2019,2,Feb,Q1,Thursday,2019-02,2019-Q1,-7.761194029850746,670.0,2166.0,722.0,Loss-Making (<0%),Moderate Discount (1-20%)
B-26017,2019-02-14,2019-02-15,BlueDart Express,IND-CUST-1006,Sonakshi,Small Business,India,Kashmir,Jammu and Kashmir,400001,North,IND-PRD-11244,Furniture,Chairs,Chairs - Grade Premium,1170.0,1,0.1,84.0,1,2019,2,Feb,Q1,Thursday,2019-02,2019-Q1,7.179487179487179,1170.0,1086.0,1086.0,Moderate Margin (0-20%),Moderate Discount (1-20%)
B-26018,2019-02-14,2019-02-17,Same Day Delivery,IND-CUST-1007,Aarushi,Consumer,India,Chennai,Tamil Nadu,600001,South,IND-PRD-11245,Furniture,Furnishings,Furnishings - Grade A,4890.0,3,0.0,1284.0,3,2019,2,Feb,Q1,Thursday,2019-02,2019-Q1,26.25766871165644,1630.0,3606.0,1202.0,High Margin (>20%),No Discount (0%)
B-26018,2019-02-14,2019-02-17,India Post Parcel,IND-CUST-1007,Aarushi,Corporate,India,Chennai,Tamil Nadu,600001,South,IND-PRD-11246,Clothing,Hankerchief,Hankerchief - Grade A,915.0,4,0.0,96.0,3,2019,2,Feb,Q1,Thursday,2019-02,2019-Q1,10.491803278688524,228.75,819.0,204.75,Moderate Margin (0-20%),No Discount (0%)
B-26019,2019-02-15,2019-02-17,Standard Express,IND-CUST-1008,Jitesh,Consumer,India,Lucknow,Uttar Pradesh,226001,North,IND-PRD-11247,Clothing,T-shirt,T-shirt - Grade Standard,8775.0,13,0.25,2100.0,2,2019,2,Feb,Q1,Friday,2019-02,2019-Q1,23.931623931623932,675.0,6675.0,513.4615384615385,High Margin (>20%),High Discount (>20%)
B-26020,2019-02-16,2019-02-21,India Post Parcel,IND-CUST-1009,Yogesh,Consumer,India,Patna,Bihar,400001,East,IND-PRD-11248,Electronics,Accessories,Accessories - Grade Standard,4785.0,6,0.0,1224.0,5,2019,2,Feb,Q1,Saturday,2019-02,2019-Q1,25.579937304075234,797.5,3561.0,593.5,High Margin (>20%),No Discount (0%)
B-26021,2019-02-17,2019-02-21,Standard Express,IND-CUST-1010,Anita,Consumer,India,Thiruvananthapuram,Kerala,400001,Central,IND-PRD-11249,Furniture,Furnishings,Furnishings - Grade Premium,1830.0,7,0.15,708.0,4,2019,2,Feb,Q1,Sunday,2019-02,2019-Q1,38.68852459016394,261.42857142857144,1122.0,160.28571428571428,High Margin (>20%),Moderate Discount (1-20%)
B-26021,2019-02-17,2019-02-21,Standard Express,IND-CUST-1010,Anita,Consumer,India,Thiruvananthapuram,Kerala,400001,Central,IND-PRD-11250,Clothing,Stole,Stole - Grade A,735.0,1,0.15,252.0,4,2019,2,Feb,Q1,Sunday,2019-02,2019-Q1,34.285714285714285,735.0,483.0,483.0,High Margin (>20%),Moderate Discount (1-20%)
B-26021,2019-02-17,2019-02-20,Standard Express,IND-CUST-1010,Anita,Consumer,India,Thiruvananthapuram,Kerala,400001,Central,IND-PRD-11251,Clothing,Hankerchief,Hankerchief - Grade B,315.0,3,0.0,-144.0,3,2019,2,Feb,Q1,Sunday,2019-02,2019-Q1,-45.714285714285715,105.0,459.0,153.0,Loss-Making (<0%),No Discount (0%)
B-26022,2019-02-18,2019-02-20,BlueDart Express,IND-CUST-1011,Shrichand,Consumer,India,Chandigarh,Punjab,400001,North,IND-PRD-11252,Electronics,Phones,Phones - Grade Standard,27360.0,8,0.0,-15636.0,2,2019,2,Feb,Q1,Monday,2019-02,2019-Q1,-57.14912280701754,3420.0,42996.0,5374.5,Loss-Making (<0%),No Discount (0%)
B-26023,2019-02-19,2019-02-23,Standard Express,IND-CUST-1012,Mukesh,Consumer,India,Chandigarh,Haryana,400001,North,IND-PRD-11253,Furniture,Bookcases,Bookcases - Grade B,16755.0,10,0.0,5364.0,4,2019,2,Feb,Q1,Tuesday,2019-02,2019-Q1,32.01432408236347,1675.5,11391.0,1139.1,High Margin (>20%),No Discount (0%)
B-26023,2019-02-19,2019-02-22,BlueDart Express,IND-CUST-1012,Mukesh,Corporate,India,Chandigarh,Haryana,400001,North,IND-PRD-11254,Furniture,Furnishings,Furnishings - Grade Standard,435.0,3,0.1,0.0,3,2019,2,Feb,Q1,Tuesday,2019-02,2019-Q1,0.0,145.0,435.0,145.0,Moderate Margin (0-20%),Moderate Discount (1-20%)
B-26023,2019-02-19,2019-02-24,BlueDart Express,IND-CUST-1012,Mukesh,Small Business,India,Chandigarh,Haryana,400001,North,IND-PRD-11255,Clothing,Stole,Stole - Grade Standard,990.0,3,0.1,264.0,5,2019,2,Feb,Q1,Tuesday,2019-02,2019-Q1,26.666666666666668,330.0,726.0,242.0,High Margin (>20%),Moderate Discount (1-20%)
B-26023,2019-02-19,2019-02-23,Same Day Delivery,IND-CUST-1012,Mukesh,Consumer,India,Chandigarh,Haryana,400001,North,IND-PRD-11256,Clothing,Stole,Stole - Grade A,885.0,2,0.15,252.0,4,2019,2,Feb,Q1,Tuesday,2019-02,2019-Q1,28.474576271186443,442.5,633.0,316.5,High Margin (>20%),Moderate Discount (1-20%)
B-26024,2019-02-19,2019-02-22,Same Day Delivery,IND-CUST-1013,Vandana,Consumer,India,Simla,Himachal Pradesh,400001,Central,IND-PRD-11257,Clothing,Stole,Stole - Grade Standard,2520.0,6,0.25,216.0,3,2019,2,Feb,Q1,Tuesday,2019-02,2019-Q1,8.571428571428571,420.0,2304.0,384.0,Moderate Margin (0-20%),High Discount (>20%)
B-26025,2019-02-19,2019-02-22,Standard Express,IND-CUST-1014,Bhavna,Consumer,India,Gangtok,Sikkim,400001,Central,IND-PRD-11258,Clothing,Stole,Stole - Grade B,2325.0,3,0.1,60.0,3,2019,2,Feb,Q1,Tuesday,2019-02,2019-Q1,2.5806451612903225,775.0,2265.0,755.0,Moderate Margin (0-20%),Moderate Discount (1-20%)
B-26025,2019-02-19,2019-02-20,Standard Express,IND-CUST-1014,Bhavna,Consumer,India,Gangtok,Sikkim,400001,Central,IND-PRD-11259,Clothing,Stole,Stole - Grade Standard,480.0,2,0.0,12.0,1,2019,2,Feb,Q1,Tuesday,2019-02,2019-Q1,2.5,240.0,468.0,234.0,Moderate Margin (0-20%),No Discount (0%)
B-26025,2019-02-19,2019-02-24,Standard Express,IND-CUST-1014,Bhavna,Corporate,India,Gangtok,Sikkim,400001,Central,IND-PRD-11260,Clothing,Hankerchief,Hankerchief - Grade Premium,615.0,5,0.0,228.0,5,2019,2,Feb,Q1,Tuesday,2019-02,2019-Q1,37.073170731707314,123.0,387.0,77.4,High Margin (>20%),No Discount (0%)
B-26026,2019-02-19,2019-02-20,Standard Express,IND-CUST-1015,Kanak,Corporate,India,Goa,Goa,400001,West,IND-PRD-11261,Clothing,Hankerchief,Hankerchief - Grade A,3825.0,9,0.15,912.0,1,2019,2,Feb,Q1,Tuesday,2019-02,2019-Q1,23.84313725490196,425.0,2913.0,323.6666666666667,High Margin (>20%),Moderate Discount (1-20%)
B-26026,2019-02-19,2019-02-21,Standard Express,IND-CUST-1015,Kanak,Consumer,India,Goa,Goa,400001,West,IND-PRD-11262,Clothing,Kurti,Kurti - Grade A,375.0,3,0.0,24.0,2,2019,2,Feb,Q1,Tuesday,2019-02,2019-Q1,6.4,125.0,351.0,117.0,Moderate Margin (0-20%),No Discount (0%)
B-26027,2019-02-20,2019-02-21,Standard Express,IND-CUST-1016,Sagar,Consumer,India,Kohima,Nagaland,400001,Central,IND-PRD-11263,Clothing,T-shirt,T-shirt - Grade Premium,810.0,4,0.0,96.0,1,2019,2,Feb,Q1,Wednesday,2019-02,2019-Q1,11.851851851851853,202.5,714.0,178.5,Moderate Margin (0-20%),No Discount (0%)
B-26028,2019-02-20,2019-02-21,Standard Express,IND-CUST-1017,Manju,Consumer,India,Hyderabad,Andhra Pradesh,500001,South,IND-PRD-11264,Clothing,Shirt,Shirt - Grade Premium,1155.0,2,0.15,432.0,1,2019,2,Feb,Q1,Wednesday,2019-02,2019-Q1,37.4025974025974,577.5,723.0,361.5,High Margin (>20%),Moderate Discount (1-20%)
B-26028,2019-02-20,2019-02-24,India Post Parcel,IND-CUST-1017,Manju,Corporate,India,Hyderabad,Andhra Pradesh,500001,South,IND-PRD-11265,Electronics,Accessories,Accessories - Grade Premium,1725.0,1,0.05,0.0,4,2019,2,Feb,Q1,Wednesday,2019-02,2019-Q1,0.0,1725.0,1725.0,1725.0,Moderate Margin (0-20%),Moderate Discount (1-20%)
B-26028,2019-02-20,2019-02-23,BlueDart Express,IND-CUST-1017,Manju,Small Business,India,Hyderabad,Andhra Pradesh,500001,South,IND-PRD-11266,Electronics,Phones,Phones - Grade Standard,19080.0,2,0.2,6564.0,3,2019,2,Feb,Q1,Wednesday,2019-02,2019-Q1,34.40251572327044,9540.0,12516.0,6258.0,High Margin (>20%),Moderate Discount (1-20%)
B-26029,2019-02-20,2019-02-25,Standard Express,IND-CUST-1018,Ramesh,Consumer,India,Ahmedabad,Gujarat,380001,West,IND-PRD-11267,Clothing,T-shirt,T-shirt - Grade A,315.0,1,0.1,120.0,5,2019,2,Feb,Q1,Wednesday,2019-02,2019-Q1,38.095238095238095,315.0,195.0,195.0,High Margin (>20%),Moderate Discount (1-20%)
B-26030,2019-02-21,2019-02-22,BlueDart Express,IND-CUST-1019,Sarita,Consumer,India,Pune,Maharashtra,411001,West,IND-PRD-11268,Clothing,Hankerchief,Hankerchief - Grade Premium,1380.0,6,0.0,60.0,1,2019,2,Feb,Q1,Thursday,2019-02,2019-Q1,4.3478260869565215,230.0,1320.0,220.0,Moderate Margin (0-20%),No Discount (0%)
B-26030,2019-02-21,2019-02-26,Standard Express,IND-CUST-1019,Sarita,Small Business,India,Pune,Maharashtra,411001,West,IND-PRD-11269,Clothing,Skirt,Skirt - Grade Standard,165.0,1,0.25,60.0,5,2019,2,Feb,Q1,Thursday,2019-02,2019-Q1,36.36363636363637,165.0,105.0,105.0,High Margin (>20%),High Discount (>20%)
B-26030,2019-02-21,2019-02-22,Standard Express,IND-CUST-1019,Sarita,Small Business,India,Pune,Maharashtra,411001,West,IND-PRD-11270,Electronics,Accessories,Accessories - Grade Premium,3315.0,4,0.0,420.0,1,2019,2,Feb,Q1,Thursday,2019-02,2019-Q1,12.669683257918551,828.75,2895.0,723.75,Moderate Margin (0-20%),No Discount (0%)
B-26030,2019-02-21,2019-02-23,BlueDart Express,IND-CUST-1019,Sarita,Consumer,India,Pune,Maharashtra,411001,West,IND-PRD-11271,Clothing,Stole,Stole - Grade B,750.0,5,0.05,300.0,2,2019,2,Feb,Q1,Thursday,2019-02,2019-Q1,40.0,150.0,450.0,90.0,High Margin (>20%),Moderate Discount (1-20%)
B-26030,2019-02-21,2019-02-22,BlueDart Express,IND-CUST-1019,Sarita,Consumer,India,Pune,Maharashtra,411001,West,IND-PRD-11272,Clothing,Shirt,Shirt - Grade B,1335.0,3,0.05,432.0,1,2019,2,Feb,Q1,Thursday,2019-02,2019-Q1,32.359550561797754,445.0,903.0,301.0,High Margin (>20%),Moderate Discount (1-20%)
B-26030,2019-02-21,2019-02-25,Standard Express,IND-CUST-1019,Sarita,Consumer,India,Pune,Maharashtra,411001,West,IND-PRD-11273,Electronics,Printers,Printers - Grade A,4365.0,2,0.0,1116.0,4,2019,2,Feb,Q1,Thursday,2019-02,2019-Q1,25.56701030927835,2182.5,3249.0,1624.5,High Margin (>20%),No Discount (0%)
B-26031,2019-02-22,2019-02-25,India Post Parcel,IND-CUST-1020,Deepak,Corporate,India,Bhopal,Madhya Pradesh,400001,Central,IND-PRD-11274,Clothing,Leggings,Leggings - Grade Standard,1005.0,4,0.05,108.0,3,2019,2,Feb,Q1,Friday,2019-02,2019-Q1,10.746268656716417,251.25,897.0,224.25,Moderate Margin (0-20%),Moderate Discount (1-20%)
B-26032,2019-02-22,2019-02-24,Same Day Delivery,IND-CUST-1021,Monisha,Consumer,India,Jaipur,Rajasthan,302001,North,IND-PRD-11275,Clothing,Saree,Saree - Grade B,705.0,5,0.0,180.0,2,2019,2,Feb,Q1,Friday,2019-02,2019-Q1,25.53191489361702,141.0,525.0,105.0,High Margin (>20%),No Discount (0%)
B-26033,2019-02-22,2019-02-23,BlueDart Express,IND-CUST-1022,Atharv,Consumer,India,Kolkata,West Bengal,700001,East,IND-PRD-11276,Electronics,Accessories,Accessories - Grade B,11610.0,3,0.05,2040.0,1,2019,2,Feb,Q1,Friday,2019-02,2019-Q1,17.571059431524546,3870.0,9570.0,3190.0,Moderate Margin (0-20%),Moderate Discount (1-20%)
B-26033,2019-02-22,2019-02-27,BlueDart Express,IND-CUST-1022,Atharv,Corporate,India,Kolkata,West Bengal,700001,East,IND-PRD-11277,Furniture,Bookcases,Bookcases - Grade Standard,2145.0,1,0.05,384.0,5,2019,2,Feb,Q1,Friday,2019-02,2019-Q1,17.902097902097903,2145.0,1761.0,1761.0,Moderate Margin (0-20%),Moderate Discount (1-20%)
B-26033,2019-02-22,2019-02-24,BlueDart Express,IND-CUST-1022,Atharv,Consumer,India,Kolkata,West Bengal,700001,East,IND-PRD-11278,Clothing,Shirt,Shirt - Grade Premium,1665.0,5,0.15,420.0,2,2019,2,Feb,Q1,Friday,2019-02,2019-Q1,25.225225225225223,333.0,1245.0,249.0,High Margin (>20%),Moderate Discount (1-20%)
B-26034,2019-02-23,2019-02-25,Standard Express,IND-CUST-1023,Vini,Corporate,India,Bangalore,Karnataka,560001,South,IND-PRD-11279,Electronics,Accessories,Accessories - Grade Standard,6375.0,5,0.15,2196.0,2,2019,2,Feb,Q1,Saturday,2019-02,2019-Q1,34.44705882352942,1275.0,4179.0,835.8,High Margin (>20%),Moderate Discount (1-20%)
B-26035,2019-02-23,2019-02-24,Standard Express,IND-CUST-1024,Pinky,Consumer,India,Kashmir,Jammu and Kashmir,400001,North,IND-PRD-11280,Clothing,Saree,Saree - Grade Premium,4365.0,11,0.0,1428.0,1,2019,2,Feb,Q1,Saturday,2019-02,2019-Q1,32.7147766323024,396.8181818181818,2937.0,267.0,High Margin (>20%),No Discount (0%)
B-26035,2019-02-23,2019-02-25,Standard Express,IND-CUST-1024,Pinky,Consumer,India,Kashmir,Jammu and Kashmir,400001,North,IND-PRD-11281,Electronics,Phones,Phones - Grade B,7800.0,3,0.05,1812.0,2,2019,2,Feb,Q1,Saturday,2019-02,2019-Q1,23.23076923076923,2600.0,5988.0,1996.0,High Margin (>20%),Moderate Discount (1-20%)
B-26035,2019-02-23,2019-02-28,BlueDart Express,IND-CUST-1024,Pinky,Corporate,India,Kashmir,Jammu and Kashmir,400001,North,IND-PRD-11282,Electronics,Electronic Games,Electronic Games - Grade B,5535.0,3,0.05,180.0,5,2019,2,Feb,Q1,Saturday,2019-02,2019-Q1,3.2520325203252036,1845.0,5355.0,1785.0,Moderate Margin (0-20%),Moderate Discount (1-20%)
B-26036,2019-02-23,2019-02-25,BlueDart Express,IND-CUST-1025,Bhishm,Consumer,India,Mumbai,Maharashtra,400001,West,IND-PRD-11283,Furniture,Furnishings,Furnishings - Grade B,5115.0,7,0.0,528.0,2,2019,2,Feb,Q1,Saturday,2019-02,2019-Q1,10.32258064516129,730.7142857142857,4587.0,655.2857142857143,Moderate Margin (0-20%),No Discount (0%)
B-26037,2019-02-23,2019-02-28,Standard Express,IND-CUST-1026,Hitika,Small Business,India,Indore,Madhya Pradesh,452001,Central,IND-PRD-11284,Clothing,Stole,Stole - Grade A,2565.0,7,0.15,816.0,5,2019,2,Feb,Q1,Saturday,2019-02,2019-Q1,31.812865497076025,366.42857142857144,1749.0,249.85714285714286,High Margin (>20%),Moderate Discount (1-20%)
B-26038,2019-02-24,2019-02-25,India Post Parcel,IND-CUST-1027,Pooja,Consumer,India,Patna,Bihar,400001,East,IND-PRD-11285,Clothing,T-shirt,T-shirt - Grade A,615.0,2,0.15,228.0,1,2019,2,Feb,Q1,Sunday,2019-02,2019-Q1,37.073170731707314,307.5,387.0,193.5,High Margin (>20%),Moderate Discount (1-20%)
B-26038,2019-02-24,2019-02-27,India Post Parcel,IND-CUST-1027,Pooja,Consumer,India,Patna,Bihar,400001,East,IND-PRD-11286,Clothing,Shirt,Shirt - Grade A,1950.0,3,0.0,732.0,3,2019,2,Feb,Q1,Sunday,2019-02,2019-Q1,37.53846153846154,650.0,1218.0,406.0,High Margin (>20%),No Discount (0%)
B-26038,2019-02-24,2019-02-26,BlueDart Express,IND-CUST-1027,Pooja,Corporate,India,Patna,Bihar,400001,East,IND-PRD-11287,Clothing,Stole,Stole - Grade Standard,780.0,2,0.05,168.0,2,2019,2,Feb,Q1,Sunday,2019-02,2019-Q1,21.53846153846154,390.0,612.0,306.0,High Margin (>20%),Moderate Discount (1-20%)
B-26038,2019-02-24,2019-02-27,BlueDart Express,IND-CUST-1027,Pooja,Consumer,India,Patna,Bihar,400001,East,IND-PRD-11288,Clothing,T-shirt,T-shirt - Grade B,450.0,1,0.0,72.0,3,2019,2,Feb,Q1,Sunday,2019-02,2019-Q1,16.0,450.0,378.0,378.0,Moderate Margin (0-20%),No Discount (0%)
B-26039,2019-02-25,2019-03-02,Same Day Delivery,IND-CUST-1028,Hemant,Small Business,India,Thiruvananthapuram,Kerala,400001,Central,IND-PRD-11289,Clothing,Shirt,Shirt - Grade B,1245.0,5,0.1,408.0,5,2019,2,Feb,Q1,Monday,2019-02,2019-Q1,32.7710843373494,249.0,837.0,167.4,High Margin (>20%),Moderate Discount (1-20%)
B-26040,2019-02-26,2019-02-28,Standard Express,IND-CUST-1029,Sahil,Consumer,India,Chandigarh,Punjab,400001,North,IND-PRD-11290,Clothing,Stole,Stole - Grade Standard,570.0,2,0.0,108.0,2,2019,2,Feb,Q1,Tuesday,2019-02,2019-Q1,18.947368421052634,285.0,462.0,231.0,Moderate Margin (0-20%),No Discount (0%)
B-26040,2019-02-26,2019-03-02,Same Day Delivery,IND-CUST-1029,Sahil,Consumer,India,Chandigarh,Punjab,400001,North,IND-PRD-11291,Clothing,Hankerchief,Hankerchief - Grade A,1695.0,4,0.3,288.0,4,2019,2,Feb,Q1,Tuesday,2019-02,2019-Q1,16.991150442477874,423.75,1407.0,351.75,Moderate Margin (0-20%),High Discount (>20%)
B-26040,2019-02-26,2019-03-01,Standard Express,IND-CUST-1029,Sahil,Consumer,India,Chandigarh,Punjab,400001,North,IND-PRD-11292,Clothing,Trousers,Trousers - Grade Standard,12495.0,3,0.15,1116.0,3,2019,2,Feb,Q1,Tuesday,2019-02,2019-Q1,8.93157262905162,4165.0,11379.0,3793.0,Moderate Margin (0-20%),Moderate Discount (1-20%)
B-26041,2019-02-27,2019-03-01,Same Day Delivery,IND-CUST-1030,Ritu,Consumer,India,Chandigarh,Haryana,400001,North,IND-PRD-11293,Furniture,Furnishings,Furnishings - Grade A,2640.0,5,0.05,-336.0,2,2019,2,Feb,Q1,Wednesday,2019-02,2019-Q1,-12.727272727272727,528.0,2976.0,595.2,Loss-Making (<0%),Moderate Discount (1-20%)
B-26042,2019-02-28,2019-03-03,Standard Express,IND-CUST-1031,Manish,Corporate,India,Simla,Himachal Pradesh,400001,Central,IND-PRD-11294,Clothing,Stole,Stole - Grade B,540.0,3,0.1,180.0,3,2019,2,Feb,Q1,Thursday,2019-02,2019-Q1,33.33333333333333,180.0,360.0,120.0,High Margin (>20%),Moderate Discount (1-20%)
B-26043,2019-03-01,2019-03-03,Same Day Delivery,IND-CUST-1032,Amit,Corporate,India,Gangtok,Sikkim,400001,Central,IND-PRD-11295,Clothing,Stole,Stole - Grade Premium,2775.0,4,0.2,576.0,2,2019,3,Mar,Q1,Friday,2019-03,2019-Q1,20.756756756756754,693.75,2199.0,549.75,High Margin (>20%),Moderate Discount (1-20%)
B-26043,2019-03-01,2019-03-02,India Post Parcel,IND-CUST-1032,Amit,Consumer,India,Gangtok,Sikkim,400001,Central,IND-PRD-11296,Clothing,Hankerchief,Hankerchief - Grade A,930.0,5,0.1,336.0,1,2019,3,Mar,Q1,Friday,2019-03,2019-Q1,36.12903225806451,186.0,594.0,118.8,High Margin (>20%),Moderate Discount (1-20%)
B-26043,2019-03-01,2019-03-04,Standard Express,IND-CUST-1032,Amit,Consumer,India,Gangtok,Sikkim,400001,Central,IND-PRD-11297,Clothing,Hankerchief,Hankerchief - Grade B,1185.0,6,0.0,60.0,3,2019,3,Mar,Q1,Friday,2019-03,2019-Q1,5.063291139240507,197.5,1125.0,187.5,Moderate Margin (0-20%),No Discount (0%)
B-26043,2019-03-01,2019-03-05,BlueDart Express,IND-CUST-1032,Amit,Corporate,India,Gangtok,Sikkim,400001,Central,IND-PRD-11298,Clothing,Skirt,Skirt - Grade B,450.0,3,0.05,144.0,4,2019,3,Mar,Q1,Friday,2019-03,2019-Q1,32.0,150.0,306.0,102.0,High Margin (>20%),Moderate Discount (1-20%)
B-26043,2019-03-01,2019-03-05,India Post Parcel,IND-CUST-1032,Amit,Small Business,India,Gangtok,Sikkim,400001,Central,IND-PRD-11299,Clothing,Stole,Stole - Grade Premium,1830.0,7,0.15,600.0,4,2019,3,Mar,Q1,Friday,2019-03,2019-Q1,32.78688524590164,261.42857142857144,1230.0,175.71428571428572,High Margin (>20%),Moderate Discount (1-20%)
B-26044,2019-03-02,2019-03-07,BlueDart Express,IND-CUST-1033,Sanjay,Consumer,India,Goa,Goa,400001,West,IND-PRD-11300,Clothing,Skirt,Skirt - Grade B,420.0,3,0.1,120.0,5,2019,3,Mar,Q1,Saturday,2019-03,2019-Q1,28.57142857142857,140.0,300.0,100.0,High Margin (>20%),Moderate Discount (1-20%)
B-26045,2019-03-03,2019-03-05,Same Day Delivery,IND-CUST-1034,Nidhi,Consumer,India,Kohima,Nagaland,400001,Central,IND-PRD-11301,Furniture,Furnishings,Furnishings - Grade B,4530.0,6,0.1,900.0,2,2019,3,Mar,Q1,Sunday,2019-03,2019-Q1,19.867549668874172,755.0,3630.0,605.0,Moderate Margin (0-20%),Moderate Discount (1-20%)
B-26045,2019-03-03,2019-03-06,BlueDart Express,IND-CUST-1034,Nidhi,Consumer,India,Kohima,Nagaland,400001,Central,IND-PRD-11302,Clothing,Stole,Stole - Grade A,5640.0,7,0.2,0.0,3,2019,3,Mar,Q1,Sunday,2019-03,2019-Q1,0.0,805.7142857142857,5640.0,805.7142857142857,Moderate Margin (0-20%),Moderate Discount (1-20%)
B-26045,2019-03-03,2019-03-08,Standard Express,IND-CUST-1034,Nidhi,Small Business,India,Kohima,Nagaland,400001,Central,IND-PRD-11303,Clothing,Saree,Saree - Grade A,2685.0,1,0.2,924.0,5,2019,3,Mar,Q1,Sunday,2019-03,2019-Q1,34.41340782122905,2685.0,1761.0,1761.0,High Margin (>20%),Moderate Discount (1-20%)
B-26045,2019-03-03,2019-03-06,Standard Express,IND-CUST-1034,Nidhi,Consumer,India,Kohima,Nagaland,400001,Central,IND-PRD-11304,Clothing,Stole,Stole - Grade Premium,405.0,1,0.2,60.0,3,2019,3,Mar,Q1,Sunday,2019-03,2019-Q1,14.814814814814813,405.0,345.0,345.0,Moderate Margin (0-20%),Moderate Discount (1-20%)
B-26046,2019-03-04,2019-03-06,Standard Express,IND-CUST-1035,Nishi,Consumer,India,Mumbai,Maharashtra,400001,West,IND-PRD-11305,Clothing,Hankerchief,Hankerchief - Grade Premium,480.0,8,0.0,36.0,2,2019,3,Mar,Q1,Monday,2019-03,2019-Q1,7.5,60.0,444.0,55.5,Moderate Margin (0-20%),No Discount (0%)
B-26047,2019-03-04,2019-03-08,Same Day Delivery,IND-CUST-1036,Ashmi,Corporate,India,Indore,Madhya Pradesh,452001,Central,IND-PRD-11306,Clothing,Skirt,Skirt - Grade B,825.0,5,0.1,144.0,4,2019,3,Mar,Q1,Monday,2019-03,2019-Q1,17.454545454545457,165.0,681.0,136.2,Moderate Margin (0-20%),Moderate Discount (1-20%)
B-26048,2019-03-04,2019-03-05,Standard Express,IND-CUST-1037,Parth,Consumer,India,Pune,Maharashtra,411001,West,IND-PRD-11307,Electronics,Accessories,Accessories - Grade A,2445.0,2,0.15,972.0,1,2019,3,Mar,Q1,Monday,2019-03,2019-Q1,39.75460122699386,1222.5,1473.0,736.5,High Margin (>20%),Moderate Discount (1-20%)
B-26048,2019-03-04,2019-03-08,BlueDart Express,IND-CUST-1037,Parth,Consumer,India,Pune,Maharashtra,411001,West,IND-PRD-11308,Furniture,Chairs,Chairs - Grade Premium,6015.0,6,0.15,156.0,4,2019,3,Mar,Q1,Monday,2019-03,2019-Q1,2.593516209476309,1002.5,5859.0,976.5,Moderate Margin (0-20%),Moderate Discount (1-20%)
B-26048,2019-03-04,2019-03-09,BlueDart Express,IND-CUST-1037,Parth,Consumer,India,Pune,Maharashtra,411001,West,IND-PRD-11309,Furniture,Tables,Tables - Grade Premium,21915.0,5,0.1,2424.0,5,2019,3,Mar,Q1,Monday,2019-03,2019-Q1,11.06091718001369,4383.0,19491.0,3898.2,Moderate Margin (0-20%),Moderate Discount (1-20%)
B-26048,2019-03-04,2019-03-05,BlueDart Express,IND-CUST-1037,Parth,Consumer,India,Pune,Maharashtra,411001,West,IND-PRD-11310,Clothing,Trousers,Trousers - Grade Standard,16560.0,4,0.0,2508.0,1,2019,3,Mar,Q1,Monday,2019-03,2019-Q1,15.144927536231883,4140.0,14052.0,3513.0,Moderate Margin (0-20%),No Discount (0%)
B-26049,2019-03-05,2019-03-10,Same Day Delivery,IND-CUST-1038,Lisha,Consumer,India,Bhopal,Madhya Pradesh,400001,Central,IND-PRD-11311,Clothing,Hankerchief,Hankerchief - Grade Premium,1500.0,2,0.15,336.0,5,2019,3,Mar,Q1,Tuesday,2019-03,2019-Q1,22.400000000000002,750.0,1164.0,582.0,High Margin (>20%),Moderate Discount (1-20%)
B-26050,2019-03-06,2019-03-08,India Post Parcel,IND-CUST-1039,Paridhi,Consumer,India,Jaipur,Rajasthan,302001,North,IND-PRD-11312,Clothing,T-shirt,T-shirt - Grade B,4875.0,7,0.15,384.0,2,2019,3,Mar,Q1,Wednesday,2019-03,2019-Q1,7.876923076923077,696.4285714285714,4491.0,641.5714285714286,Moderate Margin (0-20%),Moderate Discount (1-20%)
B-26050,2019-03-06,2019-03-07,Standard Express,IND-CUST-1039,Paridhi,Consumer,India,Jaipur,Rajasthan,302001,North,IND-PRD-11313,Clothing,Saree,Saree - Grade A,2535.0,4,0.0,660.0,1,2019,3,Mar,Q1,Wednesday,2019-03,2019-Q1,26.035502958579883,633.75,1875.0,468.75,High Margin (>20%),No Discount (0%)
B-26050,2019-03-06,2019-03-11,Same Day Delivery,IND-CUST-1039,Paridhi,Corporate,India,Jaipur,Rajasthan,302001,North,IND-PRD-11314,Electronics,Phones,Phones - Grade Premium,7305.0,4,0.05,1716.0,5,2019,3,Mar,Q1,Wednesday,2019-03,2019-Q1,23.49075975359343,1826.25,5589.0,1397.25,High Margin (>20%),Moderate Discount (1-20%)
B-26050,2019-03-06,2019-03-08,Same Day Delivery,IND-CUST-1039,Paridhi,Corporate,India,Jaipur,Rajasthan,302001,North,IND-PRD-11315,Electronics,Accessories,Accessories - Grade Standard,2490.0,2,0.0,324.0,2,2019,3,Mar,Q1,Wednesday,2019-03,2019-Q1,13.012048192771083,1245.0,2166.0,1083.0,Moderate Margin (0-20%),No Discount (0%)
B-26050,2019-03-06,2019-03-10,BlueDart Express,IND-CUST-1039,Paridhi,Corporate,India,Jaipur,Rajasthan,302001,North,IND-PRD-11316,Clothing,Saree,Saree - Grade A,1185.0,3,0.05,384.0,4,2019,3,Mar,Q1,Wednesday,2019-03,2019-Q1,32.40506329113924,395.0,801.0,267.0,High Margin (>20%),Moderate Discount (1-20%)
B-26050,2019-03-06,2019-03-08,India Post Parcel,IND-CUST-1039,Paridhi,Consumer,India,Jaipur,Rajasthan,302001,North,IND-PRD-11317,Clothing,Shirt,Shirt - Grade Premium,480.0,3,0.0,72.0,2,2019,3,Mar,Q1,Wednesday,2019-03,2019-Q1,15.0,160.0,408.0,136.0,Moderate Margin (0-20%),No Discount (0%)
B-26050,2019-03-06,2019-03-09,Standard Express,IND-CUST-1039,Paridhi,Consumer,India,Jaipur,Rajasthan,302001,North,IND-PRD-11318,Clothing,Stole,Stole - Grade Standard,570.0,2,0.05,108.0,3,2019,3,Mar,Q1,Wednesday,2019-03,2019-Q1,18.947368421052634,285.0,462.0,231.0,Moderate Margin (0-20%),Moderate Discount (1-20%)
B-26050,2019-03-06,2019-03-08,Standard Express,IND-CUST-1039,Paridhi,Consumer,India,Jaipur,Rajasthan,302001,North,IND-PRD-11319,Clothing,Hankerchief,Hankerchief - Grade Premium,4260.0,6,0.1,528.0,2,2019,3,Mar,Q1,Wednesday,2019-03,2019-Q1,12.394366197183098,710.0,3732.0,622.0,Moderate Margin (0-20%),Moderate Discount (1-20%)
B-26050,2019-03-06,2019-03-08,Same Day Delivery,IND-CUST-1039,Paridhi,Consumer,India,Jaipur,Rajasthan,302001,North,IND-PRD-11320,Electronics,Printers,Printers - Grade A,5730.0,2,0.1,1104.0,2,2019,3,Mar,Q1,Wednesday,2019-03,2019-Q1,19.26701570680628,2865.0,4626.0,2313.0,Moderate Margin (0-20%),Moderate Discount (1-20%)
B-26051,2019-03-07,2019-03-10,Standard Express,IND-CUST-1040,Parishi,Consumer,India,Kolkata,West Bengal,700001,East,IND-PRD-11321,Clothing,T-shirt,T-shirt - Grade A,2760.0,6,0.1,1020.0,3,2019,3,Mar,Q1,Thursday,2019-03,2019-Q1,36.95652173913043,460.0,1740.0,290.0,High Margin (>20%),Moderate Discount (1-20%)
B-26051,2019-03-07,2019-03-12,Same Day Delivery,IND-CUST-1040,Parishi,Corporate,India,Kolkata,West Bengal,700001,East,IND-PRD-11322,Furniture,Bookcases,Bookcases - Grade A,10140.0,5,0.15,2340.0,5,2019,3,Mar,Q1,Thursday,2019-03,2019-Q1,23.076923076923077,2028.0,7800.0,1560.0,High Margin (>20%),Moderate Discount (1-20%)
B-26051,2019-03-07,2019-03-12,Same Day Delivery,IND-CUST-1040,Parishi,Consumer,India,Kolkata,West Bengal,700001,East,IND-PRD-11323,Furniture,Bookcases,Bookcases - Grade B,10035.0,5,0.0,888.0,5,2019,3,Mar,Q1,Thursday,2019-03,2019-Q1,8.849028400597907,2007.0,9147.0,1829.4,Moderate Margin (0-20%),No Discount (0%)
B-26051,2019-03-07,2019-03-09,Standard Express,IND-CUST-1040,Parishi,Consumer,India,Kolkata,West Bengal,700001,East,IND-PRD-11324,Clothing,Stole,Stole - Grade Premium,1200.0,3,0.0,264.0,2,2019,3,Mar,Q1,Thursday,2019-03,2019-Q1,22.0,400.0,936.0,312.0,High Margin (>20%),No Discount (0%)
B-26051,2019-03-07,2019-03-10,Same Day Delivery,IND-CUST-1040,Parishi,Consumer,India,Kolkata,West Bengal,700001,East,IND-PRD-11325,Clothing,Stole,Stole - Grade B,3240.0,4,0.2,600.0,3,2019,3,Mar,Q1,Thursday,2019-03,2019-Q1,18.51851851851852,810.0,2640.0,660.0,Moderate Margin (0-20%),Moderate Discount (1-20%)
B-26051,2019-03-07,2019-03-10,Standard Express,IND-CUST-1040,Parishi,Corporate,India,Kolkata,West Bengal,700001,East,IND-PRD-11326,Clothing,Hankerchief,Hankerchief - Grade A,1275.0,10,0.0,288.0,3,2019,3,Mar,Q1,Thursday,2019-03,2019-Q1,22.58823529411765,127.5,987.0,98.7,High Margin (>20%),No Discount (0%)
B-26051,2019-03-07,2019-03-11,BlueDart Express,IND-CUST-1040,Parishi,Consumer,India,Kolkata,West Bengal,700001,East,IND-PRD-11327,Clothing,Saree,Saree - Grade Standard,5730.0,2,0.25,1428.0,4,2019,3,Mar,Q1,Thursday,2019-03,2019-Q1,24.921465968586386,2865.0,4302.0,2151.0,High Margin (>20%),High Discount (>20%)
B-26051,2019-03-07,2019-03-12,BlueDart Express,IND-CUST-1040,Parishi,Corporate,India,Kolkata,West Bengal,700001,East,IND-PRD-11328,Electronics,Accessories,Accessories - Grade Premium,7350.0,2,0.15,1056.0,5,2019,3,Mar,Q1,Thursday,2019-03,2019-Q1,14.36734693877551,3675.0,6294.0,3147.0,Moderate Margin (0-20%),Moderate Discount (1-20%)
B-26051,2019-03-07,2019-03-08,India Post Parcel,IND-CUST-1040,Parishi,Consumer,India,Kolkata,West Bengal,700001,East,IND-PRD-11329,Electronics,Printers,Printers - Grade B,20055.0,7,0.1,1764.0,1,2019,3,Mar,Q1,Thursday,2019-03,2019-Q1,8.795811518324607,2865.0,18291.0,2613.0,Moderate Margin (0-20%),Moderate Discount (1-20%)
B-26051,2019-03-07,2019-03-12,Standard Express,IND-CUST-1040,Parishi,Small Business,India,Kolkata,West Bengal,700001,East,IND-PRD-11330,Electronics,Electronic Games,Electronic Games - Grade Premium,9000.0,5,0.3,1224.0,5,2019,3,Mar,Q1,Thursday,2019-03,2019-Q1,13.600000000000001,1800.0,7776.0,1555.2,Moderate Margin (0-20%),High Discount (>20%)
B-26052,2019-03-08,2019-03-13,BlueDart Express,IND-CUST-1041,Ajay,Small Business,India,Bangalore,Karnataka,560001,South,IND-PRD-11331,Clothing,Kurti,Kurti - Grade Standard,1170.0,6,0.0,336.0,5,2019,3,Mar,Q1,Friday,2019-03,2019-Q1,28.717948717948715,195.0,834.0,139.0,High Margin (>20%),No Discount (0%)
B-26052,2019-03-08,2019-03-12,BlueDart Express,IND-CUST-1041,Ajay,Consumer,India,Bangalore,Karnataka,560001,South,IND-PRD-11332,Clothing,T-shirt,T-shirt - Grade B,1515.0,4,0.05,192.0,4,2019,3,Mar,Q1,Friday,2019-03,2019-Q1,12.673267326732674,378.75,1323.0,330.75,Moderate Margin (0-20%),Moderate Discount (1-20%)
B-26052,2019-03-08,2019-03-09,BlueDart Express,IND-CUST-1041,Ajay,Consumer,India,Bangalore,Karnataka,560001,South,IND-PRD-11333,Clothing,Saree,Saree - Grade A,2175.0,3,0.1,0.0,1,2019,3,Mar,Q1,Friday,2019-03,2019-Q1,0.0,725.0,2175.0,725.0,Moderate Margin (0-20%),Moderate Discount (1-20%)
B-26052,2019-03-08,2019-03-12,BlueDart Express,IND-CUST-1041,Ajay,Consumer,India,Bangalore,Karnataka,560001,South,IND-PRD-11334,Clothing,Kurti,Kurti - Grade B,2220.0,4,0.05,276.0,4,2019,3,Mar,Q1,Friday,2019-03,2019-Q1,12.432432432432433,555.0,1944.0,486.0,Moderate Margin (0-20%),Moderate Discount (1-20%)
B-26052,2019-03-08,2019-03-09,Standard Express,IND-CUST-1041,Ajay,Consumer,India,Bangalore,Karnataka,560001,South,IND-PRD-11335,Clothing,Shirt,Shirt - Grade Premium,225.0,1,0.2,12.0,1,2019,3,Mar,Q1,Friday,2019-03,2019-Q1,5.333333333333334,225.0,213.0,213.0,Moderate Margin (0-20%),Moderate Discount (1-20%)
B-26052,2019-03-08,2019-03-10,Standard Express,IND-CUST-1041,Ajay,Corporate,India,Bangalore,Karnataka,560001,South,IND-PRD-11336,Clothing,Stole,Stole - Grade Premium,375.0,2,0.0,84.0,2,2019,3,Mar,Q1,Friday,2019-03,2019-Q1,22.400000000000002,187.5,291.0,145.5,High Margin (>20%),No Discount (0%)
B-26052,2019-03-08,2019-03-09,Standard Express,IND-CUST-1041,Ajay,Corporate,India,Bangalore,Karnataka,560001,South,IND-PRD-11337,Electronics,Accessories,Accessories - Grade Premium,11610.0,3,0.1,2040.0,1,2019,3,Mar,Q1,Friday,2019-03,2019-Q1,17.571059431524546,3870.0,9570.0,3190.0,Moderate Margin (0-20%),Moderate Discount (1-20%)
B-26053,2019-03-09,2019-03-13,Same Day Delivery,IND-CUST-1042,Kirti,Corporate,India,Kashmir,Jammu and Kashmir,400001,North,IND-PRD-11338,Clothing,Skirt,Skirt - Grade Premium,255.0,2,0.1,12.0,4,2019,3,Mar,Q1,Saturday,2019-03,2019-Q1,4.705882352941177,127.5,243.0,121.5,Moderate Margin (0-20%),Moderate Discount (1-20%)
B-26053,2019-03-09,2019-03-14,Standard Express,IND-CUST-1042,Kirti,Corporate,India,Kashmir,Jammu and Kashmir,400001,North,IND-PRD-11339,Furniture,Bookcases,Bookcases - Grade A,3690.0,2,0.1,732.0,5,2019,3,Mar,Q1,Saturday,2019-03,2019-Q1,19.83739837398374,1845.0,2958.0,1479.0,Moderate Margin (0-20%),Moderate Discount (1-20%)
B-26053,2019-03-09,2019-03-10,Standard Express,IND-CUST-1042,Kirti,Consumer,India,Kashmir,Jammu and Kashmir,400001,North,IND-PRD-11340,Clothing,Saree,Saree - Grade B,6375.0,7,0.0,2496.0,1,2019,3,Mar,Q1,Saturday,2019-03,2019-Q1,39.15294117647059,910.7142857142857,3879.0,554.1428571428571,High Margin (>20%),No Discount (0%)
B-26053,2019-03-09,2019-03-10,India Post Parcel,IND-CUST-1042,Kirti,Consumer,India,Kashmir,Jammu and Kashmir,400001,North,IND-PRD-11341,Electronics,Accessories,Accessories - Grade A,1395.0,3,0.05,372.0,1,2019,3,Mar,Q1,Saturday,2019-03,2019-Q1,26.666666666666668,465.0,1023.0,341.0,High Margin (>20%),Moderate Discount (1-20%)
B-26053,2019-03-09,2019-03-12,Standard Express,IND-CUST-1042,Kirti,Corporate,India,Kashmir,Jammu and Kashmir,400001,North,IND-PRD-11342,Furniture,Bookcases,Bookcases - Grade A,8910.0,3,0.15,1068.0,3,2019,3,Mar,Q1,Saturday,2019-03,2019-Q1,11.986531986531986,2970.0,7842.0,2614.0,Moderate Margin (0-20%),Moderate Discount (1-20%)
B-26053,2019-03-09,2019-03-14,India Post Parcel,IND-CUST-1042,Kirti,Consumer,India,Kashmir,Jammu and Kashmir,400001,North,IND-PRD-11343,Clothing,Stole,Stole - Grade A,1275.0,6,0.0,24.0,5,2019,3,Mar,Q1,Saturday,2019-03,2019-Q1,1.8823529411764703,212.5,1251.0,208.5,Moderate Margin (0-20%),No Discount (0%)
B-26053,2019-03-09,2019-03-11,BlueDart Express,IND-CUST-1042,Kirti,Corporate,India,Kashmir,Jammu and Kashmir,400001,North,IND-PRD-11344,Clothing,Skirt,Skirt - Grade Premium,405.0,3,0.15,72.0,2,2019,3,Mar,Q1,Saturday,2019-03,2019-Q1,17.77777777777778,135.0,333.0,111.0,Moderate Margin (0-20%),Moderate Discount (1-20%)
B-26053,2019-03-09,2019-03-13,Same Day Delivery,IND-CUST-1042,Kirti,Consumer,India,Kashmir,Jammu and Kashmir,400001,North,IND-PRD-11345,Furniture,Chairs,Chairs - Grade Premium,1800.0,1,0.1,12.0,4,2019,3,Mar,Q1,Saturday,2019-03,2019-Q1,0.6666666666666667,1800.0,1788.0,1788.0,Moderate Margin (0-20%),Moderate Discount (1-20%)
B-26053,2019-03-09,2019-03-11,Standard Express,IND-CUST-1042,Kirti,Consumer,India,Kashmir,Jammu and Kashmir,400001,North,IND-PRD-11346,Clothing,Stole,Stole - Grade Premium,2430.0,3,0.15,660.0,2,2019,3,Mar,Q1,Saturday,2019-03,2019-Q1,27.160493827160494,810.0,1770.0,590.0,High Margin (>20%),Moderate Discount (1-20%)
B-26054,2019-03-10,2019-03-15,Standard Express,IND-CUST-1043,Mayank,Small Business,India,Mumbai,Maharashtra,400001,West,IND-PRD-11347,Clothing,Hankerchief,Hankerchief - Grade B,3690.0,5,0.15,1176.0,5,2019,3,Mar,Q1,Sunday,2019-03,2019-Q1,31.869918699186993,738.0,2514.0,502.8,High Margin (>20%),Moderate Discount (1-20%)
B-26054,2019-03-10,2019-03-11,BlueDart Express,IND-CUST-1043,Mayank,Consumer,India,Mumbai,Maharashtra,400001,West,IND-PRD-11348,Clothing,Saree,Saree - Grade Standard,1320.0,2,0.0,240.0,1,2019,3,Mar,Q1,Sunday,2019-03,2019-Q1,18.181818181818183,660.0,1080.0,540.0,Moderate Margin (0-20%),No Discount (0%)
B-26054,2019-03-10,2019-03-11,Same Day Delivery,IND-CUST-1043,Mayank,Small Business,India,Mumbai,Maharashtra,400001,West,IND-PRD-11349,Clothing,Shirt,Shirt - Grade Premium,1320.0,2,0.1,228.0,1,2019,3,Mar,Q1,Sunday,2019-03,2019-Q1,17.272727272727273,660.0,1092.0,546.0,Moderate Margin (0-20%),Moderate Discount (1-20%)
B-26054,2019-03-10,2019-03-15,BlueDart Express,IND-CUST-1043,Mayank,Small Business,India,Mumbai,Maharashtra,400001,West,IND-PRD-11350,Electronics,Accessories,Accessories - Grade B,2085.0,3,0.2,252.0,5,2019,3,Mar,Q1,Sunday,2019-03,2019-Q1,12.086330935251798,695.0,1833.0,611.0,Moderate Margin (0-20%),Moderate Discount (1-20%)
B-26054,2019-03-10,2019-03-11,Standard Express,IND-CUST-1043,Mayank,Corporate,India,Mumbai,Maharashtra,400001,West,IND-PRD-11351,Clothing,Stole,Stole - Grade Premium,2085.0,3,0.05,432.0,1,2019,3,Mar,Q1,Sunday,2019-03,2019-Q1,20.719424460431654,695.0,1653.0,551.0,High Margin (>20%),Moderate Discount (1-20%)
B-26054,2019-03-10,2019-03-11,Same Day Delivery,IND-CUST-1043,Mayank,Corporate,India,Mumbai,Maharashtra,400001,West,IND-PRD-11352,Clothing,Stole,Stole - Grade Premium,2070.0,5,0.25,132.0,1,2019,3,Mar,Q1,Sunday,2019-03,2019-Q1,6.3768115942028984,414.0,1938.0,387.6,Moderate Margin (0-20%),High Discount (>20%)
B-26054,2019-03-10,2019-03-11,Same Day Delivery,IND-CUST-1043,Mayank,Corporate,India,Mumbai,Maharashtra,400001,West,IND-PRD-11353,Clothing,Stole,Stole - Grade A,2340.0,3,0.05,276.0,1,2019,3,Mar,Q1,Sunday,2019-03,2019-Q1,11.794871794871794,780.0,2064.0,688.0,Moderate Margin (0-20%),Moderate Discount (1-20%)
B-26054,2019-03-10,2019-03-14,BlueDart Express,IND-CUST-1043,Mayank,Small Business,India,Mumbai,Maharashtra,400001,West,IND-PRD-11354,Electronics,Electronic Games,Electronic Games - Grade A,8385.0,2,0.0,2088.0,4,2019,3,Mar,Q1,Sunday,2019-03,2019-Q1,24.901610017889087,4192.5,6297.0,3148.5,High Margin (>20%),No Discount (0%)
B-26055,2019-03-10,2019-03-14,Same Day Delivery,IND-CUST-1044,Yaanvi,Consumer,India,Indore,Madhya Pradesh,452001,Central,IND-PRD-11355,Clothing,Stole,Stole - Grade A,3405.0,5,0.05,576.0,4,2019,3,Mar,Q1,Sunday,2019-03,2019-Q1,16.916299559471366,681.0,2829.0,565.8,Moderate Margin (0-20%),Moderate Discount (1-20%)
B-26055,2019-03-10,2019-03-13,Same Day Delivery,IND-CUST-1044,Yaanvi,Consumer,India,Indore,Madhya Pradesh,452001,Central,IND-PRD-11356,Furniture,Chairs,Chairs - Grade B,85935.0,14,0.25,768.0,3,2019,3,Mar,Q1,Sunday,2019-03,2019-Q1,0.8936987257811135,6138.214285714285,85167.0,6083.357142857143,Moderate Margin (0-20%),High Discount (>20%)
B-26055,2019-03-10,2019-03-12,BlueDart Express,IND-CUST-1044,Yaanvi,Corporate,India,Indore,Madhya Pradesh,452001,Central,IND-PRD-11357,Clothing,T-shirt,T-shirt - Grade Standard,1410.0,2,0.05,324.0,2,2019,3,Mar,Q1,Sunday,2019-03,2019-Q1,22.97872340425532,705.0,1086.0,543.0,High Margin (>20%),Moderate Discount (1-20%)
B-26055,2019-03-10,2019-03-15,Standard Express,IND-CUST-1044,Yaanvi,Consumer,India,Indore,Madhya Pradesh,452001,Central,IND-PRD-11358,Clothing,Shirt,Shirt - Grade Standard,3195.0,14,0.2,48.0,5,2019,3,Mar,Q1,Sunday,2019-03,2019-Q1,1.5023474178403755,228.21428571428572,3147.0,224.78571428571428,Moderate Margin (0-20%),Moderate Discount (1-20%)
B-26055,2019-03-10,2019-03-15,BlueDart Express,IND-CUST-1044,Yaanvi,Consumer,India,Indore,Madhya Pradesh,452001,Central,IND-PRD-11359,Electronics,Printers,Printers - Grade B,3750.0,2,0.2,-144.0,5,2019,3,Mar,Q1,Sunday,2019-03,2019-Q1,-3.84,1875.0,3894.0,1947.0,Loss-Making (<0%),Moderate Discount (1-20%)
B-26055,2019-03-10,2019-03-15,Standard Express,IND-CUST-1044,Yaanvi,Consumer,India,Indore,Madhya Pradesh,452001,Central,IND-PRD-11360,Clothing,Saree,Saree - Grade Premium,645.0,1,0.05,132.0,5,2019,3,Mar,Q1,Sunday,2019-03,2019-Q1,20.46511627906977,645.0,513.0,513.0,High Margin (>20%),Moderate Discount (1-20%)
B-26055,2019-03-10,2019-03-13,Standard Express,IND-CUST-1044,Yaanvi,Corporate,India,Indore,Madhya Pradesh,452001,Central,IND-PRD-11361,Furniture,Bookcases,Bookcases - Grade B,18270.0,8,0.0,5040.0,3,2019,3,Mar,Q1,Sunday,2019-03,2019-Q1,27.586206896551722,2283.75,13230.0,1653.75,High Margin (>20%),No Discount (0%)
B-26055,2019-03-10,2019-03-14,Standard Express,IND-CUST-1044,Yaanvi,Small Business,India,Indore,Madhya Pradesh,452001,Central,IND-PRD-11362,Electronics,Phones,Phones - Grade Premium,10065.0,9,0.15,1368.0,4,2019,3,Mar,Q1,Sunday,2019-03,2019-Q1,13.591654247391952,1118.3333333333333,8697.0,966.3333333333334,Moderate Margin (0-20%),Moderate Discount (1-20%)
B-26055,2019-03-10,2019-03-13,Standard Express,IND-CUST-1044,Yaanvi,Consumer,India,Indore,Madhya Pradesh,452001,Central,IND-PRD-11363,Clothing,Shirt,Shirt - Grade B,855.0,2,0.05,84.0,3,2019,3,Mar,Q1,Sunday,2019-03,2019-Q1,9.824561403508772,427.5,771.0,385.5,Moderate Margin (0-20%),Moderate Discount (1-20%)
B-26056,2019-03-10,2019-03-15,Standard Express,IND-CUST-1045,Sonal,Small Business,India,Patna,Bihar,400001,East,IND-PRD-11364,Clothing,Stole,Stole - Grade B,1050.0,3,0.15,288.0,5,2019,3,Mar,Q1,Sunday,2019-03,2019-Q1,27.42857142857143,350.0,762.0,254.0,High Margin (>20%),Moderate Discount (1-20%)
B-26056,2019-03-10,2019-03-12,Standard Express,IND-CUST-1045,Sonal,Corporate,India,Patna,Bihar,400001,East,IND-PRD-11365,Clothing,Hankerchief,Hankerchief - Grade B,705.0,7,0.05,240.0,2,2019,3,Mar,Q1,Sunday,2019-03,2019-Q1,34.04255319148936,100.71428571428571,465.0,66.42857142857143,High Margin (>20%),Moderate Discount (1-20%)
B-26056,2019-03-10,2019-03-11,Same Day Delivery,IND-CUST-1045,Sonal,Corporate,India,Patna,Bihar,400001,East,IND-PRD-11366,Clothing,Hankerchief,Hankerchief - Grade Standard,495.0,2,0.05,108.0,1,2019,3,Mar,Q1,Sunday,2019-03,2019-Q1,21.818181818181817,247.5,387.0,193.5,High Margin (>20%),Moderate Discount (1-20%)
B-26056,2019-03-10,2019-03-14,India Post Parcel,IND-CUST-1045,Sonal,Corporate,India,Patna,Bihar,400001,East,IND-PRD-11367,Clothing,Saree,Saree - Grade A,6360.0,2,0.15,1932.0,4,2019,3,Mar,Q1,Sunday,2019-03,2019-Q1,30.377358490566035,3180.0,4428.0,2214.0,High Margin (>20%),Moderate Discount (1-20%)
B-26056,2019-03-10,2019-03-14,Standard Express,IND-CUST-1045,Sonal,Corporate,India,Patna,Bihar,400001,East,IND-PRD-11368,Electronics,Phones,Phones - Grade B,5865.0,6,0.05,1080.0,4,2019,3,Mar,Q1,Sunday,2019-03,2019-Q1,18.414322250639387,977.5,4785.0,797.5,Moderate Margin (0-20%),Moderate Discount (1-20%)
B-26056,2019-03-10,2019-03-13,India Post Parcel,IND-CUST-1045,Sonal,Consumer,India,Patna,Bihar,400001,East,IND-PRD-11369,Clothing,Hankerchief,Hankerchief - Grade Standard,225.0,2,0.05,72.0,3,2019,3,Mar,Q1,Sunday,2019-03,2019-Q1,32.0,112.5,153.0,76.5,High Margin (>20%),Moderate Discount (1-20%)
B-26056,2019-03-10,2019-03-14,BlueDart Express,IND-CUST-1045,Sonal,Corporate,India,Patna,Bihar,400001,East,IND-PRD-11370,Clothing,Hankerchief,Hankerchief - Grade A,1515.0,2,0.05,132.0,4,2019,3,Mar,Q1,Sunday,2019-03,2019-Q1,8.712871287128712,757.5,1383.0,691.5,Moderate Margin (0-20%),Moderate Discount (1-20%)
B-26056,2019-03-10,2019-03-15,Standard Express,IND-CUST-1045,Sonal,Consumer,India,Patna,Bihar,400001,East,IND-PRD-11371,Clothing,Hankerchief,Hankerchief - Grade A,465.0,2,0.05,108.0,5,2019,3,Mar,Q1,Sunday,2019-03,2019-Q1,23.225806451612904,232.5,357.0,178.5,High Margin (>20%),Moderate Discount (1-20%)
B-26056,2019-03-10,2019-03-15,Standard Express,IND-CUST-1045,Sonal,Small Business,India,Patna,Bihar,400001,East,IND-PRD-11372,Electronics,Accessories,Accessories - Grade B,3300.0,2,0.1,480.0,5,2019,3,Mar,Q1,Sunday,2019-03,2019-Q1,14.545454545454545,1650.0,2820.0,1410.0,Moderate Margin (0-20%),Moderate Discount (1-20%)
B-26056,2019-03-10,2019-03-13,BlueDart Express,IND-CUST-1045,Sonal,Small Business,India,Patna,Bihar,400001,East,IND-PRD-11373,Furniture,Bookcases,Bookcases - Grade Premium,3195.0,3,0.15,-1740.0,3,2019,3,Mar,Q1,Sunday,2019-03,2019-Q1,-54.460093896713616,1065.0,4935.0,1645.0,Loss-Making (<0%),Moderate Discount (1-20%)
B-26056,2019-03-10,2019-03-15,Same Day Delivery,IND-CUST-1045,Sonal,Consumer,India,Patna,Bihar,400001,East,IND-PRD-11374,Clothing,Kurti,Kurti - Grade Premium,285.0,4,0.05,-216.0,5,2019,3,Mar,Q1,Sunday,2019-03,2019-Q1,-75.78947368421053,71.25,501.0,125.25,Loss-Making (<0%),Moderate Discount (1-20%)
B-26056,2019-03-10,2019-03-12,BlueDart Express,IND-CUST-1045,Sonal,Consumer,India,Patna,Bihar,400001,East,IND-PRD-11375,Clothing,Hankerchief,Hankerchief - Grade Premium,3090.0,4,0.1,216.0,2,2019,3,Mar,Q1,Sunday,2019-03,2019-Q1,6.990291262135923,772.5,2874.0,718.5,Moderate Margin (0-20%),Moderate Discount (1-20%)
B-26057,2019-03-10,2019-03-13,Standard Express,IND-CUST-1046,Sharda,Corporate,India,Thiruvananthapuram,Kerala,400001,Central,IND-PRD-11376,Electronics,Printers,Printers - Grade B,11040.0,5,0.1,4152.0,3,2019,3,Mar,Q1,Sunday,2019-03,2019-Q1,37.608695652173914,2208.0,6888.0,1377.6,High Margin (>20%),Moderate Discount (1-20%)
B-26057,2019-03-10,2019-03-12,Standard Express,IND-CUST-1046,Sharda,Consumer,India,Thiruvananthapuram,Kerala,400001,Central,IND-PRD-11377,Clothing,T-shirt,T-shirt - Grade Premium,810.0,4,0.0,96.0,2,2019,3,Mar,Q1,Sunday,2019-03,2019-Q1,11.851851851851853,202.5,714.0,178.5,Moderate Margin (0-20%),No Discount (0%)
B-26057,2019-03-10,2019-03-11,Standard Express,IND-CUST-1046,Sharda,Small Business,India,Thiruvananthapuram,Kerala,400001,Central,IND-PRD-11378,Furniture,Bookcases,Bookcases - Grade Standard,9885.0,2,0.0,-444.0,1,2019,3,Mar,Q1,Sunday,2019-03,2019-Q1,-4.49165402124431,4942.5,10329.0,5164.5,Loss-Making (<0%),No Discount (0%)
B-26057,2019-03-10,2019-03-12,Standard Express,IND-CUST-1046,Sharda,Consumer,India,Thiruvananthapuram,Kerala,400001,Central,IND-PRD-11379,Clothing,Trousers,Trousers - Grade Standard,3360.0,3,0.25,1044.0,2,2019,3,Mar,Q1,Sunday,2019-03,2019-Q1,31.071428571428573,1120.0,2316.0,772.0,High Margin (>20%),High Discount (>20%)
B-26058,2019-03-11,2019-03-12,Standard Express,IND-CUST-1047,Aditya,Consumer,India,Chandigarh,Punjab,400001,North,IND-PRD-11380,Clothing,Hankerchief,Hankerchief - Grade Standard,3180.0,7,0.15,1164.0,1,2019,3,Mar,Q1,Monday,2019-03,2019-Q1,36.60377358490566,454.2857142857143,2016.0,288.0,High Margin (>20%),Moderate Discount (1-20%)
B-26059,2019-03-12,2019-03-13,Standard Express,IND-CUST-1048,Rachna,Small Business,India,Chandigarh,Haryana,400001,North,IND-PRD-11381,Clothing,T-shirt,T-shirt - Grade Standard,300.0,1,0.1,72.0,1,2019,3,Mar,Q1,Tuesday,2019-03,2019-Q1,24.0,300.0,228.0,228.0,High Margin (>20%),Moderate Discount (1-20%)
B-26060,2019-03-13,2019-03-15,Same Day Delivery,IND-CUST-1049,Chirag,Corporate,India,Mumbai,Maharashtra,400001,West,IND-PRD-11382,Clothing,Saree,Saree - Grade A,5730.0,3,0.1,816.0,2,2019,3,Mar,Q1,Wednesday,2019-03,2019-Q1,14.24083769633508,1910.0,4914.0,1638.0,Moderate Margin (0-20%),Moderate Discount (1-20%)
B-26061,2019-03-14,2019-03-17,India Post Parcel,IND-CUST-1050,Anurag,Corporate,India,Indore,Madhya Pradesh,452001,Central,IND-PRD-11383,Electronics,Accessories,Accessories - Grade Standard,7620.0,2,0.0,2436.0,3,2019,3,Mar,Q1,Thursday,2019-03,2019-Q1,31.968503937007874,3810.0,5184.0,2592.0,High Margin (>20%),No Discount (0%)
B-26061,2019-03-14,2019-03-19,Standard Express,IND-CUST-1050,Anurag,Consumer,India,Indore,Madhya Pradesh,452001,Central,IND-PRD-11384,Electronics,Printers,Printers - Grade Premium,14475.0,3,0.1,-816.0,5,2019,3,Mar,Q1,Thursday,2019-03,2019-Q1,-5.637305699481866,4825.0,15291.0,5097.0,Loss-Making (<0%),Moderate Discount (1-20%)
B-26061,2019-03-14,2019-03-19,India Post Parcel,IND-CUST-1050,Anurag,Corporate,India,Indore,Madhya Pradesh,452001,Central,IND-PRD-11385,Electronics,Printers,Printers - Grade B,3090.0,1,0.1,144.0,5,2019,3,Mar,Q1,Thursday,2019-03,2019-Q1,4.660194174757281,3090.0,2946.0,2946.0,Moderate Margin (0-20%),Moderate Discount (1-20%)
B-26061,2019-03-14,2019-03-15,Standard Express,IND-CUST-1050,Anurag,Corporate,India,Indore,Madhya Pradesh,452001,Central,IND-PRD-11386,Clothing,Saree,Saree - Grade Premium,9630.0,5,0.1,2160.0,1,2019,3,Mar,Q1,Thursday,2019-03,2019-Q1,22.429906542056074,1926.0,7470.0,1494.0,High Margin (>20%),Moderate Discount (1-20%)
B-26061,2019-03-14,2019-03-15,BlueDart Express,IND-CUST-1050,Anurag,Corporate,India,Indore,Madhya Pradesh,452001,Central,IND-PRD-11387,Clothing,Stole,Stole - Grade Standard,1635.0,2,0.05,624.0,1,2019,3,Mar,Q1,Thursday,2019-03,2019-Q1,38.1651376146789,817.5,1011.0,505.5,High Margin (>20%),Moderate Discount (1-20%)
B-26061,2019-03-14,2019-03-17,Standard Express,IND-CUST-1050,Anurag,Corporate,India,Indore,Madhya Pradesh,452001,Central,IND-PRD-11388,Clothing,T-shirt,T-shirt - Grade A,405.0,2,0.0,96.0,3,2019,3,Mar,Q1,Thursday,2019-03,2019-Q1,23.703703703703706,202.5,309.0,154.5,High Margin (>20%),No Discount (0%)
B-26062,2019-03-15,2019-03-19,BlueDart Express,IND-CUST-1051,Tushina,Corporate,India,Goa,Goa,400001,West,IND-PRD-11389,Clothing,Stole,Stole - Grade Standard,660.0,3,0.0,-480.0,4,2019,3,Mar,Q1,Friday,2019-03,2019-Q1,-72.72727272727273,220.0,1140.0,380.0,Loss-Making (<0%),No Discount (0%)
B-26062,2019-03-15,2019-03-17,India Post Parcel,IND-CUST-1051,Tushina,Consumer,India,Goa,Goa,400001,West,IND-PRD-11390,Clothing,Stole,Stole - Grade B,750.0,2,0.25,-204.0,2,2019,3,Mar,Q1,Friday,2019-03,2019-Q1,-27.200000000000003,375.0,954.0,477.0,Loss-Making (<0%),High Discount (>20%)
B-26062,2019-03-15,2019-03-16,BlueDart Express,IND-CUST-1051,Tushina,Consumer,India,Goa,Goa,400001,West,IND-PRD-11391,Clothing,Stole,Stole - Grade Premium,195.0,1,0.05,-24.0,1,2019,3,Mar,Q1,Friday,2019-03,2019-Q1,-12.307692307692308,195.0,219.0,219.0,Loss-Making (<0%),Moderate Discount (1-20%)
B-26063,2019-03-15,2019-03-20,Standard Express,IND-CUST-1052,Farah,Corporate,India,Kohima,Nagaland,400001,Central,IND-PRD-11392,Electronics,Electronic Games,Electronic Games - Grade B,3615.0,4,0.05,-924.0,5,2019,3,Mar,Q1,Friday,2019-03,2019-Q1,-25.560165975103732,903.75,4539.0,1134.75,Loss-Making (<0%),Moderate Discount (1-20%)
B-26064,2019-03-16,2019-03-19,BlueDart Express,IND-CUST-1331,Ankita,Consumer,India,Mumbai,Maharashtra,400001,West,IND-PRD-11393,Clothing,Leggings,Leggings - Grade B,1125.0,5,0.0,24.0,3,2019,3,Mar,Q1,Saturday,2019-03,2019-Q1,2.1333333333333333,225.0,1101.0,220.2,Moderate Margin (0-20%),No Discount (0%)
B-26064,2019-03-16,2019-03-18,Standard Express,IND-CUST-1331,Ankita,Corporate,India,Mumbai,Maharashtra,400001,West,IND-PRD-11394,Clothing,Hankerchief,Hankerchief - Grade B,915.0,4,0.0,36.0,2,2019,3,Mar,Q1,Saturday,2019-03,2019-Q1,3.934426229508197,228.75,879.0,219.75,Moderate Margin (0-20%),No Discount (0%)
B-26064,2019-03-16,2019-03-19,Same Day Delivery,IND-CUST-1331,Ankita,Consumer,India,Mumbai,Maharashtra,400001,West,IND-PRD-11395,Clothing,T-shirt,T-shirt - Grade Premium,1830.0,6,0.15,456.0,3,2019,3,Mar,Q1,Saturday,2019-03,2019-Q1,24.91803278688525,305.0,1374.0,229.0,High Margin (>20%),Moderate Discount (1-20%)
B-26064,2019-03-16,2019-03-18,BlueDart Express,IND-CUST-1331,Ankita,Corporate,India,Mumbai,Maharashtra,400001,West,IND-PRD-11396,Clothing,Saree,Saree - Grade Standard,330.0,2,0.1,0.0,2,2019,3,Mar,Q1,Saturday,2019-03,2019-Q1,0.0,165.0,330.0,165.0,Moderate Margin (0-20%),Moderate Discount (1-20%)
B-26065,2019-03-16,2019-03-18,Standard Express,IND-CUST-1054,Nida,Corporate,India,Indore,Madhya Pradesh,452001,Central,IND-PRD-11397,Clothing,Stole,Stole - Grade B,2190.0,5,0.1,228.0,2,2019,3,Mar,Q1,Saturday,2019-03,2019-Q1,10.41095890410959,438.0,1962.0,392.4,Moderate Margin (0-20%),Moderate Discount (1-20%)
B-26066,2019-03-16,2019-03-17,BlueDart Express,IND-CUST-1055,Priyanka,Consumer,India,Pune,Maharashtra,411001,West,IND-PRD-11398,Clothing,Saree,Saree - Grade Premium,1290.0,2,0.0,264.0,1,2019,3,Mar,Q1,Saturday,2019-03,2019-Q1,20.46511627906977,645.0,1026.0,513.0,High Margin (>20%),No Discount (0%)
B-26067,2019-03-16,2019-03-19,BlueDart Express,IND-CUST-1056,Tulika,Consumer,India,Bhopal,Madhya Pradesh,400001,Central,IND-PRD-11399,Furniture,Bookcases,Bookcases - Grade A,9270.0,4,0.15,324.0,3,2019,3,Mar,Q1,Saturday,2019-03,2019-Q1,3.4951456310679614,2317.5,8946.0,2236.5,Moderate Margin (0-20%),Moderate Discount (1-20%)
B-26067,2019-03-16,2019-03-19,Standard Express,IND-CUST-1056,Tulika,Consumer,India,Bhopal,Madhya Pradesh,400001,Central,IND-PRD-11400,Clothing,Hankerchief,Hankerchief - Grade Premium,795.0,4,0.0,24.0,3,2019,3,Mar,Q1,Saturday,2019-03,2019-Q1,3.018867924528302,198.75,771.0,192.75,Moderate Margin (0-20%),No Discount (0%)
B-26067,2019-03-16,2019-03-21,BlueDart Express,IND-CUST-1056,Tulika,Corporate,India,Bhopal,Madhya Pradesh,400001,Central,IND-PRD-11401,Clothing,Saree,Saree - Grade A,16800.0,6,0.0,2388.0,5,2019,3,Mar,Q1,Saturday,2019-03,2019-Q1,14.214285714285715,2800.0,14412.0,2402.0,Moderate Margin (0-20%),No Discount (0%)
B-26067,2019-03-16,2019-03-21,Standard Express,IND-CUST-1056,Tulika,Corporate,India,Bhopal,Madhya Pradesh,400001,Central,IND-PRD-11402,Electronics,Printers,Printers - Grade Premium,17055.0,7,0.05,-168.0,5,2019,3,Mar,Q1,Saturday,2019-03,2019-Q1,-0.9850483729111699,2436.4285714285716,17223.0,2460.4285714285716,Loss-Making (<0%),Moderate Discount (1-20%)
B-26067,2019-03-16,2019-03-17,BlueDart Express,IND-CUST-1056,Tulika,Consumer,India,Bhopal,Madhya Pradesh,400001,Central,IND-PRD-11403,Clothing,T-shirt,T-shirt - Grade Standard,1005.0,4,0.0,24.0,1,2019,3,Mar,Q1,Saturday,2019-03,2019-Q1,2.3880597014925375,251.25,981.0,245.25,Moderate Margin (0-20%),No Discount (0%)
B-26068,2019-03-16,2019-03-17,Same Day Delivery,IND-CUST-1057,Shefali,Corporate,India,Jaipur,Rajasthan,302001,North,IND-PRD-11404,Electronics,Accessories,Accessories - Grade B,2895.0,5,0.0,396.0,1,2019,3,Mar,Q1,Saturday,2019-03,2019-Q1,13.678756476683937,579.0,2499.0,499.8,Moderate Margin (0-20%),No Discount (0%)
B-26069,2019-03-17,2019-03-21,Same Day Delivery,IND-CUST-1058,Sanskriti,Consumer,India,Kolkata,West Bengal,700001,East,IND-PRD-11405,Clothing,Kurti,Kurti - Grade Standard,825.0,2,0.1,216.0,4,2019,3,Mar,Q1,Sunday,2019-03,2019-Q1,26.181818181818183,412.5,609.0,304.5,High Margin (>20%),Moderate Discount (1-20%)
B-26070,2019-03-18,2019-03-23,BlueDart Express,IND-CUST-1059,Shruti,Consumer,India,Bangalore,Karnataka,560001,South,IND-PRD-11406,Clothing,Shirt,Shirt - Grade Premium,810.0,4,0.1,144.0,5,2019,3,Mar,Q1,Monday,2019-03,2019-Q1,17.77777777777778,202.5,666.0,166.5,Moderate Margin (0-20%),Moderate Discount (1-20%)
B-26070,2019-03-18,2019-03-20,BlueDart Express,IND-CUST-1059,Shruti,Small Business,India,Bangalore,Karnataka,560001,South,IND-PRD-11407,Furniture,Furnishings,Furnishings - Grade B,8730.0,5,0.15,3144.0,2,2019,3,Mar,Q1,Monday,2019-03,2019-Q1,36.013745704467354,1746.0,5586.0,1117.2,High Margin (>20%),Moderate Discount (1-20%)
B-26070,2019-03-18,2019-03-21,Standard Express,IND-CUST-1059,Shruti,Consumer,India,Bangalore,Karnataka,560001,South,IND-PRD-11408,Clothing,Trousers,Trousers - Grade A,1125.0,1,0.05,348.0,3,2019,3,Mar,Q1,Monday,2019-03,2019-Q1,30.933333333333334,1125.0,777.0,777.0,High Margin (>20%),Moderate Discount (1-20%)
B-26070,2019-03-18,2019-03-19,Same Day Delivery,IND-CUST-1059,Shruti,Consumer,India,Bangalore,Karnataka,560001,South,IND-PRD-11409,Clothing,Hankerchief,Hankerchief - Grade Premium,210.0,2,0.0,84.0,1,2019,3,Mar,Q1,Monday,2019-03,2019-Q1,40.0,105.0,126.0,63.0,High Margin (>20%),No Discount (0%)
B-26071,2019-03-19,2019-03-22,Standard Express,IND-CUST-1060,Subhashree,Consumer,India,Kashmir,Jammu and Kashmir,400001,North,IND-PRD-11410,Clothing,Hankerchief,Hankerchief - Grade B,315.0,3,0.0,48.0,3,2019,3,Mar,Q1,Tuesday,2019-03,2019-Q1,15.238095238095239,105.0,267.0,89.0,Moderate Margin (0-20%),No Discount (0%)
B-26072,2019-03-20,2019-03-23,BlueDart Express,IND-CUST-1061,Sweta,Consumer,India,Mumbai,Maharashtra,400001,West,IND-PRD-11411,Electronics,Electronic Games,Electronic Games - Grade A,4695.0,3,0.3,528.0,3,2019,3,Mar,Q1,Wednesday,2019-03,2019-Q1,11.246006389776358,1565.0,4167.0,1389.0,Moderate Margin (0-20%),High Discount (>20%)
B-26073,2019-03-21,2019-03-25,Standard Express,IND-CUST-1062,Pournamasi,Consumer,India,Indore,Madhya Pradesh,452001,Central,IND-PRD-11412,Clothing,Hankerchief,Hankerchief - Grade A,555.0,3,0.1,204.0,4,2019,3,Mar,Q1,Thursday,2019-03,2019-Q1,36.75675675675676,185.0,351.0,117.0,High Margin (>20%),Moderate Discount (1-20%)
B-26073,2019-03-21,2019-03-26,Standard Express,IND-CUST-1062,Pournamasi,Consumer,India,Indore,Madhya Pradesh,452001,Central,IND-PRD-11413,Clothing,Stole,Stole - Grade Standard,4350.0,9,0.15,1320.0,5,2019,3,Mar,Q1,Thursday,2019-03,2019-Q1,30.344827586206897,483.3333333333333,3030.0,336.6666666666667,High Margin (>20%),Moderate Discount (1-20%)
B-26073,2019-03-21,2019-03-22,BlueDart Express,IND-CUST-1062,Pournamasi,Corporate,India,Indore,Madhya Pradesh,452001,Central,IND-PRD-11414,Clothing,Hankerchief,Hankerchief - Grade Premium,1830.0,4,0.0,132.0,1,2019,3,Mar,Q1,Thursday,2019-03,2019-Q1,7.213114754098362,457.5,1698.0,424.5,Moderate Margin (0-20%),No Discount (0%)
B-26073,2019-03-21,2019-03-24,Standard Express,IND-CUST-1062,Pournamasi,Consumer,India,Indore,Madhya Pradesh,452001,Central,IND-PRD-11415,Clothing,Saree,Saree - Grade A,435.0,3,0.1,108.0,3,2019,3,Mar,Q1,Thursday,2019-03,2019-Q1,24.82758620689655,145.0,327.0,109.0,High Margin (>20%),Moderate Discount (1-20%)
B-26073,2019-03-21,2019-03-22,BlueDart Express,IND-CUST-1062,Pournamasi,Consumer,India,Indore,Madhya Pradesh,452001,Central,IND-PRD-11416,Electronics,Printers,Printers - Grade B,22710.0,4,0.0,8904.0,1,2019,3,Mar,Q1,Thursday,2019-03,2019-Q1,39.20739762219287,5677.5,13806.0,3451.5,High Margin (>20%),No Discount (0%)
B-26074,2019-03-21,2019-03-23,Standard Express,IND-CUST-1000,Bharat,Consumer,India,Ahmedabad,Gujarat,380001,West,IND-PRD-11417,Clothing,Leggings,Leggings - Grade A,855.0,4,0.1,252.0,2,2019,3,Mar,Q1,Thursday,2019-03,2019-Q1,29.47368421052631,213.75,603.0,150.75,High Margin (>20%),Moderate Discount (1-20%)
B-26075,2019-03-21,2019-03-25,Standard Express,IND-CUST-1001,Pearl,Consumer,India,Pune,Maharashtra,411001,West,IND-PRD-11418,Clothing,Stole,Stole - Grade A,510.0,2,0.2,144.0,4,2019,3,Mar,Q1,Thursday,2019-03,2019-Q1,28.235294117647058,255.0,366.0,183.0,High Margin (>20%),Moderate Discount (1-20%)
B-26076,2019-03-21,2019-03-23,BlueDart Express,IND-CUST-1002,Jahan,Corporate,India,Bhopal,Madhya Pradesh,400001,Central,IND-PRD-11419,Clothing,Stole,Stole - Grade Standard,1365.0,2,0.25,264.0,2,2019,3,Mar,Q1,Thursday,2019-03,2019-Q1,19.340659340659343,682.5,1101.0,550.5,Moderate Margin (0-20%),High Discount (>20%)
B-26076,2019-03-21,2019-03-22,Standard Express,IND-CUST-1002,Jahan,Small Business,India,Bhopal,Madhya Pradesh,400001,Central,IND-PRD-11420,Clothing,Shirt,Shirt - Grade Standard,1995.0,5,0.1,552.0,1,2019,3,Mar,Q1,Thursday,2019-03,2019-Q1,27.669172932330827,399.0,1443.0,288.6,High Margin (>20%),Moderate Discount (1-20%)
B-26076,2019-03-21,2019-03-22,Standard Express,IND-CUST-1002,Jahan,Consumer,India,Bhopal,Madhya Pradesh,400001,Central,IND-PRD-11421,Clothing,T-shirt,T-shirt - Grade B,900.0,2,0.05,156.0,1,2019,3,Mar,Q1,Thursday,2019-03,2019-Q1,17.333333333333336,450.0,744.0,372.0,Moderate Margin (0-20%),Moderate Discount (1-20%)
B-26076,2019-03-21,2019-03-26,BlueDart Express,IND-CUST-1002,Jahan,Small Business,India,Bhopal,Madhya Pradesh,400001,Central,IND-PRD-11422,Clothing,Saree,Saree - Grade Standard,285.0,2,0.25,48.0,5,2019,3,Mar,Q1,Thursday,2019-03,2019-Q1,16.842105263157894,142.5,237.0,118.5,Moderate Margin (0-20%),High Discount (>20%)
B-26076,2019-03-21,2019-03-24,Standard Express,IND-CUST-1002,Jahan,Corporate,India,Bhopal,Madhya Pradesh,400001,Central,IND-PRD-11423,Furniture,Bookcases,Bookcases - Grade A,6750.0,4,0.1,2280.0,3,2019,3,Mar,Q1,Thursday,2019-03,2019-Q1,33.77777777777778,1687.5,4470.0,1117.5,High Margin (>20%),Moderate Discount (1-20%)
B-26077,2019-03-22,2019-03-25,Same Day Delivery,IND-CUST-1003,Divsha,Corporate,India,Jaipur,Rajasthan,302001,North,IND-PRD-11424,Clothing,Hankerchief,Hankerchief - Grade A,930.0,7,0.0,132.0,3,2019,3,Mar,Q1,Friday,2019-03,2019-Q1,14.193548387096774,132.85714285714286,798.0,114.0,Moderate Margin (0-20%),No Discount (0%)
B-26078,2019-03-22,2019-03-24,Standard Express,IND-CUST-1004,Kasheen,Consumer,India,Kolkata,West Bengal,700001,East,IND-PRD-11425,Clothing,Skirt,Skirt - Grade Standard,255.0,2,0.05,96.0,2,2019,3,Mar,Q1,Friday,2019-03,2019-Q1,37.64705882352941,127.5,159.0,79.5,High Margin (>20%),Moderate Discount (1-20%)
B-26078,2019-03-22,2019-03-26,Standard Express,IND-CUST-1004,Kasheen,Consumer,India,Kolkata,West Bengal,700001,East,IND-PRD-11426,Clothing,T-shirt,T-shirt - Grade A,660.0,2,0.0,240.0,4,2019,3,Mar,Q1,Friday,2019-03,2019-Q1,36.36363636363637,330.0,420.0,210.0,High Margin (>20%),No Discount (0%)
B-26078,2019-03-22,2019-03-25,BlueDart Express,IND-CUST-1004,Kasheen,Consumer,India,Kolkata,West Bengal,700001,East,IND-PRD-11427,Electronics,Electronic Games,Electronic Games - Grade A,8355.0,2,0.05,1332.0,3,2019,3,Mar,Q1,Friday,2019-03,2019-Q1,15.942549371633753,4177.5,7023.0,3511.5,Moderate Margin (0-20%),Moderate Discount (1-20%)
B-26078,2019-03-22,2019-03-27,Standard Express,IND-CUST-1004,Kasheen,Corporate,India,Kolkata,West Bengal,700001,East,IND-PRD-11428,Clothing,Stole,Stole - Grade B,2055.0,3,0.05,756.0,5,2019,3,Mar,Q1,Friday,2019-03,2019-Q1,36.78832116788321,685.0,1299.0,433.0,High Margin (>20%),Moderate Discount (1-20%)
B-26079,2019-03-22,2019-03-24,Standard Express,IND-CUST-1005,Hazel,Consumer,India,Bangalore,Karnataka,560001,South,IND-PRD-11429,Clothing,Hankerchief,Hankerchief - Grade Standard,270.0,2,0.1,36.0,2,2019,3,Mar,Q1,Friday,2019-03,2019-Q1,13.333333333333334,135.0,234.0,117.0,Moderate Margin (0-20%),Moderate Discount (1-20%)
B-26080,2019-03-22,2019-03-24,Standard Express,IND-CUST-1006,Sonakshi,Small Business,India,Kashmir,Jammu and Kashmir,400001,North,IND-PRD-11430,Clothing,T-shirt,T-shirt - Grade A,1635.0,6,0.05,420.0,2,2019,3,Mar,Q1,Friday,2019-03,2019-Q1,25.688073394495415,272.5,1215.0,202.5,High Margin (>20%),Moderate Discount (1-20%)
B-26081,2019-03-22,2019-03-27,Standard Express,IND-CUST-1007,Aarushi,Consumer,India,Chennai,Tamil Nadu,600001,South,IND-PRD-11431,Furniture,Bookcases,Bookcases - Grade Standard,5385.0,5,0.0,-4056.0,5,2019,3,Mar,Q1,Friday,2019-03,2019-Q1,-75.32033426183844,1077.0,9441.0,1888.2,Loss-Making (<0%),No Discount (0%)
B-26081,2019-03-22,2019-03-26,Same Day Delivery,IND-CUST-1007,Aarushi,Consumer,India,Chennai,Tamil Nadu,600001,South,IND-PRD-11432,Clothing,Saree,Saree - Grade B,1395.0,3,0.1,-1008.0,4,2019,3,Mar,Q1,Friday,2019-03,2019-Q1,-72.25806451612902,465.0,2403.0,801.0,Loss-Making (<0%),Moderate Discount (1-20%)
B-26081,2019-03-22,2019-03-27,Standard Express,IND-CUST-1007,Aarushi,Corporate,India,Chennai,Tamil Nadu,600001,South,IND-PRD-11433,Electronics,Accessories,Accessories - Grade Standard,2535.0,3,0.15,0.0,5,2019,3,Mar,Q1,Friday,2019-03,2019-Q1,0.0,845.0,2535.0,845.0,Moderate Margin (0-20%),Moderate Discount (1-20%)
B-26081,2019-03-22,2019-03-26,Same Day Delivery,IND-CUST-1007,Aarushi,Consumer,India,Chennai,Tamil Nadu,600001,South,IND-PRD-11434,Clothing,Stole,Stole - Grade A,1185.0,4,0.1,396.0,4,2019,3,Mar,Q1,Friday,2019-03,2019-Q1,33.41772151898734,296.25,789.0,197.25,High Margin (>20%),Moderate Discount (1-20%)
B-26081,2019-03-22,2019-03-27,Same Day Delivery,IND-CUST-1007,Aarushi,Consumer,India,Chennai,Tamil Nadu,600001,South,IND-PRD-11435,Clothing,Hankerchief,Hankerchief - Grade Standard,360.0,3,0.05,132.0,5,2019,3,Mar,Q1,Friday,2019-03,2019-Q1,36.666666666666664,120.0,228.0,76.0,High Margin (>20%),Moderate Discount (1-20%)
B-26081,2019-03-22,2019-03-27,Standard Express,IND-CUST-1007,Aarushi,Corporate,India,Chennai,Tamil Nadu,600001,South,IND-PRD-11436,Clothing,Saree,Saree - Grade A,9555.0,5,0.25,600.0,5,2019,3,Mar,Q1,Friday,2019-03,2019-Q1,6.279434850863422,1911.0,8955.0,1791.0,Moderate Margin (0-20%),High Discount (>20%)
B-26082,2019-03-23,2019-03-24,India Post Parcel,IND-CUST-1008,Jitesh,Small Business,India,Lucknow,Uttar Pradesh,226001,North,IND-PRD-11437,Clothing,Stole,Stole - Grade A,1425.0,2,0.2,60.0,1,2019,3,Mar,Q1,Saturday,2019-03,2019-Q1,4.2105263157894735,712.5,1365.0,682.5,Moderate Margin (0-20%),Moderate Discount (1-20%)
B-26083,2019-03-24,2019-03-26,Standard Express,IND-CUST-1009,Yogesh,Corporate,India,Patna,Bihar,400001,East,IND-PRD-11438,Clothing,Leggings,Leggings - Grade A,645.0,3,0.0,96.0,2,2019,3,Mar,Q1,Sunday,2019-03,2019-Q1,14.883720930232558,215.0,549.0,183.0,Moderate Margin (0-20%),No Discount (0%)
B-26083,2019-03-24,2019-03-29,India Post Parcel,IND-CUST-1009,Yogesh,Corporate,India,Patna,Bihar,400001,East,IND-PRD-11439,Clothing,T-shirt,T-shirt - Grade B,2175.0,3,0.0,192.0,5,2019,3,Mar,Q1,Sunday,2019-03,2019-Q1,8.827586206896552,725.0,1983.0,661.0,Moderate Margin (0-20%),No Discount (0%)
B-26083,2019-03-24,2019-03-29,Standard Express,IND-CUST-1009,Yogesh,Corporate,India,Patna,Bihar,400001,East,IND-PRD-11440,Clothing,Saree,Saree - Grade Standard,510.0,3,0.15,36.0,5,2019,3,Mar,Q1,Sunday,2019-03,2019-Q1,7.0588235294117645,170.0,474.0,158.0,Moderate Margin (0-20%),Moderate Discount (1-20%)
B-26083,2019-03-24,2019-03-27,BlueDart Express,IND-CUST-1009,Yogesh,Small Business,India,Patna,Bihar,400001,East,IND-PRD-11441,Electronics,Accessories,Accessories - Grade B,2145.0,2,0.15,72.0,3,2019,3,Mar,Q1,Sunday,2019-03,2019-Q1,3.3566433566433567,1072.5,2073.0,1036.5,Moderate Margin (0-20%),Moderate Discount (1-20%)
B-26083,2019-03-24,2019-03-26,BlueDart Express,IND-CUST-1009,Yogesh,Consumer,India,Patna,Bihar,400001,East,IND-PRD-11442,Electronics,Accessories,Accessories - Grade Standard,675.0,1,0.25,204.0,2,2019,3,Mar,Q1,Sunday,2019-03,2019-Q1,30.22222222222222,675.0,471.0,471.0,High Margin (>20%),High Discount (>20%)
B-26084,2019-03-25,2019-03-28,Standard Express,IND-CUST-1010,Anita,Consumer,India,Thiruvananthapuram,Kerala,400001,Central,IND-PRD-11443,Electronics,Electronic Games,Electronic Games - Grade B,3135.0,4,0.2,-756.0,3,2019,3,Mar,Q1,Monday,2019-03,2019-Q1,-24.114832535885167,783.75,3891.0,972.75,Loss-Making (<0%),Moderate Discount (1-20%)
B-26085,2019-03-26,2019-03-28,BlueDart Express,IND-CUST-1011,Shrichand,Consumer,India,Chandigarh,Punjab,400001,North,IND-PRD-11444,Clothing,Saree,Saree - Grade Premium,1290.0,2,0.1,264.0,2,2019,3,Mar,Q1,Tuesday,2019-03,2019-Q1,20.46511627906977,645.0,1026.0,513.0,High Margin (>20%),Moderate Discount (1-20%)
B-26085,2019-03-26,2019-03-29,BlueDart Express,IND-CUST-1011,Shrichand,Consumer,India,Chandigarh,Punjab,400001,North,IND-PRD-11445,Clothing,Trousers,Trousers - Grade A,22305.0,3,0.1,7488.0,3,2019,3,Mar,Q1,Tuesday,2019-03,2019-Q1,33.570948217888365,7435.0,14817.0,4939.0,High Margin (>20%),Moderate Discount (1-20%)
B-26085,2019-03-26,2019-03-31,Standard Express,IND-CUST-1011,Shrichand,Corporate,India,Chandigarh,Punjab,400001,North,IND-PRD-11446,Clothing,Stole,Stole - Grade A,600.0,2,0.0,204.0,5,2019,3,Mar,Q1,Tuesday,2019-03,2019-Q1,34.0,300.0,396.0,198.0,High Margin (>20%),No Discount (0%)
B-26085,2019-03-26,2019-03-31,Standard Express,IND-CUST-1011,Shrichand,Corporate,India,Chandigarh,Punjab,400001,North,IND-PRD-11447,Clothing,Saree,Saree - Grade B,1980.0,3,0.0,-120.0,5,2019,3,Mar,Q1,Tuesday,2019-03,2019-Q1,-6.0606060606060606,660.0,2100.0,700.0,Loss-Making (<0%),No Discount (0%)
B-26086,2019-03-26,2019-03-27,BlueDart Express,IND-CUST-1012,Mukesh,Corporate,India,Chandigarh,Haryana,400001,North,IND-PRD-11448,Clothing,T-shirt,T-shirt - Grade Premium,645.0,2,0.05,204.0,1,2019,3,Mar,Q1,Tuesday,2019-03,2019-Q1,31.627906976744185,322.5,441.0,220.5,High Margin (>20%),Moderate Discount (1-20%)
B-26086,2019-03-26,2019-03-29,BlueDart Express,IND-CUST-1012,Mukesh,Consumer,India,Chandigarh,Haryana,400001,North,IND-PRD-11449,Electronics,Printers,Printers - Grade A,11430.0,6,0.1,1212.0,3,2019,3,Mar,Q1,Tuesday,2019-03,2019-Q1,10.603674540682414,1905.0,10218.0,1703.0,Moderate Margin (0-20%),Moderate Discount (1-20%)
B-26086,2019-03-26,2019-03-30,India Post Parcel,IND-CUST-1012,Mukesh,Corporate,India,Chandigarh,Haryana,400001,North,IND-PRD-11450,Clothing,Hankerchief,Hankerchief - Grade Standard,375.0,2,0.1,24.0,4,2019,3,Mar,Q1,Tuesday,2019-03,2019-Q1,6.4,187.5,351.0,175.5,Moderate Margin (0-20%),Moderate Discount (1-20%)
B-26087,2019-03-26,2019-03-27,Same Day Delivery,IND-CUST-1013,Vandana,Consumer,India,Simla,Himachal Pradesh,400001,Central,IND-PRD-11451,Clothing,Saree,Saree - Grade B,1785.0,7,0.15,672.0,1,2019,3,Mar,Q1,Tuesday,2019-03,2019-Q1,37.64705882352941,255.0,1113.0,159.0,High Margin (>20%),Moderate Discount (1-20%)
B-26087,2019-03-26,2019-03-29,India Post Parcel,IND-CUST-1013,Vandana,Corporate,India,Simla,Himachal Pradesh,400001,Central,IND-PRD-11452,Clothing,Hankerchief,Hankerchief - Grade A,690.0,3,0.0,156.0,3,2019,3,Mar,Q1,Tuesday,2019-03,2019-Q1,22.608695652173914,230.0,534.0,178.0,High Margin (>20%),No Discount (0%)
B-26087,2019-03-26,2019-03-29,BlueDart Express,IND-CUST-1013,Vandana,Corporate,India,Simla,Himachal Pradesh,400001,Central,IND-PRD-11453,Electronics,Electronic Games,Electronic Games - Grade A,4665.0,1,0.1,480.0,3,2019,3,Mar,Q1,Tuesday,2019-03,2019-Q1,10.289389067524116,4665.0,4185.0,4185.0,Moderate Margin (0-20%),Moderate Discount (1-20%)
B-26087,2019-03-26,2019-03-27,Standard Express,IND-CUST-1013,Vandana,Consumer,India,Simla,Himachal Pradesh,400001,Central,IND-PRD-11454,Clothing,Stole,Stole - Grade B,600.0,2,0.0,120.0,1,2019,3,Mar,Q1,Tuesday,2019-03,2019-Q1,20.0,300.0,480.0,240.0,Moderate Margin (0-20%),No Discount (0%)
B-26087,2019-03-26,2019-03-31,Standard Express,IND-CUST-1013,Vandana,Consumer,India,Simla,Himachal Pradesh,400001,Central,IND-PRD-11455,Clothing,Stole,Stole - Grade B,2700.0,8,0.05,0.0,5,2019,3,Mar,Q1,Tuesday,2019-03,2019-Q1,0.0,337.5,2700.0,337.5,Moderate Margin (0-20%),Moderate Discount (1-20%)
B-26088,2019-03-26,2019-03-29,Same Day Delivery,IND-CUST-1014,Bhavna,Consumer,India,Gangtok,Sikkim,400001,Central,IND-PRD-11456,Clothing,Hankerchief,Hankerchief - Grade Standard,165.0,2,0.15,60.0,3,2019,3,Mar,Q1,Tuesday,2019-03,2019-Q1,36.36363636363637,82.5,105.0,52.5,High Margin (>20%),Moderate Discount (1-20%)
B-26089,2019-03-26,2019-03-31,BlueDart Express,IND-CUST-1015,Kanak,Corporate,India,Goa,Goa,400001,West,IND-PRD-11457,Clothing,Kurti,Kurti - Grade Standard,885.0,6,0.1,288.0,5,2019,3,Mar,Q1,Tuesday,2019-03,2019-Q1,32.54237288135593,147.5,597.0,99.5,High Margin (>20%),Moderate Discount (1-20%)
B-26089,2019-03-26,2019-03-27,Standard Express,IND-CUST-1015,Kanak,Small Business,India,Goa,Goa,400001,West,IND-PRD-11458,Clothing,Hankerchief,Hankerchief - Grade A,405.0,1,0.3,48.0,1,2019,3,Mar,Q1,Tuesday,2019-03,2019-Q1,11.851851851851853,405.0,357.0,357.0,Moderate Margin (0-20%),High Discount (>20%)
B-26089,2019-03-26,2019-03-31,Standard Express,IND-CUST-1015,Kanak,Corporate,India,Goa,Goa,400001,West,IND-PRD-11459,Clothing,Kurti,Kurti - Grade A,2085.0,3,0.0,168.0,5,2019,3,Mar,Q1,Tuesday,2019-03,2019-Q1,8.057553956834532,695.0,1917.0,639.0,Moderate Margin (0-20%),No Discount (0%)
B-26090,2019-03-27,2019-03-29,India Post Parcel,IND-CUST-1016,Sagar,Consumer,India,Kohima,Nagaland,400001,Central,IND-PRD-11460,Clothing,Stole,Stole - Grade B,1200.0,3,0.05,264.0,2,2019,3,Mar,Q1,Wednesday,2019-03,2019-Q1,22.0,400.0,936.0,312.0,High Margin (>20%),Moderate Discount (1-20%)
B-26091,2019-03-27,2019-03-31,BlueDart Express,IND-CUST-1017,Manju,Consumer,India,Hyderabad,Andhra Pradesh,500001,South,IND-PRD-11461,Clothing,Stole,Stole - Grade A,2370.0,3,0.05,828.0,4,2019,3,Mar,Q1,Wednesday,2019-03,2019-Q1,34.93670886075949,790.0,1542.0,514.0,High Margin (>20%),Moderate Discount (1-20%)
B-26091,2019-03-27,2019-03-30,Standard Express,IND-CUST-1017,Manju,Corporate,India,Hyderabad,Andhra Pradesh,500001,South,IND-PRD-11462,Clothing,Hankerchief,Hankerchief - Grade A,435.0,4,0.05,120.0,3,2019,3,Mar,Q1,Wednesday,2019-03,2019-Q1,27.586206896551722,108.75,315.0,78.75,High Margin (>20%),Moderate Discount (1-20%)
B-26091,2019-03-27,2019-03-31,BlueDart Express,IND-CUST-1017,Manju,Corporate,India,Hyderabad,Andhra Pradesh,500001,South,IND-PRD-11463,Clothing,Leggings,Leggings - Grade B,885.0,4,0.2,120.0,4,2019,3,Mar,Q1,Wednesday,2019-03,2019-Q1,13.559322033898304,221.25,765.0,191.25,Moderate Margin (0-20%),Moderate Discount (1-20%)
B-26092,2019-03-27,2019-04-01,Standard Express,IND-CUST-1018,Ramesh,Consumer,India,Ahmedabad,Gujarat,380001,West,IND-PRD-11464,Clothing,T-shirt,T-shirt - Grade A,1455.0,2,0.1,168.0,5,2019,3,Mar,Q1,Wednesday,2019-03,2019-Q1,11.54639175257732,727.5,1287.0,643.5,Moderate Margin (0-20%),Moderate Discount (1-20%)
B-26093,2019-03-27,2019-03-30,Standard Express,IND-CUST-1019,Sarita,Consumer,India,Pune,Maharashtra,411001,West,IND-PRD-11465,Clothing,Saree,Saree - Grade A,495.0,1,0.2,-12.0,3,2019,3,Mar,Q1,Wednesday,2019-03,2019-Q1,-2.4242424242424243,495.0,507.0,507.0,Loss-Making (<0%),Moderate Discount (1-20%)
B-26093,2019-03-27,2019-04-01,Standard Express,IND-CUST-1019,Sarita,Corporate,India,Pune,Maharashtra,411001,West,IND-PRD-11466,Electronics,Printers,Printers - Grade Premium,42705.0,8,0.0,8544.0,5,2019,3,Mar,Q1,Wednesday,2019-03,2019-Q1,20.007024938531785,5338.125,34161.0,4270.125,High Margin (>20%),No Discount (0%)
B-26093,2019-03-27,2019-03-29,Standard Express,IND-CUST-1019,Sarita,Consumer,India,Pune,Maharashtra,411001,West,IND-PRD-11467,Furniture,Bookcases,Bookcases - Grade Standard,12780.0,5,0.2,612.0,2,2019,3,Mar,Q1,Wednesday,2019-03,2019-Q1,4.788732394366197,2556.0,12168.0,2433.6,Moderate Margin (0-20%),Moderate Discount (1-20%)
B-26093,2019-03-27,2019-03-28,Same Day Delivery,IND-CUST-1019,Sarita,Consumer,India,Pune,Maharashtra,411001,West,IND-PRD-11468,Electronics,Accessories,Accessories - Grade B,7380.0,2,0.0,2244.0,1,2019,3,Mar,Q1,Wednesday,2019-03,2019-Q1,30.40650406504065,3690.0,5136.0,2568.0,High Margin (>20%),No Discount (0%)
B-26093,2019-03-27,2019-03-30,Standard Express,IND-CUST-1019,Sarita,Consumer,India,Pune,Maharashtra,411001,West,IND-PRD-11469,Clothing,Leggings,Leggings - Grade Premium,1215.0,5,0.2,492.0,3,2019,3,Mar,Q1,Wednesday,2019-03,2019-Q1,40.49382716049383,243.0,723.0,144.6,High Margin (>20%),Moderate Discount (1-20%)
B-26093,2019-03-27,2019-03-29,Same Day Delivery,IND-CUST-1019,Sarita,Consumer,India,Pune,Maharashtra,411001,West,IND-PRD-11470,Clothing,Hankerchief,Hankerchief - Grade Standard,735.0,4,0.05,60.0,2,2019,3,Mar,Q1,Wednesday,2019-03,2019-Q1,8.16326530612245,183.75,675.0,168.75,Moderate Margin (0-20%),Moderate Discount (1-20%)
B-26093,2019-03-27,2019-03-29,Same Day Delivery,IND-CUST-1019,Sarita,Small Business,India,Pune,Maharashtra,411001,West,IND-PRD-11471,Clothing,Saree,Saree - Grade Standard,2220.0,3,0.05,300.0,2,2019,3,Mar,Q1,Wednesday,2019-03,2019-Q1,13.513513513513514,740.0,1920.0,640.0,Moderate Margin (0-20%),Moderate Discount (1-20%)
B-26094,2019-03-27,2019-03-30,Standard Express,IND-CUST-1020,Deepak,Small Business,India,Bhopal,Madhya Pradesh,400001,Central,IND-PRD-11472,Clothing,Stole,Stole - Grade Standard,2280.0,6,0.1,600.0,3,2019,3,Mar,Q1,Wednesday,2019-03,2019-Q1,26.31578947368421,380.0,1680.0,280.0,High Margin (>20%),Moderate Discount (1-20%)
B-26095,2019-03-28,2019-04-02,BlueDart Express,IND-CUST-1021,Monisha,Corporate,India,Jaipur,Rajasthan,302001,North,IND-PRD-11473,Clothing,Kurti,Kurti - Grade Premium,90.0,1,0.25,12.0,5,2019,3,Mar,Q1,Thursday,2019-03,2019-Q1,13.333333333333334,90.0,78.0,78.0,Moderate Margin (0-20%),High Discount (>20%)
B-26096,2019-03-28,2019-03-30,BlueDart Express,IND-CUST-1022,Atharv,Consumer,India,Kolkata,West Bengal,700001,East,IND-PRD-11474,Clothing,Leggings,Leggings - Grade Premium,675.0,3,0.0,108.0,2,2019,3,Mar,Q1,Thursday,2019-03,2019-Q1,16.0,225.0,567.0,189.0,Moderate Margin (0-20%),No Discount (0%)
B-26096,2019-03-28,2019-04-01,Same Day Delivery,IND-CUST-1022,Atharv,Consumer,India,Kolkata,West Bengal,700001,East,IND-PRD-11475,Clothing,Saree,Saree - Grade Standard,1545.0,2,0.05,552.0,4,2019,3,Mar,Q1,Thursday,2019-03,2019-Q1,35.728155339805824,772.5,993.0,496.5,High Margin (>20%),Moderate Discount (1-20%)
B-26096,2019-03-28,2019-03-30,Standard Express,IND-CUST-1022,Atharv,Consumer,India,Kolkata,West Bengal,700001,East,IND-PRD-11476,Clothing,Shirt,Shirt - Grade A,2100.0,4,0.2,672.0,2,2019,3,Mar,Q1,Thursday,2019-03,2019-Q1,32.0,525.0,1428.0,357.0,High Margin (>20%),Moderate Discount (1-20%)
B-26096,2019-03-28,2019-04-02,BlueDart Express,IND-CUST-1022,Atharv,Consumer,India,Kolkata,West Bengal,700001,East,IND-PRD-11477,Electronics,Accessories,Accessories - Grade A,1320.0,3,0.05,132.0,5,2019,3,Mar,Q1,Thursday,2019-03,2019-Q1,10.0,440.0,1188.0,396.0,Moderate Margin (0-20%),Moderate Discount (1-20%)
B-26096,2019-03-28,2019-04-02,BlueDart Express,IND-CUST-1022,Atharv,Corporate,India,Kolkata,West Bengal,700001,East,IND-PRD-11478,Electronics,Phones,Phones - Grade Premium,6765.0,3,0.0,300.0,5,2019,3,Mar,Q1,Thursday,2019-03,2019-Q1,4.434589800443459,2255.0,6465.0,2155.0,Moderate Margin (0-20%),No Discount (0%)
B-26096,2019-03-28,2019-04-01,Standard Express,IND-CUST-1022,Atharv,Consumer,India,Kolkata,West Bengal,700001,East,IND-PRD-11479,Clothing,Trousers,Trousers - Grade Premium,3960.0,3,0.05,-312.0,4,2019,3,Mar,Q1,Thursday,2019-03,2019-Q1,-7.878787878787878,1320.0,4272.0,1424.0,Loss-Making (<0%),Moderate Discount (1-20%)
B-26097,2019-03-28,2019-03-30,Standard Express,IND-CUST-1023,Vini,Consumer,India,Bangalore,Karnataka,560001,South,IND-PRD-11480,Clothing,Hankerchief,Hankerchief - Grade Premium,1455.0,2,0.05,144.0,2,2019,3,Mar,Q1,Thursday,2019-03,2019-Q1,9.896907216494846,727.5,1311.0,655.5,Moderate Margin (0-20%),Moderate Discount (1-20%)
B-26097,2019-03-28,2019-04-02,BlueDart Express,IND-CUST-1023,Vini,Consumer,India,Bangalore,Karnataka,560001,South,IND-PRD-11481,Clothing,Hankerchief,Hankerchief - Grade Standard,210.0,1,0.2,60.0,5,2019,3,Mar,Q1,Thursday,2019-03,2019-Q1,28.57142857142857,210.0,150.0,150.0,High Margin (>20%),Moderate Discount (1-20%)
B-26097,2019-03-28,2019-03-31,BlueDart Express,IND-CUST-1023,Vini,Consumer,India,Bangalore,Karnataka,560001,South,IND-PRD-11482,Clothing,Hankerchief,Hankerchief - Grade A,285.0,2,0.15,96.0,3,2019,3,Mar,Q1,Thursday,2019-03,2019-Q1,33.68421052631579,142.5,189.0,94.5,High Margin (>20%),Moderate Discount (1-20%)
B-26097,2019-03-28,2019-03-29,Standard Express,IND-CUST-1023,Vini,Consumer,India,Bangalore,Karnataka,560001,South,IND-PRD-11483,Clothing,Leggings,Leggings - Grade Premium,585.0,2,0.1,216.0,1,2019,3,Mar,Q1,Thursday,2019-03,2019-Q1,36.92307692307693,292.5,369.0,184.5,High Margin (>20%),Moderate Discount (1-20%)
B-26097,2019-03-28,2019-03-29,BlueDart Express,IND-CUST-1023,Vini,Consumer,India,Bangalore,Karnataka,560001,South,IND-PRD-11484,Furniture,Chairs,Chairs - Grade Premium,2775.0,6,0.3,-312.0,1,2019,3,Mar,Q1,Thursday,2019-03,2019-Q1,-11.243243243243244,462.5,3087.0,514.5,Loss-Making (<0%),High Discount (>20%)
B-26097,2019-03-28,2019-03-29,Standard Express,IND-CUST-1023,Vini,Small Business,India,Bangalore,Karnataka,560001,South,IND-PRD-11485,Electronics,Printers,Printers - Grade B,9945.0,5,0.05,-2544.0,1,2019,3,Mar,Q1,Thursday,2019-03,2019-Q1,-25.58069381598793,1989.0,12489.0,2497.8,Loss-Making (<0%),Moderate Discount (1-20%)
B-26097,2019-03-28,2019-03-30,BlueDart Express,IND-CUST-1023,Vini,Consumer,India,Bangalore,Karnataka,560001,South,IND-PRD-11486,Electronics,Electronic Games,Electronic Games - Grade Standard,10065.0,5,0.0,-3708.0,2,2019,3,Mar,Q1,Thursday,2019-03,2019-Q1,-36.84053651266766,2013.0,13773.0,2754.6,Loss-Making (<0%),No Discount (0%)
B-26098,2019-03-29,2019-04-02,Standard Express,IND-CUST-1024,Pinky,Consumer,India,Kashmir,Jammu and Kashmir,400001,North,IND-PRD-11487,Electronics,Accessories,Accessories - Grade B,1230.0,3,0.0,96.0,4,2019,3,Mar,Q1,Friday,2019-03,2019-Q1,7.804878048780488,410.0,1134.0,378.0,Moderate Margin (0-20%),No Discount (0%)
B-26098,2019-03-29,2019-04-03,Same Day Delivery,IND-CUST-1024,Pinky,Small Business,India,Kashmir,Jammu and Kashmir,400001,North,IND-PRD-11488,Furniture,Chairs,Chairs - Grade A,7455.0,3,0.05,2148.0,5,2019,3,Mar,Q1,Friday,2019-03,2019-Q1,28.812877263581488,2485.0,5307.0,1769.0,High Margin (>20%),Moderate Discount (1-20%)
B-26098,2019-03-29,2019-04-01,Standard Express,IND-CUST-1024,Pinky,Small Business,India,Kashmir,Jammu and Kashmir,400001,North,IND-PRD-11489,Clothing,Leggings,Leggings - Grade B,1440.0,5,0.0,576.0,3,2019,3,Mar,Q1,Friday,2019-03,2019-Q1,40.0,288.0,864.0,172.8,High Margin (>20%),No Discount (0%)
B-26098,2019-03-29,2019-04-01,Standard Express,IND-CUST-1024,Pinky,Corporate,India,Kashmir,Jammu and Kashmir,400001,North,IND-PRD-11490,Clothing,Saree,Saree - Grade B,6135.0,3,0.25,1032.0,3,2019,3,Mar,Q1,Friday,2019-03,2019-Q1,16.82151589242054,2045.0,5103.0,1701.0,Moderate Margin (0-20%),High Discount (>20%)
B-26098,2019-03-29,2019-03-31,Standard Express,IND-CUST-1024,Pinky,Corporate,India,Kashmir,Jammu and Kashmir,400001,North,IND-PRD-11491,Clothing,T-shirt,T-shirt - Grade B,885.0,2,0.15,180.0,2,2019,3,Mar,Q1,Friday,2019-03,2019-Q1,20.33898305084746,442.5,705.0,352.5,High Margin (>20%),Moderate Discount (1-20%)
B-26098,2019-03-29,2019-03-30,Standard Express,IND-CUST-1024,Pinky,Consumer,India,Kashmir,Jammu and Kashmir,400001,North,IND-PRD-11492,Clothing,Skirt,Skirt - Grade Standard,690.0,5,0.0,168.0,1,2019,3,Mar,Q1,Friday,2019-03,2019-Q1,24.347826086956523,138.0,522.0,104.4,High Margin (>20%),No Discount (0%)
B-26099,2019-03-30,2019-04-01,BlueDart Express,IND-CUST-1025,Bhishm,Consumer,India,Mumbai,Maharashtra,400001,West,IND-PRD-11493,Clothing,Skirt,Skirt - Grade A,135.0,1,0.1,36.0,2,2019,3,Mar,Q1,Saturday,2019-03,2019-Q1,26.666666666666668,135.0,99.0,99.0,High Margin (>20%),Moderate Discount (1-20%)
B-26099,2019-03-30,2019-04-03,Standard Express,IND-CUST-1025,Bhishm,Consumer,India,Mumbai,Maharashtra,400001,West,IND-PRD-11494,Clothing,Hankerchief,Hankerchief - Grade B,3105.0,4,0.15,444.0,4,2019,3,Mar,Q1,Saturday,2019-03,2019-Q1,14.299516908212562,776.25,2661.0,665.25,Moderate Margin (0-20%),Moderate Discount (1-20%)
B-26099,2019-03-30,2019-04-03,Same Day Delivery,IND-CUST-1025,Bhishm,Corporate,India,Mumbai,Maharashtra,400001,West,IND-PRD-11495,Electronics,Phones,Phones - Grade Standard,12525.0,5,0.25,3204.0,4,2019,3,Mar,Q1,Saturday,2019-03,2019-Q1,25.580838323353294,2505.0,9321.0,1864.2,High Margin (>20%),High Discount (>20%)
B-26099,2019-03-30,2019-04-04,Standard Express,IND-CUST-1025,Bhishm,Corporate,India,Mumbai,Maharashtra,400001,West,IND-PRD-11496,Clothing,Trousers,Trousers - Grade A,35490.0,5,0.2,6624.0,5,2019,3,Mar,Q1,Saturday,2019-03,2019-Q1,18.664412510566354,7098.0,28866.0,5773.2,Moderate Margin (0-20%),Moderate Discount (1-20%)
B-26100,2019-03-31,2019-04-05,Standard Express,IND-CUST-1026,Hitika,Consumer,India,Indore,Madhya Pradesh,452001,Central,IND-PRD-11497,Furniture,Chairs,Chairs - Grade Premium,12420.0,2,0.1,2760.0,5,2019,3,Mar,Q1,Sunday,2019-03,2019-Q1,22.22222222222222,6210.0,9660.0,4830.0,High Margin (>20%),Moderate Discount (1-20%)
B-26100,2019-03-31,2019-04-04,Standard Express,IND-CUST-1026,Hitika,Consumer,India,Indore,Madhya Pradesh,452001,Central,IND-PRD-11498,Clothing,T-shirt,T-shirt - Grade B,510.0,2,0.15,120.0,4,2019,3,Mar,Q1,Sunday,2019-03,2019-Q1,23.52941176470588,255.0,390.0,195.0,High Margin (>20%),Moderate Discount (1-20%)
B-26100,2019-03-31,2019-04-04,Standard Express,IND-CUST-1026,Hitika,Corporate,India,Indore,Madhya Pradesh,452001,Central,IND-PRD-11499,Clothing,Shirt,Shirt - Grade A,1080.0,2,0.1,192.0,4,2019,3,Mar,Q1,Sunday,2019-03,2019-Q1,17.77777777777778,540.0,888.0,444.0,Moderate Margin (0-20%),Moderate Discount (1-20%)
