Order ID,Order Date,Ship Date,Ship Mode,Customer ID,Customer Name,Segment,Country,City,State,Postal Code,Region,Product ID,Category,Sub-Category,Product Name,Sales,Quantity,Discount,Profit
B-25601,2018-04-01,2018-04-05,BlueDart Express,IND-CUST-1000,Bharat,Consumer,India,Ahmedabad,Gujarat,380001,West,IND-PRD-10000,Furniture,Bookcases,Bookcases - Grade Premium,19125.0,7,0.2,-13776.0
B-25601,2018-04-01,2018-04-06,Standard Express,IND-CUST-1000,Bharat,Consumer,India,Ahmedabad,Gujarat,380001,West,IND-PRD-10001,Clothing,Stole,Stole - Grade A,990.0,5,0.1,-144.0
B-25601,2018-04-01,2018-04-04,Standard Express,IND-CUST-1000,Bharat,Consumer,India,Ahmedabad,Gujarat,380001,West,IND-PRD-10002,Clothing,Hankerchief,Hankerchief - Grade Premium,120.0,3,0.15,-24.0
B-25601,2018-04-01,2018-04-06,BlueDart Express,IND-CUST-1000,Bharat,Consumer,India,Ahmedabad,Gujarat,380001,West,IND-PRD-10003,Electronics,Electronic Games,Electronic Games - Grade Standard,1200.0,4,0.15,-672.0
B-25602,2018-04-01,2018-04-06,Standard Express,IND-CUST-1001,Pearl,Consumer,India,Pune,Maharashtra,411001,West,IND-PRD-10004,Electronics,Phones,Phones - Grade Standard,2520.0,2,0.05,-1332.0
B-25602,2018-04-01,2018-04-03,BlueDart Express,IND-CUST-1001,Pearl,Corporate,India,Pune,Maharashtra,411001,West,IND-PRD-10005,Electronics,Phones,Phones - Grade Standard,6360.0,5,0.05,-3264.0
B-25602,2018-04-01,2018-04-04,Standard Express,IND-CUST-1001,Pearl,Consumer,India,Pune,Maharashtra,411001,West,IND-PRD-10006,Electronics,Phones,Phones - Grade A,39255.0,4,0.15,13812.0
B-25602,2018-04-01,2018-04-04,BlueDart Express,IND-CUST-1001,Pearl,Consumer,India,Pune,Maharashtra,411001,West,IND-PRD-10007,Clothing,Saree,Saree - Grade Standard,8415.0,3,0.05,2544.0
B-25602,2018-04-01,2018-04-04,Standard Express,IND-CUST-1001,Pearl,Small Business,India,Pune,Maharashtra,411001,West,IND-PRD-10008,Clothing,Saree,Saree - Grade A,1785.0,8,0.15,-60.0
B-25603,2018-04-03,2018-04-08,Same Day Delivery,IND-CUST-1002,Jahan,Consumer,India,Bhopal,Madhya Pradesh,400001,Central,IND-PRD-10009,Clothing,Trousers,Trousers - Grade Premium,20325.0,5,0.25,-720.0
B-25603,2018-04-03,2018-04-07,India Post Parcel,IND-CUST-1002,Jahan,Corporate,India,Bhopal,Madhya Pradesh,400001,Central,IND-PRD-10010,Furniture,Chairs,Chairs - Grade Standard,360.0,1,0.1,-360.0
B-25603,2018-04-03,2018-04-06,India Post Parcel,IND-CUST-1002,Jahan,Consumer,India,Bhopal,Madhya Pradesh,400001,Central,IND-PRD-10011,Clothing,Saree,Saree - Grade Premium,2895.0,3,0.15,-1992.0
B-25603,2018-04-03,2018-04-08,BlueDart Express,IND-CUST-1002,Jahan,Corporate,India,Bhopal,Madhya Pradesh,400001,Central,IND-PRD-10012,Clothing,Trousers,Trousers - Grade B,2700.0,3,0.15,60.0
B-25603,2018-04-03,2018-04-05,Standard Express,IND-CUST-1002,Jahan,Corporate,India,Bhopal,Madhya Pradesh,400001,Central,IND-PRD-10013,Clothing,Stole,Stole - Grade Premium,1740.0,4,0.15,192.0
B-25603,2018-04-03,2018-04-07,Same Day Delivery,IND-CUST-1002,Jahan,Consumer,India,Bhopal,Madhya Pradesh,400001,Central,IND-PRD-10014,Clothing,Stole,Stole - Grade B,1605.0,6,0.05,432.0
B-25603,2018-04-03,2018-04-05,Standard Express,IND-CUST-1002,Jahan,Small Business,India,Bhopal,Madhya Pradesh,400001,Central,IND-PRD-10015,Clothing,Hankerchief,Hankerchief - Grade Premium,180.0,2,0.0,12.0
B-25603,2018-04-03,2018-04-07,Standard Express,IND-CUST-1002,Jahan,Consumer,India,Bhopal,Madhya Pradesh,400001,Central,IND-PRD-10016,Clothing,Kurti,Kurti - Grade A,570.0,1,0.05,216.0
B-25604,2018-04-03,2018-04-08,Standard Express,IND-CUST-1003,Divsha,Consumer,India,Jaipur,Rajasthan,302001,North,IND-PRD-10017,Clothing,T-shirt,T-shirt - Grade Premium,975.0,2,0.1,204.0
B-25604,2018-04-03,2018-04-04,BlueDart Express,IND-CUST-1003,Divsha,Corporate,India,Jaipur,Rajasthan,302001,North,IND-PRD-10018,Clothing,Saree,Saree - Grade A,2355.0,9,0.05,60.0
B-25605,2018-04-05,2018-04-09,Same Day Delivery,IND-CUST-1004,Kasheen,Corporate,India,Kolkata,West Bengal,700001,East,IND-PRD-10019,Clothing,Saree,Saree - Grade A,1125.0,7,0.15,0.0
B-25606,2018-04-06,2018-04-08,BlueDart Express,IND-CUST-1005,Hazel,Consumer,India,Bangalore,Karnataka,560001,South,IND-PRD-10020,Clothing,Shirt,Shirt - Grade Standard,1305.0,2,0.05,48.0
B-25607,2018-04-06,2018-04-11,Standard Express,IND-CUST-1006,Sonakshi,Consumer,India,Kashmir,Jammu and Kashmir,400001,North,IND-PRD-10021,Clothing,Leggings,Leggings - Grade A,750.0,4,0.1,180.0
B-25608,2018-04-08,2018-04-12,Standard Express,IND-CUST-1007,Aarushi,Consumer,India,Chennai,Tamil Nadu,600001,South,IND-PRD-10022,Furniture,Tables,Tables - Grade B,20460.0,5,0.0,-22368.0
B-25608,2018-04-08,2018-04-09,India Post Parcel,IND-CUST-1007,Aarushi,Consumer,India,Chennai,Tamil Nadu,600001,South,IND-PRD-10023,Furniture,Chairs,Chairs - Grade Standard,7140.0,3,0.15,0.0
B-25608,2018-04-08,2018-04-09,Standard Express,IND-CUST-1007,Aarushi,Corporate,India,Chennai,Tamil Nadu,600001,South,IND-PRD-10024,Clothing,Hankerchief,Hankerchief - Grade Standard,3855.0,5,0.1,276.0
B-25608,2018-04-08,2018-04-11,BlueDart Express,IND-CUST-1007,Aarushi,Consumer,India,Chennai,Tamil Nadu,600001,South,IND-PRD-10025,Electronics,Printers,Printers - Grade Premium,12840.0,6,0.0,4620.0
B-25609,2018-04-09,2018-04-12,Standard Express,IND-CUST-1008,Jitesh,Consumer,India,Lucknow,Uttar Pradesh,226001,North,IND-PRD-10026,Electronics,Electronic Games,Electronic Games - Grade A,7275.0,4,0.0,348.0
B-25609,2018-04-09,2018-04-11,Same Day Delivery,IND-CUST-1008,Jitesh,Consumer,India,Lucknow,Uttar Pradesh,226001,North,IND-PRD-10027,Clothing,Saree,Saree - Grade A,375.0,4,0.15,-60.0
B-25610,2018-04-09,2018-04-13,BlueDart Express,IND-CUST-1009,Yogesh,Consumer,India,Patna,Bihar,400001,East,IND-PRD-10028,Electronics,Printers,Printers - Grade B,16140.0,4,0.05,-456.0
B-25610,2018-04-09,2018-04-13,Standard Express,IND-CUST-1009,Yogesh,Consumer,India,Patna,Bihar,400001,East,IND-PRD-10029,Clothing,Stole,Stole - Grade Premium,1605.0,4,0.0,-648.0
B-25610,2018-04-09,2018-04-12,Standard Express,IND-CUST-1009,Yogesh,Corporate,India,Patna,Bihar,400001,East,IND-PRD-10030,Electronics,Accessories,Accessories - Grade Premium,1020.0,5,0.25,-660.0
B-25610,2018-04-09,2018-04-13,BlueDart Express,IND-CUST-1009,Yogesh,Small Business,India,Patna,Bihar,400001,East,IND-PRD-10031,Electronics,Printers,Printers - Grade Standard,11715.0,6,0.15,-7128.0
B-25610,2018-04-09,2018-04-13,BlueDart Express,IND-CUST-1009,Yogesh,Corporate,India,Patna,Bihar,400001,East,IND-PRD-10032,Clothing,Saree,Saree - Grade Standard,645.0,3,0.25,0.0
B-25610,2018-04-09,2018-04-10,Standard Express,IND-CUST-1009,Yogesh,Consumer,India,Patna,Bihar,400001,East,IND-PRD-10033,Furniture,Furnishings,Furnishings - Grade Standard,450.0,2,0.05,-60.0
B-25611,2018-04-11,2018-04-14,India Post Parcel,IND-CUST-1010,Anita,Small Business,India,Thiruvananthapuram,Kerala ,400001,Central,IND-PRD-10034,Clothing,Saree,Saree - Grade B,2400.0,2,0.05,-708.0
B-25612,2018-04-12,2018-04-17,Standard Express,IND-CUST-1011,Shrichand,Corporate,India,Chandigarh,Punjab,400001,North,IND-PRD-10035,Furniture,Chairs,Chairs - Grade B,3885.0,2,0.2,-660.0
B-25613,2018-04-12,2018-04-15,Standard Express,IND-CUST-1012,Mukesh,Corporate,India,Chandigarh,Haryana,400001,North,IND-PRD-10036,Clothing,Saree,Saree - Grade Standard,24045.0,9,0.1,0.0
B-25614,2018-04-13,2018-04-18,India Post Parcel,IND-CUST-1013,Vandana,Consumer,India,Simla,Himachal Pradesh,400001,Central,IND-PRD-10037,Furniture,Bookcases,Bookcases - Grade Premium,7410.0,4,0.15,648.0
B-25614,2018-04-13,2018-04-14,Standard Express,IND-CUST-1013,Vandana,Consumer,India,Simla,Himachal Pradesh,400001,Central,IND-PRD-10038,Electronics,Electronic Games,Electronic Games - Grade B,1470.0,2,0.0,-144.0
B-25615,2018-04-15,2018-04-17,BlueDart Express,IND-CUST-1014,Bhavna,Consumer,India,Gangtok,Sikkim,400001,Central,IND-PRD-10039,Clothing,Hankerchief,Hankerchief - Grade Premium,1020.0,5,0.05,240.0
B-25616,2018-04-15,2018-04-19,Standard Express,IND-CUST-1015,Kanak,Consumer,India,Goa,Goa,400001,West,IND-PRD-10040,Clothing,Hankerchief,Hankerchief - Grade Premium,630.0,5,0.0,144.0
B-25616,2018-04-15,2018-04-16,Standard Express,IND-CUST-1015,Kanak,Consumer,India,Goa,Goa,400001,West,IND-PRD-10041,Clothing,Stole,Stole - Grade A,1740.0,5,0.0,-672.0
B-25616,2018-04-15,2018-04-19,India Post Parcel,IND-CUST-1015,Kanak,Consumer,India,Goa,Goa,400001,West,IND-PRD-10042,Clothing,Hankerchief,Hankerchief - Grade Standard,330.0,3,0.0,-24.0
B-25616,2018-04-15,2018-04-17,Standard Express,IND-CUST-1015,Kanak,Consumer,India,Goa,Goa,400001,West,IND-PRD-10043,Clothing,Hankerchief,Hankerchief - Grade A,210.0,3,0.0,-24.0
B-25617,2018-04-17,2018-04-19,Same Day Delivery,IND-CUST-1016,Sagar,Corporate,India,Kohima,Nagaland,400001,Central,IND-PRD-10044,Electronics,Electronic Games,Electronic Games - Grade Standard,4575.0,5,0.25,-3240.0
B-25618,2018-04-18,2018-04-19,Standard Express,IND-CUST-1017,Manju,Consumer,India,Hyderabad,Andhra Pradesh,500001,South,IND-PRD-10045,Furniture,Bookcases,Bookcases - Grade Standard,5430.0,1,0.0,1524.0
B-25618,2018-04-18,2018-04-20,Standard Express,IND-CUST-1017,Manju,Consumer,India,Hyderabad,Andhra Pradesh,500001,South,IND-PRD-10046,Clothing,Hankerchief,Hankerchief - Grade Premium,180.0,2,0.1,0.0
B-25619,2018-04-18,2018-04-23,Standard Express,IND-CUST-1018,Ramesh,Small Business,India,Ahmedabad,Gujarat,380001,West,IND-PRD-10047,Clothing,Saree,Saree - Grade Standard,5295.0,8,0.15,1080.0
B-25620,2018-04-20,2018-04-22,BlueDart Express,IND-CUST-1019,Sarita,Small Business,India,Pune,Maharashtra,411001,West,IND-PRD-10048,Electronics,Printers,Printers - Grade Premium,2895.0,1,0.1,552.0
B-25621,2018-04-20,2018-04-24,Standard Express,IND-CUST-1020,Deepak,Corporate,India,Bhopal,Madhya Pradesh,400001,Central,IND-PRD-10049,Electronics,Electronic Games,Electronic Games - Grade Premium,3495.0,5,0.0,-120.0
B-25621,2018-04-20,2018-04-24,Same Day Delivery,IND-CUST-1020,Deepak,Small Business,India,Bhopal,Madhya Pradesh,400001,Central,IND-PRD-10050,Electronics,Electronic Games,Electronic Games - Grade Standard,3420.0,3,0.15,756.0
B-25621,2018-04-20,2018-04-24,BlueDart Express,IND-CUST-1020,Deepak,Consumer,India,Bhopal,Madhya Pradesh,400001,Central,IND-PRD-10051,Electronics,Phones,Phones - Grade Premium,4995.0,3,0.1,-180.0
B-25622,2018-04-22,2018-04-26,India Post Parcel,IND-CUST-1021,Monisha,Small Business,India,Jaipur,Rajasthan,302001,North,IND-PRD-10052,Clothing,Saree,Saree - Grade Premium,8010.0,3,0.15,0.0
B-25623,2018-04-22,2018-04-27,Standard Express,IND-CUST-1022,Atharv,Consumer,India,Kolkata,West Bengal,700001,East,IND-PRD-10053,Clothing,Stole,Stole - Grade Premium,795.0,4,0.15,12.0
B-25623,2018-04-22,2018-04-25,Same Day Delivery,IND-CUST-1022,Atharv,Consumer,India,Kolkata,West Bengal,700001,East,IND-PRD-10054,Clothing,Stole,Stole - Grade B,2370.0,3,0.25,828.0
B-25623,2018-04-22,2018-04-23,Same Day Delivery,IND-CUST-1022,Atharv,Consumer,India,Kolkata,West Bengal,700001,East,IND-PRD-10055,Clothing,Saree,Saree - Grade Premium,2235.0,4,0.1,-1044.0
B-25623,2018-04-22,2018-04-26,Same Day Delivery,IND-CUST-1022,Atharv,Consumer,India,Kolkata,West Bengal,700001,East,IND-PRD-10056,Clothing,Stole,Stole - Grade B,1575.0,2,0.05,240.0
B-25624,2018-04-22,2018-04-24,Same Day Delivery,IND-CUST-1023,Vini,Consumer,India,Bangalore,Karnataka,560001,South,IND-PRD-10057,Clothing,Hankerchief,Hankerchief - Grade B,390.0,3,0.1,144.0
B-25625,2018-04-23,2018-04-27,Same Day Delivery,IND-CUST-1024,Pinky,Corporate,India,Kashmir,Jammu and Kashmir,400001,North,IND-PRD-10058,Clothing,Hankerchief,Hankerchief - Grade Premium,1455.0,2,0.0,348.0
B-25625,2018-04-23,2018-04-25,BlueDart Express,IND-CUST-1024,Pinky,Corporate,India,Kashmir,Jammu and Kashmir,400001,North,IND-PRD-10059,Clothing,Leggings,Leggings - Grade Premium,885.0,3,0.2,360.0
B-25625,2018-04-23,2018-04-25,Standard Express,IND-CUST-1024,Pinky,Corporate,India,Kashmir,Jammu and Kashmir,400001,North,IND-PRD-10060,Clothing,Saree,Saree - Grade B,9525.0,5,0.0,-4188.0
B-25626,2018-04-23,2018-04-27,Standard Express,IND-CUST-1025,Bhishm,Consumer,India,Mumbai,Maharashtra,400001,West,IND-PRD-10061,Electronics,Phones,Phones - Grade B,690.0,1,0.05,-168.0
B-25626,2018-04-23,2018-04-28,India Post Parcel,IND-CUST-1025,Bhishm,Corporate,India,Mumbai,Maharashtra,400001,West,IND-PRD-10062,Furniture,Chairs,Chairs - Grade Premium,16545.0,3,0.15,-3312.0
B-25627,2018-04-23,2018-04-25,BlueDart Express,IND-CUST-1026,Hitika,Corporate,India,Indore,Madhya Pradesh,452001,Central,IND-PRD-10063,Clothing,Stole,Stole - Grade Premium,825.0,4,0.1,-468.0
B-25628,2018-04-24,2018-04-26,Same Day Delivery,IND-CUST-1027,Pooja,Consumer,India,Patna,Bihar,400001,East,IND-PRD-10064,Clothing,Skirt,Skirt - Grade Standard,675.0,4,0.05,156.0
B-25628,2018-04-24,2018-04-28,BlueDart Express,IND-CUST-1027,Pooja,Corporate,India,Patna,Bihar,400001,East,IND-PRD-10065,Clothing,Saree,Saree - Grade B,360.0,4,0.05,-108.0
B-25628,2018-04-24,2018-04-26,Standard Express,IND-CUST-1027,Pooja,Consumer,India,Patna,Bihar,400001,East,IND-PRD-10066,Furniture,Furnishings,Furnishings - Grade B,525.0,2,0.2,-96.0
B-25629,2018-04-24,2018-04-26,Standard Express,IND-CUST-1028,Hemant,Consumer,India,Thiruvananthapuram,Kerala ,400001,Central,IND-PRD-10067,Clothing,Trousers,Trousers - Grade Standard,23400.0,3,0.05,5052.0
B-25630,2018-04-24,2018-04-28,BlueDart Express,IND-CUST-1029,Sahil,Small Business,India,Chandigarh,Punjab,400001,North,IND-PRD-10068,Clothing,Stole,Stole - Grade B,1995.0,5,0.2,144.0
B-25630,2018-04-24,2018-04-28,Standard Express,IND-CUST-1029,Sahil,Consumer,India,Chandigarh,Punjab,400001,North,IND-PRD-10069,Clothing,Kurti,Kurti - Grade A,1710.0,5,0.0,-468.0
B-25630,2018-04-24,2018-04-25,Standard Express,IND-CUST-1029,Sahil,Consumer,India,Chandigarh,Punjab,400001,North,IND-PRD-10070,Electronics,Phones,Phones - Grade B,2145.0,2,0.15,-1548.0
B-25630,2018-04-24,2018-04-29,BlueDart Express,IND-CUST-1029,Sahil,Small Business,India,Chandigarh,Punjab,400001,North,IND-PRD-10071,Clothing,Stole,Stole - Grade Standard,600.0,3,0.15,-84.0
B-25630,2018-04-24,2018-04-29,Standard Express,IND-CUST-1029,Sahil,Corporate,India,Chandigarh,Punjab,400001,North,IND-PRD-10072,Clothing,T-shirt,T-shirt - Grade A,510.0,4,0.0,-264.0
B-25630,2018-04-24,2018-04-26,BlueDart Express,IND-CUST-1029,Sahil,Consumer,India,Chandigarh,Punjab,400001,North,IND-PRD-10073,Clothing,Kurti,Kurti - Grade Premium,630.0,2,0.05,-312.0
B-25631,2018-04-24,2018-04-29,Standard Express,IND-CUST-1030,Ritu,Consumer,India,Chandigarh,Haryana,400001,North,IND-PRD-10074,Furniture,Furnishings,Furnishings - Grade Standard,1335.0,2,0.0,-1068.0
B-25632,2018-04-25,2018-04-27,Same Day Delivery,IND-CUST-1031,Manish,Consumer,India,Simla,Himachal Pradesh,400001,Central,IND-PRD-10075,Clothing,Leggings,Leggings - Grade Standard,285.0,2,0.15,-24.0
B-25633,2018-04-26,2018-04-27,Standard Express,IND-CUST-1032,Amit,Corporate,India,Gangtok,Sikkim,400001,Central,IND-PRD-10076,Electronics,Phones,Phones - Grade Premium,3735.0,4,0.1,-1560.0
B-25633,2018-04-26,2018-04-30,BlueDart Express,IND-CUST-1032,Amit,Consumer,India,Gangtok,Sikkim,400001,Central,IND-PRD-10077,Clothing,Saree,Saree - Grade Standard,10665.0,4,0.1,-96.0
B-25633,2018-04-26,2018-04-30,Standard Express,IND-CUST-1032,Amit,Consumer,India,Gangtok,Sikkim,400001,Central,IND-PRD-10078,Clothing,Trousers,Trousers - Grade B,7440.0,2,0.0,-948.0
B-25634,2018-04-26,2018-04-30,Standard Express,IND-CUST-1033,Sanjay,Small Business,India,Goa,Goa,400001,West,IND-PRD-10079,Furniture,Chairs,Chairs - Grade Premium,5835.0,3,0.0,-996.0
B-25635,2018-04-26,2018-05-01,Standard Express,IND-CUST-1034,Nidhi,Consumer,India,Kohima,Nagaland,400001,Central,IND-PRD-10080,Clothing,Hankerchief,Hankerchief - Grade Standard,600.0,3,0.0,192.0
B-25635,2018-04-26,2018-04-27,BlueDart Express,IND-CUST-1034,Nidhi,Consumer,India,Kohima,Nagaland,400001,Central,IND-PRD-10081,Clothing,Skirt,Skirt - Grade Premium,345.0,2,0.05,24.0
B-25635,2018-04-26,2018-05-01,BlueDart Express,IND-CUST-1034,Nidhi,Consumer,India,Kohima,Nagaland,400001,Central,IND-PRD-10082,Clothing,Saree,Saree - Grade Premium,5730.0,3,0.1,360.0
B-25636,2018-04-26,2018-05-01,Standard Express,IND-CUST-1035,Nishi,Corporate,India,Mumbai,Maharashtra,400001,West,IND-PRD-10083,Clothing,Saree,Saree - Grade Premium,9555.0,5,0.2,1356.0
B-25637,2018-04-26,2018-04-27,BlueDart Express,IND-CUST-1036,Ashmi,Consumer,India,Indore,Madhya Pradesh,452001,Central,IND-PRD-10084,Clothing,Shirt,Shirt - Grade A,1755.0,3,0.1,168.0
B-25638,2018-04-26,2018-04-27,Same Day Delivery,IND-CUST-1037,Parth,Consumer,India,Pune,Maharashtra,411001,West,IND-PRD-10085,Furniture,Bookcases,Bookcases - Grade Standard,2730.0,3,0.05,-132.0
B-25638,2018-04-26,2018-04-27,Same Day Delivery,IND-CUST-1037,Parth,Corporate,India,Pune,Maharashtra,411001,West,IND-PRD-10086,Furniture,Furnishings,Furnishings - Grade A,13200.0,8,0.25,1164.0
B-25638,2018-04-26,2018-04-27,Standard Express,IND-CUST-1037,Parth,Consumer,India,Pune,Maharashtra,411001,West,IND-PRD-10087,Clothing,Hankerchief,Hankerchief - Grade Standard,2310.0,3,0.15,468.0
B-25638,2018-04-26,2018-04-30,BlueDart Express,IND-CUST-1037,Parth,Consumer,India,Pune,Maharashtra,411001,West,IND-PRD-10088,Electronics,Printers,Printers - Grade B,12240.0,3,0.25,-1152.0
B-25639,2018-04-27,2018-04-30,Standard Express,IND-CUST-1038,Lisha,Consumer,India,Bhopal,Madhya Pradesh,400001,Central,IND-PRD-10089,Electronics,Phones,Phones - Grade B,24435.0,3,0.1,-1836.0
B-25640,2018-04-27,2018-04-30,Standard Express,IND-CUST-1039,Paridhi,Consumer,India,Jaipur,Rajasthan,302001,North,IND-PRD-10090,Clothing,Trousers,Trousers - Grade B,1020.0,2,0.0,-744.0
B-25640,2018-04-27,2018-04-28,India Post Parcel,IND-CUST-1039,Paridhi,Consumer,India,Jaipur,Rajasthan,302001,North,IND-PRD-10091,Clothing,Hankerchief,Hankerchief - Grade Standard,4710.0,13,0.0,-2868.0
B-25640,2018-04-27,2018-04-30,Standard Express,IND-CUST-1039,Paridhi,Consumer,India,Jaipur,Rajasthan,302001,North,IND-PRD-10092,Clothing,Saree,Saree - Grade Premium,1830.0,4,0.15,-564.0
B-25641,2018-04-27,2018-04-30,BlueDart Express,IND-CUST-1040,Parishi,Consumer,India,Kolkata,West Bengal,700001,East,IND-PRD-10093,Furniture,Furnishings,Furnishings - Grade Premium,330.0,1,0.0,-72.0
B-25642,2018-04-28,2018-04-29,BlueDart Express,IND-CUST-1041,Ajay,Consumer,India,Bangalore,Karnataka,560001,South,IND-PRD-10094,Clothing,Shirt,Shirt - Grade A,6510.0,11,0.05,312.0
B-25643,2018-04-29,2018-05-02,BlueDart Express,IND-CUST-1042,Kirti,Corporate,India,Kashmir,Jammu and Kashmir,400001,North,IND-PRD-10095,Furniture,Bookcases,Bookcases - Grade A,15915.0,8,0.1,-432.0
B-25643,2018-04-29,2018-05-04,BlueDart Express,IND-CUST-1042,Kirti,Small Business,India,Kashmir,Jammu and Kashmir,400001,North,IND-PRD-10096,Clothing,Hankerchief,Hankerchief - Grade B,750.0,2,0.1,-528.0
B-25643,2018-04-29,2018-05-01,Standard Express,IND-CUST-1042,Kirti,Corporate,India,Kashmir,Jammu and Kashmir,400001,North,IND-PRD-10097,Clothing,Shirt,Shirt - Grade A,555.0,4,0.1,-276.0
B-25643,2018-04-29,2018-05-01,Standard Express,IND-CUST-1042,Kirti,Small Business,India,Kashmir,Jammu and Kashmir,400001,North,IND-PRD-10098,Electronics,Electronic Games,Electronic Games - Grade Standard,3945.0,2,0.0,-756.0
B-25643,2018-04-29,2018-04-30,BlueDart Express,IND-CUST-1042,Kirti,Consumer,India,Kashmir,Jammu and Kashmir,400001,North,IND-PRD-10099,Electronics,Electronic Games,Electronic Games - Grade Standard,540.0,1,0.05,-84.0
B-25644,2018-04-30,2018-05-04,Standard Express,IND-CUST-1043,Mayank,Small Business,India,Mumbai,Maharashtra,400001,West,IND-PRD-10100,Furniture,Furnishings,Furnishings - Grade A,1140.0,8,0.1,-1104.0
B-25645,2018-05-01,2018-05-02,Standard Express,IND-CUST-1044,Yaanvi,Consumer,India,Indore,Madhya Pradesh,452001,Central,IND-PRD-10101,Electronics,Phones,Phones - Grade A,4095.0,4,0.25,-1044.0
B-25645,2018-05-01,2018-05-05,Standard Express,IND-CUST-1044,Yaanvi,Small Business,India,Indore,Madhya Pradesh,452001,Central,IND-PRD-10102,Clothing,T-shirt,T-shirt - Grade A,1290.0,4,0.15,0.0
B-25645,2018-05-01,2018-05-03,Standard Express,IND-CUST-1044,Yaanvi,Small Business,India,Indore,Madhya Pradesh,452001,Central,IND-PRD-10103,Electronics,Printers,Printers - Grade A,1995.0,1,0.2,-504.0
B-25645,2018-05-01,2018-05-02,Standard Express,IND-CUST-1044,Yaanvi,Corporate,India,Indore,Madhya Pradesh,452001,Central,IND-PRD-10104,Electronics,Phones,Phones - Grade B,2745.0,5,0.15,-792.0
B-25646,2018-05-01,2018-05-06,Standard Express,IND-CUST-1045,Sonal,Small Business,India,Patna,Bihar,400001,East,IND-PRD-10105,Clothing,Saree,Saree - Grade B,300.0,2,0.1,-96.0
B-25647,2018-05-03,2018-05-06,BlueDart Express,IND-CUST-1046,Sharda,Corporate,India,Thiruvananthapuram,Kerala ,400001,Central,IND-PRD-10106,Clothing,Saree,Saree - Grade A,630.0,4,0.0,-72.0
B-25648,2018-05-04,2018-05-08,BlueDart Express,IND-CUST-1047,Aditya,Consumer,India,Chandigarh,Punjab,400001,North,IND-PRD-10107,Electronics,Phones,Phones - Grade Standard,1500.0,1,0.1,-276.0
B-25648,2018-05-04,2018-05-07,Same Day Delivery,IND-CUST-1047,Aditya,Consumer,India,Chandigarh,Punjab,400001,North,IND-PRD-10108,Clothing,T-shirt,T-shirt - Grade B,450.0,1,0.1,156.0
B-25648,2018-05-04,2018-05-07,Standard Express,IND-CUST-1047,Aditya,Corporate,India,Chandigarh,Punjab,400001,North,IND-PRD-10109,Clothing,Saree,Saree - Grade Standard,825.0,4,0.1,-312.0
B-25648,2018-05-04,2018-05-05,Standard Express,IND-CUST-1047,Aditya,Consumer,India,Chandigarh,Punjab,400001,North,IND-PRD-10110,Clothing,Saree,Saree - Grade Premium,1950.0,4,0.05,-492.0
B-25649,2018-05-05,2018-05-08,Standard Express,IND-CUST-1048,Rachna,Corporate,India,Chandigarh,Haryana,400001,North,IND-PRD-10111,Clothing,Stole,Stole - Grade Standard,405.0,2,0.1,-300.0
B-25650,2018-05-06,2018-05-11,BlueDart Express,IND-CUST-1049,Chirag,Small Business,India,Mumbai,Maharashtra,400001,West,IND-PRD-10112,Electronics,Printers,Printers - Grade A,3675.0,2,0.05,-936.0
B-25650,2018-05-06,2018-05-09,BlueDart Express,IND-CUST-1049,Chirag,Consumer,India,Mumbai,Maharashtra,400001,West,IND-PRD-10113,Clothing,Saree,Saree - Grade Premium,3165.0,2,0.1,-1260.0
B-25650,2018-05-06,2018-05-07,Standard Express,IND-CUST-1049,Chirag,Corporate,India,Mumbai,Maharashtra,400001,West,IND-PRD-10114,Clothing,Saree,Saree - Grade B,465.0,2,0.0,-24.0
B-25650,2018-05-06,2018-05-11,India Post Parcel,IND-CUST-1049,Chirag,Small Business,India,Mumbai,Maharashtra,400001,West,IND-PRD-10115,Clothing,Stole,Stole - Grade B,420.0,2,0.15,-312.0
B-25650,2018-05-06,2018-05-08,Standard Express,IND-CUST-1049,Chirag,Small Business,India,Mumbai,Maharashtra,400001,West,IND-PRD-10116,Clothing,Saree,Saree - Grade Premium,7680.0,5,0.0,-2700.0
B-25650,2018-05-06,2018-05-09,BlueDart Express,IND-CUST-1049,Chirag,Small Business,India,Mumbai,Maharashtra,400001,West,IND-PRD-10117,Electronics,Electronic Games,Electronic Games - Grade Standard,13875.0,5,0.0,-5364.0
B-25650,2018-05-06,2018-05-07,BlueDart Express,IND-CUST-1049,Chirag,Consumer,India,Mumbai,Maharashtra,400001,West,IND-PRD-10118,Clothing,Saree,Saree - Grade B,3570.0,2,0.05,240.0
B-25650,2018-05-06,2018-05-08,Same Day Delivery,IND-CUST-1049,Chirag,Small Business,India,Mumbai,Maharashtra,400001,West,IND-PRD-10119,Electronics,Phones,Phones - Grade A,5265.0,8,0.1,-564.0
B-25650,2018-05-06,2018-05-08,BlueDart Express,IND-CUST-1049,Chirag,Corporate,India,Mumbai,Maharashtra,400001,West,IND-PRD-10120,Clothing,Trousers,Trousers - Grade Premium,4035.0,3,0.05,1332.0
B-25651,2018-05-07,2018-05-11,Same Day Delivery,IND-CUST-1050,Anurag,Consumer,India,Indore,Madhya Pradesh,452001,Central,IND-PRD-10121,Furniture,Bookcases,Bookcases - Grade A,3000.0,4,0.0,-720.0
B-25651,2018-05-07,2018-05-12,Standard Express,IND-CUST-1050,Anurag,Consumer,India,Indore,Madhya Pradesh,452001,Central,IND-PRD-10122,Clothing,Stole,Stole - Grade Premium,660.0,3,0.1,-96.0
B-25651,2018-05-07,2018-05-10,Same Day Delivery,IND-CUST-1050,Anurag,Corporate,India,Indore,Madhya Pradesh,452001,Central,IND-PRD-10123,Clothing,Leggings,Leggings - Grade B,105.0,1,0.05,0.0
B-25651,2018-05-07,2018-05-08,Standard Express,IND-CUST-1050,Anurag,Consumer,India,Indore,Madhya Pradesh,452001,Central,IND-PRD-10124,Clothing,Skirt,Skirt - Grade Standard,165.0,2,0.25,-48.0
B-25651,2018-05-07,2018-05-11,Same Day Delivery,IND-CUST-1050,Anurag,Corporate,India,Indore,Madhya Pradesh,452001,Central,IND-PRD-10125,Clothing,T-shirt,T-shirt - Grade Premium,240.0,2,0.2,-120.0
B-25651,2018-05-07,2018-05-12,BlueDart Express,IND-CUST-1050,Anurag,Corporate,India,Indore,Madhya Pradesh,452001,Central,IND-PRD-10126,Furniture,Chairs,Chairs - Grade Premium,2580.0,3,0.1,-1236.0
B-25651,2018-05-07,2018-05-11,Same Day Delivery,IND-CUST-1050,Anurag,Consumer,India,Indore,Madhya Pradesh,452001,Central,IND-PRD-10127,Clothing,Shirt,Shirt - Grade A,735.0,1,0.05,36.0
B-25651,2018-05-07,2018-05-12,BlueDart Express,IND-CUST-1050,Anurag,Corporate,India,Indore,Madhya Pradesh,452001,Central,IND-PRD-10128,Furniture,Chairs,Chairs - Grade B,12345.0,7,0.15,-216.0
B-25651,2018-05-07,2018-05-12,BlueDart Express,IND-CUST-1050,Anurag,Corporate,India,Indore,Madhya Pradesh,452001,Central,IND-PRD-10129,Clothing,Saree,Saree - Grade A,345.0,1,0.0,48.0
B-25651,2018-05-07,2018-05-10,BlueDart Express,IND-CUST-1050,Anurag,Consumer,India,Indore,Madhya Pradesh,452001,Central,IND-PRD-10130,Clothing,Saree,Saree - Grade B,6855.0,4,0.05,-492.0
B-25652,2018-05-08,2018-05-13,BlueDart Express,IND-CUST-1051,Tushina,Consumer,India,Goa,Goa,400001,West,IND-PRD-10131,Clothing,Skirt,Skirt - Grade A,360.0,7,0.05,-252.0
B-25652,2018-05-08,2018-05-12,Standard Express,IND-CUST-1051,Tushina,Consumer,India,Goa,Goa,400001,West,IND-PRD-10132,Clothing,Hankerchief,Hankerchief - Grade Premium,375.0,5,0.2,-24.0
B-25652,2018-05-08,2018-05-13,Standard Express,IND-CUST-1051,Tushina,Consumer,India,Goa,Goa,400001,West,IND-PRD-10133,Electronics,Accessories,Accessories - Grade A,2610.0,3,0.0,-840.0
B-25652,2018-05-08,2018-05-11,Standard Express,IND-CUST-1051,Tushina,Small Business,India,Goa,Goa,400001,West,IND-PRD-10134,Clothing,Saree,Saree - Grade Standard,3090.0,3,0.1,-2472.0
B-25652,2018-05-08,2018-05-11,Standard Express,IND-CUST-1051,Tushina,Consumer,India,Goa,Goa,400001,West,IND-PRD-10135,Clothing,Leggings,Leggings - Grade B,315.0,3,0.15,-156.0
B-25652,2018-05-08,2018-05-12,Same Day Delivery,IND-CUST-1051,Tushina,Corporate,India,Goa,Goa,400001,West,IND-PRD-10136,Clothing,Leggings,Leggings - Grade B,510.0,4,0.05,-72.0
B-25652,2018-05-08,2018-05-10,Standard Express,IND-CUST-1051,Tushina,Consumer,India,Goa,Goa,400001,West,IND-PRD-10137,Clothing,Hankerchief,Hankerchief - Grade Premium,135.0,2,0.0,-72.0
B-25653,2018-05-08,2018-05-10,India Post Parcel,IND-CUST-1052,Farah,Consumer,India,Kohima,Nagaland,400001,Central,IND-PRD-10138,Electronics,Printers,Printers - Grade B,19185.0,8,0.25,-7680.0
B-25653,2018-05-08,2018-05-13,Standard Express,IND-CUST-1052,Farah,Corporate,India,Kohima,Nagaland,400001,Central,IND-PRD-10139,Clothing,Saree,Saree - Grade Standard,420.0,2,0.1,-36.0
B-25653,2018-05-08,2018-05-09,Standard Express,IND-CUST-1052,Farah,Corporate,India,Kohima,Nagaland,400001,Central,IND-PRD-10140,Electronics,Phones,Phones - Grade A,6405.0,7,0.1,-600.0
B-25653,2018-05-08,2018-05-13,Same Day Delivery,IND-CUST-1052,Farah,Consumer,India,Kohima,Nagaland,400001,Central,IND-PRD-10141,Electronics,Accessories,Accessories - Grade Premium,2520.0,3,0.0,-120.0
B-25653,2018-05-08,2018-05-12,BlueDart Express,IND-CUST-1052,Farah,Consumer,India,Kohima,Nagaland,400001,Central,IND-PRD-10142,Furniture,Chairs,Chairs - Grade Standard,19905.0,8,0.05,3816.0
B-25653,2018-05-08,2018-05-12,BlueDart Express,IND-CUST-1052,Farah,Consumer,India,Kohima,Nagaland,400001,Central,IND-PRD-10143,Electronics,Phones,Phones - Grade B,2925.0,5,0.05,-1404.0
B-25653,2018-05-08,2018-05-12,BlueDart Express,IND-CUST-1052,Farah,Consumer,India,Kohima,Nagaland,400001,Central,IND-PRD-10144,Electronics,Accessories,Accessories - Grade B,1725.0,1,0.0,300.0
B-25653,2018-05-08,2018-05-12,BlueDart Express,IND-CUST-1052,Farah,Corporate,India,Kohima,Nagaland,400001,Central,IND-PRD-10145,Electronics,Printers,Printers - Grade Standard,10020.0,3,0.0,-372.0
B-25653,2018-05-08,2018-05-12,Standard Express,IND-CUST-1052,Farah,Consumer,India,Kohima,Nagaland,400001,Central,IND-PRD-10146,Electronics,Accessories,Accessories - Grade A,3405.0,8,0.15,1224.0
B-25654,2018-05-10,2018-05-13,India Post Parcel,IND-CUST-1053,Sabah,Consumer,India,Mumbai,Maharashtra,400001,West,IND-PRD-10147,Clothing,Hankerchief,Hankerchief - Grade A,510.0,3,0.0,144.0
B-25654,2018-05-10,2018-05-12,India Post Parcel,IND-CUST-1053,Sabah,Consumer,India,Mumbai,Maharashtra,400001,West,IND-PRD-10148,Clothing,Saree,Saree - Grade Premium,3435.0,2,0.0,-276.0
B-25654,2018-05-10,2018-05-14,BlueDart Express,IND-CUST-1053,Sabah,Small Business,India,Mumbai,Maharashtra,400001,West,IND-PRD-10149,Clothing,Saree,Saree - Grade B,810.0,3,0.1,-36.0
B-25654,2018-05-10,2018-05-11,Standard Express,IND-CUST-1053,Sabah,Small Business,India,Mumbai,Maharashtra,400001,West,IND-PRD-10150,Electronics,Electronic Games,Electronic Games - Grade Standard,4035.0,2,0.15,-1032.0
B-25654,2018-05-10,2018-05-11,BlueDart Express,IND-CUST-1053,Sabah,Consumer,India,Mumbai,Maharashtra,400001,West,IND-PRD-10151,Furniture,Furnishings,Furnishings - Grade A,1830.0,3,0.0,-252.0
B-25654,2018-05-10,2018-05-11,Standard Express,IND-CUST-1053,Sabah,Corporate,India,Mumbai,Maharashtra,400001,West,IND-PRD-10152,Clothing,Stole,Stole - Grade Premium,1575.0,2,0.1,552.0
B-25654,2018-05-10,2018-05-11,Standard Express,IND-CUST-1053,Sabah,Consumer,India,Mumbai,Maharashtra,400001,West,IND-PRD-10153,Electronics,Printers,Printers - Grade B,6750.0,3,0.0,-1080.0
B-25654,2018-05-10,2018-05-13,Standard Express,IND-CUST-1053,Sabah,Consumer,India,Mumbai,Maharashtra,400001,West,IND-PRD-10154,Furniture,Furnishings,Furnishings - Grade B,1815.0,3,0.0,-204.0
B-25655,2018-05-11,2018-05-12,BlueDart Express,IND-CUST-1054,Nida,Corporate,India,Indore,Madhya Pradesh,452001,Central,IND-PRD-10155,Clothing,Hankerchief,Hankerchief - Grade Premium,660.0,3,0.0,-312.0
B-25655,2018-05-11,2018-05-15,Same Day Delivery,IND-CUST-1054,Nida,Small Business,India,Indore,Madhya Pradesh,452001,Central,IND-PRD-10156,Clothing,Hankerchief,Hankerchief - Grade Premium,105.0,3,0.15,-48.0
B-25655,2018-05-11,2018-05-16,BlueDart Express,IND-CUST-1054,Nida,Small Business,India,Indore,Madhya Pradesh,452001,Central,IND-PRD-10157,Clothing,Saree,Saree - Grade A,5940.0,9,0.0,-372.0
B-25655,2018-05-11,2018-05-12,BlueDart Express,IND-CUST-1054,Nida,Corporate,India,Indore,Madhya Pradesh,452001,Central,IND-PRD-10158,Clothing,Trousers,Trousers - Grade Standard,1455.0,2,0.0,-744.0
B-25655,2018-05-11,2018-05-14,Standard Express,IND-CUST-1054,Nida,Consumer,India,Indore,Madhya Pradesh,452001,Central,IND-PRD-10159,Clothing,Saree,Saree - Grade B,1650.0,4,0.05,-816.0
B-25655,2018-05-11,2018-05-14,Standard Express,IND-CUST-1054,Nida,Corporate,India,Indore,Madhya Pradesh,452001,Central,IND-PRD-10160,Furniture,Chairs,Chairs - Grade Standard,4680.0,7,0.15,-3744.0
B-25655,2018-05-11,2018-05-12,Standard Express,IND-CUST-1054,Nida,Consumer,India,Indore,Madhya Pradesh,452001,Central,IND-PRD-10161,Clothing,Skirt,Skirt - Grade B,135.0,2,0.0,-72.0
B-25655,2018-05-11,2018-05-16,India Post Parcel,IND-CUST-1054,Nida,Corporate,India,Indore,Madhya Pradesh,452001,Central,IND-PRD-10162,Clothing,Hankerchief,Hankerchief - Grade B,90.0,1,0.05,-36.0
B-25655,2018-05-11,2018-05-12,Standard Express,IND-CUST-1054,Nida,Consumer,India,Indore,Madhya Pradesh,452001,Central,IND-PRD-10163,Clothing,Skirt,Skirt - Grade Standard,1110.0,8,0.0,276.0
B-25656,2018-05-11,2018-05-14,Same Day Delivery,IND-CUST-1055,Priyanka,Corporate,India,Pune,Maharashtra,411001,West,IND-PRD-10164,Clothing,Saree,Saree - Grade Premium,8010.0,3,0.05,0.0
B-25656,2018-05-11,2018-05-13,BlueDart Express,IND-CUST-1055,Priyanka,Consumer,India,Pune,Maharashtra,411001,West,IND-PRD-10165,Clothing,Stole,Stole - Grade A,450.0,5,0.1,-60.0
B-25656,2018-05-11,2018-05-15,Standard Express,IND-CUST-1055,Priyanka,Consumer,India,Pune,Maharashtra,411001,West,IND-PRD-10166,Clothing,Saree,Saree - Grade B,915.0,2,0.1,-276.0
B-25656,2018-05-11,2018-05-14,BlueDart Express,IND-CUST-1055,Priyanka,Small Business,India,Pune,Maharashtra,411001,West,IND-PRD-10167,Clothing,Hankerchief,Hankerchief - Grade Premium,90.0,1,0.05,36.0
B-25656,2018-05-11,2018-05-12,BlueDart Express,IND-CUST-1055,Priyanka,Consumer,India,Pune,Maharashtra,411001,West,IND-PRD-10168,Clothing,Hankerchief,Hankerchief - Grade B,360.0,2,0.05,-12.0
B-25656,2018-05-11,2018-05-15,Same Day Delivery,IND-CUST-1055,Priyanka,Consumer,India,Pune,Maharashtra,411001,West,IND-PRD-10169,Clothing,Hankerchief,Hankerchief - Grade A,840.0,2,0.0,216.0
B-25656,2018-05-11,2018-05-12,India Post Parcel,IND-CUST-1055,Priyanka,Consumer,India,Pune,Maharashtra,411001,West,IND-PRD-10170,Clothing,Saree,Saree - Grade B,6090.0,2,0.05,1512.0
B-25656,2018-05-11,2018-05-12,Standard Express,IND-CUST-1055,Priyanka,Consumer,India,Pune,Maharashtra,411001,West,IND-PRD-10171,Electronics,Electronic Games,Electronic Games - Grade A,9360.0,2,0.0,444.0
B-25656,2018-05-11,2018-05-13,Standard Express,IND-CUST-1055,Priyanka,Consumer,India,Pune,Maharashtra,411001,West,IND-PRD-10172,Clothing,Skirt,Skirt - Grade A,1515.0,9,0.15,216.0
B-25656,2018-05-11,2018-05-15,BlueDart Express,IND-CUST-1055,Priyanka,Consumer,India,Pune,Maharashtra,411001,West,IND-PRD-10173,Clothing,Saree,Saree - Grade B,20835.0,7,0.25,8160.0
B-25656,2018-05-11,2018-05-15,India Post Parcel,IND-CUST-1055,Priyanka,Small Business,India,Pune,Maharashtra,411001,West,IND-PRD-10174,Electronics,Printers,Printers - Grade B,9765.0,5,0.25,2028.0
B-25656,2018-05-11,2018-05-13,Standard Express,IND-CUST-1055,Priyanka,Consumer,India,Pune,Maharashtra,411001,West,IND-PRD-10175,Clothing,Hankerchief,Hankerchief - Grade A,195.0,3,0.2,-12.0
B-25657,2018-05-13,2018-05-16,BlueDart Express,IND-CUST-1056,Tulika,Small Business,India,Bhopal,Madhya Pradesh,400001,Central,IND-PRD-10176,Electronics,Electronic Games,Electronic Games - Grade Premium,15315.0,4,0.1,-576.0
B-25657,2018-05-13,2018-05-14,BlueDart Express,IND-CUST-1056,Tulika,Corporate,India,Bhopal,Madhya Pradesh,400001,Central,IND-PRD-10177,Clothing,Saree,Saree - Grade Standard,480.0,5,0.15,-264.0
B-25657,2018-05-13,2018-05-18,BlueDart Express,IND-CUST-1056,Tulika,Consumer,India,Bhopal,Madhya Pradesh,400001,Central,IND-PRD-10178,Electronics,Phones,Phones - Grade A,4980.0,6,0.0,-516.0
B-25657,2018-05-13,2018-05-14,Standard Express,IND-CUST-1056,Tulika,Corporate,India,Bhopal,Madhya Pradesh,400001,Central,IND-PRD-10179,Furniture,Chairs,Chairs - Grade B,4320.0,4,0.1,-2160.0
B-25658,2018-05-14,2018-05-15,BlueDart Express,IND-CUST-1057,Shefali,Consumer,India,Jaipur,Rajasthan,302001,North,IND-PRD-10180,Clothing,T-shirt,T-shirt - Grade B,405.0,2,0.05,108.0
B-25659,2018-05-15,2018-05-18,India Post Parcel,IND-CUST-1058,Sanskriti,Corporate,India,Kolkata,West Bengal,700001,East,IND-PRD-10181,Clothing,T-shirt,T-shirt - Grade Premium,2220.0,7,0.05,864.0
B-25660,2018-05-16,2018-05-17,Standard Express,IND-CUST-1059,Shruti,Consumer,India,Bangalore,Karnataka,560001,South,IND-PRD-10182,Clothing,Saree,Saree - Grade Standard,3675.0,3,0.15,-936.0
B-25661,2018-05-17,2018-05-19,Standard Express,IND-CUST-1060,Subhashree,Consumer,India,Kashmir,Jammu and Kashmir,400001,North,IND-PRD-10183,Clothing,Hankerchief,Hankerchief - Grade A,285.0,3,0.0,-180.0
B-25661,2018-05-17,2018-05-19,India Post Parcel,IND-CUST-1060,Subhashree,Small Business,India,Kashmir,Jammu and Kashmir,400001,North,IND-PRD-10184,Furniture,Chairs,Chairs - Grade A,3360.0,3,0.05,-972.0
B-25661,2018-05-17,2018-05-21,Standard Express,IND-CUST-1060,Subhashree,Small Business,India,Kashmir,Jammu and Kashmir,400001,North,IND-PRD-10185,Furniture,Chairs,Chairs - Grade Standard,870.0,2,0.2,-504.0
B-25661,2018-05-17,2018-05-22,Same Day Delivery,IND-CUST-1060,Subhashree,Small Business,India,Kashmir,Jammu and Kashmir,400001,North,IND-PRD-10186,Furniture,Chairs,Chairs - Grade A,2175.0,5,0.0,-1248.0
B-25661,2018-05-17,2018-05-18,BlueDart Express,IND-CUST-1060,Subhashree,Consumer,India,Kashmir,Jammu and Kashmir,400001,North,IND-PRD-10187,Furniture,Chairs,Chairs - Grade Standard,825.0,2,0.05,-396.0
B-25661,2018-05-17,2018-05-18,Standard Express,IND-CUST-1060,Subhashree,Corporate,India,Kashmir,Jammu and Kashmir,400001,North,IND-PRD-10188,Clothing,Hankerchief,Hankerchief - Grade B,105.0,2,0.2,-12.0
B-25662,2018-05-17,2018-05-20,Same Day Delivery,IND-CUST-1061,Sweta,Consumer,India,Mumbai,Maharashtra,400001,West,IND-PRD-10189,Clothing,T-shirt,T-shirt - Grade Standard,360.0,2,0.1,-24.0
B-25662,2018-05-17,2018-05-19,Standard Express,IND-CUST-1061,Sweta,Consumer,India,Mumbai,Maharashtra,400001,West,IND-PRD-10190,Electronics,Electronic Games,Electronic Games - Grade A,1290.0,1,0.1,-252.0
B-25662,2018-05-17,2018-05-22,BlueDart Express,IND-CUST-1061,Sweta,Consumer,India,Mumbai,Maharashtra,400001,West,IND-PRD-10191,Furniture,Furnishings,Furnishings - Grade Standard,5775.0,11,0.0,-924.0
B-25663,2018-05-19,2018-05-23,Standard Express,IND-CUST-1062,Pournamasi,Corporate,India,Indore,Madhya Pradesh,452001,Central,IND-PRD-10192,Electronics,Printers,Printers - Grade Premium,4410.0,2,0.05,1656.0
B-25664,2018-05-20,2018-05-22,BlueDart Express,IND-CUST-1063,Pratyusmita,Consumer,India,Patna,Bihar,400001,East,IND-PRD-10193,Electronics,Phones,Phones - Grade B,6660.0,4,0.2,-2400.0
B-25664,2018-05-20,2018-05-24,Standard Express,IND-CUST-1063,Pratyusmita,Consumer,India,Patna,Bihar,400001,East,IND-PRD-10194,Electronics,Phones,Phones - Grade B,11775.0,2,0.1,624.0
B-25664,2018-05-20,2018-05-23,Standard Express,IND-CUST-1063,Pratyusmita,Small Business,India,Patna,Bihar,400001,East,IND-PRD-10195,Electronics,Phones,Phones - Grade Standard,3870.0,2,0.1,-324.0
B-25664,2018-05-20,2018-05-23,India Post Parcel,IND-CUST-1063,Pratyusmita,Consumer,India,Patna,Bihar,400001,East,IND-PRD-10196,Furniture,Bookcases,Bookcases - Grade A,1245.0,1,0.0,-576.0
B-25665,2018-05-21,2018-05-22,Standard Express,IND-CUST-1064,Chayanika,Consumer,India,Thiruvananthapuram,Kerala ,400001,Central,IND-PRD-10197,Electronics,Accessories,Accessories - Grade Premium,2490.0,4,0.0,-1356.0
B-25666,2018-05-22,2018-05-27,BlueDart Express,IND-CUST-1065,Tanvi,Consumer,India,Chandigarh,Punjab,400001,North,IND-PRD-10198,Electronics,Electronic Games,Electronic Games - Grade B,14010.0,7,0.25,-10992.0
B-25667,2018-05-23,2018-05-27,Standard Express,IND-CUST-1066,Anjali,Small Business,India,Chandigarh,Haryana,400001,North,IND-PRD-10199,Clothing,Hankerchief,Hankerchief - Grade B,165.0,4,0.05,-24.0
B-25667,2018-05-23,2018-05-25,Same Day Delivery,IND-CUST-1066,Anjali,Consumer,India,Chandigarh,Haryana,400001,North,IND-PRD-10200,Clothing,Skirt,Skirt - Grade A,615.0,5,0.1,72.0
B-25667,2018-05-23,2018-05-26,Standard Express,IND-CUST-1066,Anjali,Consumer,India,Chandigarh,Haryana,400001,North,IND-PRD-10201,Clothing,Saree,Saree - Grade A,5160.0,3,0.0,-408.0
B-25667,2018-05-23,2018-05-24,India Post Parcel,IND-CUST-1066,Anjali,Corporate,India,Chandigarh,Haryana,400001,North,IND-PRD-10202,Electronics,Printers,Printers - Grade Premium,15450.0,8,0.1,2472.0
B-25667,2018-05-23,2018-05-24,BlueDart Express,IND-CUST-1066,Anjali,Corporate,India,Chandigarh,Haryana,400001,North,IND-PRD-10203,Furniture,Bookcases,Bookcases - Grade Standard,7740.0,4,0.25,828.0
B-25668,2018-05-24,2018-05-28,Standard Express,IND-CUST-1067,Rhea,Consumer,India,Simla,Himachal Pradesh,400001,Central,IND-PRD-10204,Furniture,Furnishings,Furnishings - Grade A,1845.0,3,0.1,204.0
B-25669,2018-05-25,2018-05-28,Standard Express,IND-CUST-1068,Piyali,Corporate,India,Gangtok,Sikkim,400001,Central,IND-PRD-10205,Furniture,Tables,Tables - Grade Standard,9150.0,2,0.0,-792.0
B-25670,2018-05-25,2018-05-30,Standard Express,IND-CUST-1069,Charika,Corporate,India,Goa,Goa,400001,West,IND-PRD-10206,Clothing,Stole,Stole - Grade Premium,1110.0,3,0.1,348.0
B-25670,2018-05-25,2018-05-28,BlueDart Express,IND-CUST-1069,Charika,Corporate,India,Goa,Goa,400001,West,IND-PRD-10207,Clothing,Hankerchief,Hankerchief - Grade Standard,360.0,2,0.15,12.0
B-25670,2018-05-25,2018-05-29,Standard Express,IND-CUST-1069,Charika,Consumer,India,Goa,Goa,400001,West,IND-PRD-10208,Clothing,Hankerchief,Hankerchief - Grade B,210.0,1,0.05,24.0
B-25670,2018-05-25,2018-05-29,Same Day Delivery,IND-CUST-1069,Charika,Small Business,India,Goa,Goa,400001,West,IND-PRD-10209,Furniture,Bookcases,Bookcases - Grade Standard,9840.0,2,0.2,-432.0
B-25671,2018-05-27,2018-05-30,Standard Express,IND-CUST-1070,Mitali,Consumer,India,Kohima,Nagaland,400001,Central,IND-PRD-10210,Clothing,Trousers,Trousers - Grade Premium,12480.0,3,0.1,0.0
B-25672,2018-05-28,2018-06-01,Standard Express,IND-CUST-1071,Akanksha,Consumer,India,Hyderabad,Andhra Pradesh,500001,South,IND-PRD-10211,Clothing,Stole,Stole - Grade Premium,405.0,1,0.2,-180.0
B-25673,2018-05-28,2018-05-31,BlueDart Express,IND-CUST-1072,Arsheen,Consumer,India,Ahmedabad,Gujarat,380001,West,IND-PRD-10212,Clothing,Saree,Saree - Grade Premium,2145.0,5,0.1,-1488.0
B-25673,2018-05-28,2018-05-30,BlueDart Express,IND-CUST-1072,Arsheen,Consumer,India,Ahmedabad,Gujarat,380001,West,IND-PRD-10213,Clothing,Saree,Saree - Grade Standard,660.0,5,0.0,-204.0
B-25673,2018-05-28,2018-05-31,Standard Express,IND-CUST-1072,Arsheen,Consumer,India,Ahmedabad,Gujarat,380001,West,IND-PRD-10214,Clothing,Shirt,Shirt - Grade B,675.0,4,0.05,-24.0
B-25673,2018-05-28,2018-05-31,Standard Express,IND-CUST-1072,Arsheen,Corporate,India,Ahmedabad,Gujarat,380001,West,IND-PRD-10215,Clothing,Saree,Saree - Grade A,240.0,1,0.0,-12.0
B-25673,2018-05-28,2018-06-01,Standard Express,IND-CUST-1072,Arsheen,Consumer,India,Ahmedabad,Gujarat,380001,West,IND-PRD-10216,Clothing,T-shirt,T-shirt - Grade B,555.0,3,0.2,-60.0
B-25674,2018-05-28,2018-06-01,BlueDart Express,IND-CUST-1073,Mahima,Consumer,India,Pune,Maharashtra,411001,West,IND-PRD-10217,Clothing,Skirt,Skirt - Grade Standard,255.0,5,0.15,-144.0
B-25675,2018-05-31,2018-06-01,BlueDart Express,IND-CUST-1074,Shreya,Consumer,India,Bhopal,Madhya Pradesh,400001,Central,IND-PRD-10218,Clothing,Saree,Saree - Grade Standard,13935.0,9,0.1,-1116.0
B-25676,2018-06-01,2018-06-02,BlueDart Express,IND-CUST-1075,Chandni,Consumer,India,Jaipur,Rajasthan,302001,North,IND-PRD-10219,Electronics,Electronic Games,Electronic Games - Grade A,5130.0,4,0.05,-1236.0
B-25676,2018-06-01,2018-06-03,Same Day Delivery,IND-CUST-1075,Chandni,Small Business,India,Jaipur,Rajasthan,302001,North,IND-PRD-10220,Clothing,Trousers,Trousers - Grade Standard,18945.0,5,0.0,-672.0
B-25676,2018-06-01,2018-06-02,Same Day Delivery,IND-CUST-1075,Chandni,Consumer,India,Jaipur,Rajasthan,302001,North,IND-PRD-10221,Furniture,Tables,Tables - Grade Premium,10110.0,2,0.15,-2244.0
B-25676,2018-06-01,2018-06-04,BlueDart Express,IND-CUST-1075,Chandni,Consumer,India,Jaipur,Rajasthan,302001,North,IND-PRD-10222,Clothing,Shirt,Shirt - Grade Premium,480.0,3,0.05,72.0
B-25676,2018-06-01,2018-06-05,Same Day Delivery,IND-CUST-1075,Chandni,Consumer,India,Jaipur,Rajasthan,302001,North,IND-PRD-10223,Clothing,Shirt,Shirt - Grade Premium,1185.0,4,0.0,432.0
B-25677,2018-06-02,2018-06-03,Standard Express,IND-CUST-1076,Ekta,Consumer,India,Kolkata,West Bengal,700001,East,IND-PRD-10224,Electronics,Accessories,Accessories - Grade Premium,300.0,1,0.1,-24.0
B-25678,2018-06-03,2018-06-04,Standard Express,IND-CUST-1077,Bathina,Consumer,India,Bangalore,Karnataka,560001,South,IND-PRD-10225,Clothing,Saree,Saree - Grade Premium,960.0,3,0.0,-84.0
B-25678,2018-06-03,2018-06-05,Standard Express,IND-CUST-1077,Bathina,Corporate,India,Bangalore,Karnataka,560001,South,IND-PRD-10226,Clothing,Skirt,Skirt - Grade Standard,105.0,2,0.05,-36.0
B-25678,2018-06-03,2018-06-05,Standard Express,IND-CUST-1077,Bathina,Small Business,India,Bangalore,Karnataka,560001,South,IND-PRD-10227,Electronics,Phones,Phones - Grade A,4905.0,1,0.05,-468.0
B-25678,2018-06-03,2018-06-06,BlueDart Express,IND-CUST-1077,Bathina,Consumer,India,Bangalore,Karnataka,560001,South,IND-PRD-10228,Clothing,Shirt,Shirt - Grade A,405.0,2,0.0,-300.0
B-25679,2018-06-04,2018-06-08,India Post Parcel,IND-CUST-1078,Avni,Corporate,India,Mumbai,Maharashtra,400001,West,IND-PRD-10229,Clothing,Saree,Saree - Grade Premium,1140.0,1,0.3,-600.0
B-25680,2018-06-04,2018-06-06,Standard Express,IND-CUST-1079,Aayushi,Corporate,India,Indore,Madhya Pradesh,452001,Central,IND-PRD-10230,Clothing,Saree,Saree - Grade Standard,1095.0,3,0.0,-300.0
B-25681,2018-06-04,2018-06-05,Standard Express,IND-CUST-1080,Bhawna,Corporate,India,Indore,Madhya Pradesh,452001,Central,IND-PRD-10231,Electronics,Accessories,Accessories - Grade B,1020.0,3,0.0,-324.0
B-25681,2018-06-04,2018-06-08,BlueDart Express,IND-CUST-1080,Bhawna,Consumer,India,Indore,Madhya Pradesh,452001,Central,IND-PRD-10232,Clothing,Trousers,Trousers - Grade B,7845.0,7,0.0,2448.0
B-25681,2018-06-04,2018-06-08,India Post Parcel,IND-CUST-1080,Bhawna,Consumer,India,Indore,Madhya Pradesh,452001,Central,IND-PRD-10233,Clothing,Saree,Saree - Grade Standard,660.0,1,0.15,-36.0
B-25681,2018-06-04,2018-06-05,Standard Express,IND-CUST-1080,Bhawna,Consumer,India,Indore,Madhya Pradesh,452001,Central,IND-PRD-10234,Furniture,Chairs,Chairs - Grade Premium,3645.0,2,0.05,-168.0
B-25681,2018-06-04,2018-06-06,BlueDart Express,IND-CUST-1080,Bhawna,Corporate,India,Indore,Madhya Pradesh,452001,Central,IND-PRD-10235,Electronics,Phones,Phones - Grade A,24375.0,3,0.1,-924.0
B-25681,2018-06-04,2018-06-05,Standard Express,IND-CUST-1080,Bhawna,Corporate,India,Indore,Madhya Pradesh,452001,Central,IND-PRD-10236,Electronics,Electronic Games,Electronic Games - Grade Standard,16440.0,7,0.0,-7896.0
B-25682,2018-06-07,2018-06-11,Standard Express,IND-CUST-1081,Krutika,Consumer,India,Patna,Bihar,400001,East,IND-PRD-10237,Electronics,Phones,Phones - Grade B,8175.0,11,0.0,-876.0
B-25683,2018-06-08,2018-06-13,India Post Parcel,IND-CUST-1074,Shreya,Consumer,India,Thiruvananthapuram,Kerala ,400001,Central,IND-PRD-10238,Electronics,Printers,Printers - Grade B,6495.0,3,0.05,312.0
B-25683,2018-06-08,2018-06-13,India Post Parcel,IND-CUST-1074,Shreya,Small Business,India,Thiruvananthapuram,Kerala ,400001,Central,IND-PRD-10239,Electronics,Phones,Phones - Grade B,3675.0,4,0.15,-36.0
B-25683,2018-06-08,2018-06-11,Standard Express,IND-CUST-1074,Shreya,Corporate,India,Thiruvananthapuram,Kerala ,400001,Central,IND-PRD-10240,Furniture,Furnishings,Furnishings - Grade Premium,2325.0,3,0.2,672.0
B-25683,2018-06-08,2018-06-09,India Post Parcel,IND-CUST-1074,Shreya,Small Business,India,Thiruvananthapuram,Kerala ,400001,Central,IND-PRD-10241,Clothing,Stole,Stole - Grade B,2220.0,5,0.0,624.0
B-25683,2018-06-08,2018-06-09,BlueDart Express,IND-CUST-1074,Shreya,Corporate,India,Thiruvananthapuram,Kerala ,400001,Central,IND-PRD-10242,Clothing,Saree,Saree - Grade Standard,1290.0,6,0.1,-660.0
B-25684,2018-06-09,2018-06-12,Same Day Delivery,IND-CUST-1082,Samiksha,Consumer,India,Mumbai,Maharashtra,400001,West,IND-PRD-10243,Furniture,Chairs,Chairs - Grade Standard,2010.0,2,0.2,504.0
B-25685,2018-06-10,2018-06-13,BlueDart Express,IND-CUST-1083,Sheetal,Corporate,India,Indore,Madhya Pradesh,452001,Central,IND-PRD-10244,Furniture,Furnishings,Furnishings - Grade B,765.0,2,0.05,84.0
B-25685,2018-06-10,2018-06-13,BlueDart Express,IND-CUST-1083,Sheetal,Corporate,India,Indore,Madhya Pradesh,452001,Central,IND-PRD-10245,Electronics,Phones,Phones - Grade Standard,7935.0,3,0.15,1644.0
B-25685,2018-06-10,2018-06-14,BlueDart Express,IND-CUST-1083,Sheetal,Consumer,India,Indore,Madhya Pradesh,452001,Central,IND-PRD-10246,Furniture,Furnishings,Furnishings - Grade B,3960.0,3,0.0,-360.0
B-25685,2018-06-10,2018-06-11,BlueDart Express,IND-CUST-1083,Sheetal,Consumer,India,Indore,Madhya Pradesh,452001,Central,IND-PRD-10247,Clothing,Shirt,Shirt - Grade B,675.0,4,0.25,-24.0
B-25686,2018-06-11,2018-06-15,Standard Express,IND-CUST-1027,Pooja,Corporate,India,Simla,Himachal Pradesh,400001,Central,IND-PRD-10248,Clothing,Saree,Saree - Grade A,5715.0,2,0.15,-156.0
B-25686,2018-06-11,2018-06-14,Standard Express,IND-CUST-1027,Pooja,Consumer,India,Simla,Himachal Pradesh,400001,Central,IND-PRD-10249,Electronics,Printers,Printers - Grade Premium,4980.0,3,0.25,-6036.0
B-25686,2018-06-11,2018-06-12,Standard Express,IND-CUST-1027,Pooja,Corporate,India,Simla,Himachal Pradesh,400001,Central,IND-PRD-10250,Furniture,Tables,Tables - Grade Premium,27435.0,6,0.1,-672.0
B-25687,2018-06-11,2018-06-15,BlueDart Express,IND-CUST-1084,Sanjna,Corporate,India,Mumbai,Maharashtra,400001,West,IND-PRD-10251,Clothing,Stole,Stole - Grade A,255.0,1,0.05,72.0
B-25687,2018-06-11,2018-06-15,Standard Express,IND-CUST-1084,Sanjna,Small Business,India,Mumbai,Maharashtra,400001,West,IND-PRD-10252,Clothing,Saree,Saree - Grade A,5355.0,2,0.25,1668.0
B-25687,2018-06-11,2018-06-14,BlueDart Express,IND-CUST-1084,Sanjna,Consumer,India,Mumbai,Maharashtra,400001,West,IND-PRD-10253,Clothing,T-shirt,T-shirt - Grade Premium,765.0,3,0.0,252.0
B-25687,2018-06-11,2018-06-12,India Post Parcel,IND-CUST-1084,Sanjna,Consumer,India,Mumbai,Maharashtra,400001,West,IND-PRD-10254,Clothing,Saree,Saree - Grade B,5805.0,5,0.05,-2556.0
B-25687,2018-06-11,2018-06-14,Standard Express,IND-CUST-1084,Sanjna,Corporate,India,Mumbai,Maharashtra,400001,West,IND-PRD-10255,Clothing,Kurti,Kurti - Grade B,210.0,4,0.15,-12.0
B-25688,2018-06-11,2018-06-12,BlueDart Express,IND-CUST-1085,Swetha,Consumer,India,Indore,Madhya Pradesh,452001,Central,IND-PRD-10256,Clothing,Saree,Saree - Grade Premium,5280.0,5,0.15,-4140.0
B-25689,2018-06-14,2018-06-19,Standard Express,IND-CUST-1086,Bhaggyasree,Corporate,India,Mumbai,Maharashtra,400001,West,IND-PRD-10257,Electronics,Electronic Games,Electronic Games - Grade B,7035.0,3,0.2,-5508.0
B-25689,2018-06-14,2018-06-16,Same Day Delivery,IND-CUST-1086,Bhaggyasree,Corporate,India,Mumbai,Maharashtra,400001,West,IND-PRD-10258,Clothing,Stole,Stole - Grade A,1455.0,2,0.0,204.0
B-25689,2018-06-14,2018-06-16,Standard Express,IND-CUST-1086,Bhaggyasree,Consumer,India,Mumbai,Maharashtra,400001,West,IND-PRD-10259,Clothing,Stole,Stole - Grade B,2235.0,3,0.15,432.0
B-25690,2018-06-15,2018-06-17,BlueDart Express,IND-CUST-1087,Gunjan,Consumer,India,Indore,Madhya Pradesh,452001,Central,IND-PRD-10260,Clothing,Skirt,Skirt - Grade B,465.0,3,0.15,120.0
B-25691,2018-06-16,2018-06-19,Same Day Delivery,IND-CUST-1088,Akancha,Consumer,India,Mumbai,Maharashtra,400001,West,IND-PRD-10261,Clothing,Saree,Saree - Grade Standard,10710.0,4,0.0,672.0
B-25691,2018-06-16,2018-06-21,India Post Parcel,IND-CUST-1088,Akancha,Consumer,India,Mumbai,Maharashtra,400001,West,IND-PRD-10262,Clothing,Stole,Stole - Grade Standard,1125.0,3,0.05,-300.0
B-25691,2018-06-16,2018-06-17,BlueDart Express,IND-CUST-1088,Akancha,Small Business,India,Mumbai,Maharashtra,400001,West,IND-PRD-10263,Clothing,Stole,Stole - Grade Standard,255.0,3,0.0,-108.0
B-25692,2018-06-17,2018-06-21,BlueDart Express,IND-CUST-1089,Rashmi,Corporate,India,Indore,Madhya Pradesh,452001,Central,IND-PRD-10264,Furniture,Furnishings,Furnishings - Grade B,2115.0,7,0.05,336.0
B-25693,2018-06-18,2018-06-19,BlueDart Express,IND-CUST-1090,Parna,Corporate,India,Bhopal,Madhya Pradesh,400001,Central,IND-PRD-10265,Clothing,Hankerchief,Hankerchief - Grade Premium,1140.0,9,0.3,-864.0
B-25693,2018-06-18,2018-06-22,Same Day Delivery,IND-CUST-1090,Parna,Corporate,India,Bhopal,Madhya Pradesh,400001,Central,IND-PRD-10266,Clothing,Saree,Saree - Grade A,9480.0,6,0.1,-3792.0
B-25693,2018-06-18,2018-06-19,BlueDart Express,IND-CUST-1090,Parna,Consumer,India,Bhopal,Madhya Pradesh,400001,Central,IND-PRD-10267,Clothing,Saree,Saree - Grade B,480.0,6,0.15,-192.0
B-25693,2018-06-18,2018-06-23,Standard Express,IND-CUST-1090,Parna,Small Business,India,Bhopal,Madhya Pradesh,400001,Central,IND-PRD-10268,Electronics,Phones,Phones - Grade Premium,1020.0,1,0.25,-360.0
B-25693,2018-06-18,2018-06-22,India Post Parcel,IND-CUST-1090,Parna,Corporate,India,Bhopal,Madhya Pradesh,400001,Central,IND-PRD-10269,Clothing,T-shirt,T-shirt - Grade B,1230.0,5,0.05,-468.0
B-25693,2018-06-18,2018-06-21,BlueDart Express,IND-CUST-1090,Parna,Corporate,India,Bhopal,Madhya Pradesh,400001,Central,IND-PRD-10270,Electronics,Phones,Phones - Grade A,1080.0,1,0.15,-588.0
B-25693,2018-06-18,2018-06-19,BlueDart Express,IND-CUST-1090,Parna,Small Business,India,Bhopal,Madhya Pradesh,400001,Central,IND-PRD-10271,Clothing,Skirt,Skirt - Grade B,195.0,2,0.05,-156.0
B-25694,2018-06-18,2018-06-19,Standard Express,IND-CUST-1091,Subhasmita,Consumer,India,Jaipur,Rajasthan,302001,North,IND-PRD-10272,Clothing,T-shirt,T-shirt - Grade A,2505.0,7,0.2,516.0
B-25695,2018-06-18,2018-06-22,BlueDart Express,IND-CUST-1092,Suhani,Corporate,India,Kolkata,West Bengal,700001,East,IND-PRD-10273,Clothing,Shirt,Shirt - Grade B,2565.0,9,0.0,168.0
B-25696,2018-06-21,2018-06-24,Standard Express,IND-CUST-1093,Noopur,Consumer,India,Bangalore,Karnataka,560001,South,IND-PRD-10274,Electronics,Phones,Phones - Grade A,1755.0,3,0.25,-72.0
B-25696,2018-06-21,2018-06-24,BlueDart Express,IND-CUST-1093,Noopur,Consumer,India,Bangalore,Karnataka,560001,South,IND-PRD-10275,Clothing,Saree,Saree - Grade B,1740.0,1,0.0,-48.0
B-25696,2018-06-21,2018-06-26,Standard Express,IND-CUST-1093,Noopur,Consumer,India,Bangalore,Karnataka,560001,South,IND-PRD-10276,Electronics,Printers,Printers - Grade A,13305.0,3,0.05,960.0
B-25696,2018-06-21,2018-06-24,BlueDart Express,IND-CUST-1093,Noopur,Small Business,India,Bangalore,Karnataka,560001,South,IND-PRD-10277,Clothing,Saree,Saree - Grade Standard,4125.0,4,0.15,-3300.0
B-25696,2018-06-21,2018-06-24,India Post Parcel,IND-CUST-1093,Noopur,Small Business,India,Bangalore,Karnataka,560001,South,IND-PRD-10278,Clothing,Kurti,Kurti - Grade B,660.0,3,0.05,84.0
B-25696,2018-06-21,2018-06-24,Standard Express,IND-CUST-1093,Noopur,Corporate,India,Bangalore,Karnataka,560001,South,IND-PRD-10279,Clothing,Saree,Saree - Grade B,2520.0,3,0.1,-108.0
B-25697,2018-06-22,2018-06-24,India Post Parcel,IND-CUST-1094,Vijay,Corporate,India,Kashmir,Jammu and Kashmir,400001,North,IND-PRD-10280,Electronics,Accessories,Accessories - Grade Premium,1710.0,3,0.05,96.0
B-25697,2018-06-22,2018-06-27,Standard Express,IND-CUST-1094,Vijay,Corporate,India,Kashmir,Jammu and Kashmir,400001,North,IND-PRD-10281,Electronics,Printers,Printers - Grade Premium,19500.0,8,0.15,-192.0
B-25697,2018-06-22,2018-06-23,Same Day Delivery,IND-CUST-1094,Vijay,Small Business,India,Kashmir,Jammu and Kashmir,400001,North,IND-PRD-10282,Clothing,Skirt,Skirt - Grade A,60.0,1,0.0,-36.0
B-25697,2018-06-22,2018-06-26,Same Day Delivery,IND-CUST-1094,Vijay,Consumer,India,Kashmir,Jammu and Kashmir,400001,North,IND-PRD-10283,Electronics,Phones,Phones - Grade B,1095.0,1,0.0,-84.0
B-25697,2018-06-22,2018-06-23,BlueDart Express,IND-CUST-1094,Vijay,Consumer,India,Kashmir,Jammu and Kashmir,400001,North,IND-PRD-10284,Clothing,Stole,Stole - Grade A,1005.0,3,0.0,-504.0
B-25697,2018-06-22,2018-06-27,BlueDart Express,IND-CUST-1094,Vijay,Consumer,India,Kashmir,Jammu and Kashmir,400001,North,IND-PRD-10285,Electronics,Printers,Printers - Grade Standard,4830.0,5,0.05,-2316.0
B-25697,2018-06-22,2018-06-26,Same Day Delivery,IND-CUST-1094,Vijay,Corporate,India,Kashmir,Jammu and Kashmir,400001,North,IND-PRD-10286,Clothing,Trousers,Trousers - Grade Premium,1725.0,3,0.0,-468.0
B-25698,2018-06-23,2018-06-28,Standard Express,IND-CUST-1095,Amisha,Corporate,India,Chennai,Tamil Nadu,600001,South,IND-PRD-10287,Clothing,Kurti,Kurti - Grade A,1305.0,5,0.05,-996.0
B-25698,2018-06-23,2018-06-26,Standard Express,IND-CUST-1095,Amisha,Consumer,India,Chennai,Tamil Nadu,600001,South,IND-PRD-10288,Clothing,Hankerchief,Hankerchief - Grade A,405.0,4,0.05,-72.0
B-25698,2018-06-23,2018-06-27,BlueDart Express,IND-CUST-1095,Amisha,Consumer,India,Chennai,Tamil Nadu,600001,South,IND-PRD-10289,Clothing,Saree,Saree - Grade Premium,3105.0,3,0.0,-1836.0
B-25698,2018-06-23,2018-06-26,Same Day Delivery,IND-CUST-1095,Amisha,Corporate,India,Chennai,Tamil Nadu,600001,South,IND-PRD-10290,Furniture,Chairs,Chairs - Grade B,7740.0,8,0.1,-4704.0
B-25698,2018-06-23,2018-06-24,Same Day Delivery,IND-CUST-1095,Amisha,Consumer,India,Chennai,Tamil Nadu,600001,South,IND-PRD-10291,Clothing,Hankerchief,Hankerchief - Grade A,105.0,1,0.2,-24.0
B-25698,2018-06-23,2018-06-24,Same Day Delivery,IND-CUST-1095,Amisha,Corporate,India,Chennai,Tamil Nadu,600001,South,IND-PRD-10292,Electronics,Phones,Phones - Grade Premium,975.0,2,0.0,-192.0
B-25699,2018-06-24,2018-06-28,Standard Express,IND-CUST-1096,Kritika,Small Business,India,Lucknow,Uttar Pradesh,226001,North,IND-PRD-10293,Furniture,Furnishings,Furnishings - Grade B,300.0,1,0.1,-264.0
B-25699,2018-06-24,2018-06-28,Same Day Delivery,IND-CUST-1096,Kritika,Consumer,India,Lucknow,Uttar Pradesh,226001,North,IND-PRD-10294,Clothing,Stole,Stole - Grade Standard,735.0,2,0.1,-372.0
B-25699,2018-06-24,2018-06-29,Standard Express,IND-CUST-1096,Kritika,Consumer,India,Lucknow,Uttar Pradesh,226001,North,IND-PRD-10295,Clothing,Leggings,Leggings - Grade Premium,510.0,5,0.05,-156.0
B-25699,2018-06-24,2018-06-29,BlueDart Express,IND-CUST-1096,Kritika,Corporate,India,Lucknow,Uttar Pradesh,226001,North,IND-PRD-10296,Electronics,Accessories,Accessories - Grade A,315.0,1,0.15,-60.0
B-25700,2018-06-25,2018-06-28,Standard Express,IND-CUST-1097,Shubhi,Corporate,India,Mumbai,Maharashtra,400001,West,IND-PRD-10297,Clothing,Shirt,Shirt - Grade Standard,1935.0,5,0.05,-900.0
B-25700,2018-06-25,2018-06-29,Standard Express,IND-CUST-1097,Shubhi,Consumer,India,Mumbai,Maharashtra,400001,West,IND-PRD-10298,Clothing,Stole,Stole - Grade B,660.0,3,0.1,-384.0
B-25700,2018-06-25,2018-06-26,Standard Express,IND-CUST-1097,Shubhi,Small Business,India,Mumbai,Maharashtra,400001,West,IND-PRD-10299,Clothing,Hankerchief,Hankerchief - Grade B,105.0,2,0.0,-36.0
B-25701,2018-06-26,2018-07-01,Standard Express,IND-CUST-1098,Maithilee,Consumer,India,Indore,Madhya Pradesh,452001,Central,IND-PRD-10300,Clothing,Skirt,Skirt - Grade Premium,150.0,2,0.1,-96.0
B-25701,2018-06-26,2018-07-01,BlueDart Express,IND-CUST-1098,Maithilee,Consumer,India,Indore,Madhya Pradesh,452001,Central,IND-PRD-10301,Clothing,Shirt,Shirt - Grade Premium,495.0,3,0.1,-348.0
B-25701,2018-06-26,2018-06-27,Standard Express,IND-CUST-1098,Maithilee,Corporate,India,Indore,Madhya Pradesh,452001,Central,IND-PRD-10302,Furniture,Chairs,Chairs - Grade Premium,1470.0,2,0.0,-540.0
B-25701,2018-06-26,2018-07-01,Standard Express,IND-CUST-1098,Maithilee,Small Business,India,Indore,Madhya Pradesh,452001,Central,IND-PRD-10303,Clothing,Hankerchief,Hankerchief - Grade B,495.0,5,0.05,-144.0
B-25702,2018-06-27,2018-06-30,Standard Express,IND-CUST-1099,Shaily,Consumer,India,Mumbai,Maharashtra,400001,West,IND-PRD-10304,Clothing,Shirt,Shirt - Grade Standard,1125.0,3,0.25,0.0
B-25702,2018-06-27,2018-07-01,Standard Express,IND-CUST-1099,Shaily,Corporate,India,Mumbai,Maharashtra,400001,West,IND-PRD-10305,Furniture,Chairs,Chairs - Grade B,6360.0,9,0.05,-204.0
B-25702,2018-06-27,2018-06-28,Standard Express,IND-CUST-1099,Shaily,Corporate,India,Mumbai,Maharashtra,400001,West,IND-PRD-10306,Clothing,Saree,Saree - Grade A,465.0,4,0.1,-36.0
B-25702,2018-06-27,2018-07-01,Standard Express,IND-CUST-1099,Shaily,Consumer,India,Mumbai,Maharashtra,400001,West,IND-PRD-10307,Furniture,Tables,Tables - Grade B,14115.0,3,0.2,-2436.0
B-25702,2018-06-27,2018-07-02,BlueDart Express,IND-CUST-1099,Shaily,Consumer,India,Mumbai,Maharashtra,400001,West,IND-PRD-10308,Clothing,Saree,Saree - Grade A,4590.0,3,0.15,-1764.0
B-25703,2018-06-28,2018-07-03,BlueDart Express,IND-CUST-1076,Ekta,Small Business,India,Indore,Madhya Pradesh,452001,Central,IND-PRD-10309,Furniture,Furnishings,Furnishings - Grade Standard,630.0,2,0.1,-276.0
B-25703,2018-06-28,2018-06-29,BlueDart Express,IND-CUST-1076,Ekta,Consumer,India,Indore,Madhya Pradesh,452001,Central,IND-PRD-10310,Clothing,Stole,Stole - Grade Premium,255.0,2,0.15,-36.0
B-25703,2018-06-28,2018-07-01,BlueDart Express,IND-CUST-1076,Ekta,Consumer,India,Indore,Madhya Pradesh,452001,Central,IND-PRD-10311,Clothing,Hankerchief,Hankerchief - Grade Premium,480.0,5,0.2,-60.0
B-25703,2018-06-28,2018-06-30,Standard Express,IND-CUST-1076,Ekta,Consumer,India,Indore,Madhya Pradesh,452001,Central,IND-PRD-10312,Clothing,Hankerchief,Hankerchief - Grade B,3465.0,9,0.05,-2280.0
B-25703,2018-06-28,2018-06-29,Same Day Delivery,IND-CUST-1076,Ekta,Small Business,India,Indore,Madhya Pradesh,452001,Central,IND-PRD-10313,Clothing,Kurti,Kurti - Grade Premium,330.0,4,0.05,-180.0
B-25703,2018-06-28,2018-06-30,BlueDart Express,IND-CUST-1076,Ekta,Corporate,India,Indore,Madhya Pradesh,452001,Central,IND-PRD-10314,Clothing,Saree,Saree - Grade Standard,1455.0,4,0.05,-540.0
B-25703,2018-06-28,2018-06-30,BlueDart Express,IND-CUST-1076,Ekta,Corporate,India,Indore,Madhya Pradesh,452001,Central,IND-PRD-10315,Clothing,Saree,Saree - Grade Premium,705.0,4,0.25,-324.0
B-25703,2018-06-28,2018-07-01,Standard Express,IND-CUST-1076,Ekta,Consumer,India,Indore,Madhya Pradesh,452001,Central,IND-PRD-10316,Clothing,Shirt,Shirt - Grade B,2790.0,9,0.1,-1692.0
B-25704,2018-06-29,2018-07-01,Standard Express,IND-CUST-1100,Riya,Corporate,India,Mumbai,Maharashtra,400001,West,IND-PRD-10317,Electronics,Accessories,Accessories - Grade Standard,1890.0,3,0.0,-756.0
B-25704,2018-06-29,2018-07-01,Standard Express,IND-CUST-1100,Riya,Corporate,India,Mumbai,Maharashtra,400001,West,IND-PRD-10318,Electronics,Phones,Phones - Grade A,1530.0,3,0.2,0.0
B-25705,2018-06-30,2018-07-03,Standard Express,IND-CUST-1101,Shweta,Corporate,India,Indore,Madhya Pradesh,452001,Central,IND-PRD-10319,Electronics,Electronic Games,Electronic Games - Grade B,690.0,2,0.05,0.0
B-25706,2018-07-01,2018-07-03,BlueDart Express,IND-CUST-1102,Swetlana,Small Business,India,Goa,Goa,400001,West,IND-PRD-10320,Clothing,Stole,Stole - Grade A,465.0,4,0.0,-132.0
B-25707,2018-07-01,2018-07-03,BlueDart Express,IND-CUST-1103,Shivani,Consumer,India,Mumbai,Maharashtra,400001,West,IND-PRD-10321,Clothing,Stole,Stole - Grade Standard,120.0,1,0.1,-72.0
B-25708,2018-07-01,2018-07-03,BlueDart Express,IND-CUST-1104,Kishwar,Corporate,India,Indore,Madhya Pradesh,452001,Central,IND-PRD-10322,Furniture,Furnishings,Furnishings - Grade B,2865.0,8,0.05,156.0
B-25708,2018-07-01,2018-07-02,Same Day Delivery,IND-CUST-1104,Kishwar,Consumer,India,Indore,Madhya Pradesh,452001,Central,IND-PRD-10323,Electronics,Phones,Phones - Grade B,10635.0,5,0.2,-1200.0
B-25708,2018-07-01,2018-07-02,Same Day Delivery,IND-CUST-1104,Kishwar,Consumer,India,Indore,Madhya Pradesh,452001,Central,IND-PRD-10324,Clothing,Stole,Stole - Grade Standard,1215.0,7,0.0,-612.0
B-25708,2018-07-01,2018-07-02,BlueDart Express,IND-CUST-1104,Kishwar,Consumer,India,Indore,Madhya Pradesh,452001,Central,IND-PRD-10325,Clothing,Stole,Stole - Grade Premium,480.0,2,0.15,-96.0
B-25709,2018-07-01,2018-07-04,India Post Parcel,IND-CUST-1105,Aakanksha,Consumer,India,Indore,Madhya Pradesh,452001,Central,IND-PRD-10326,Clothing,Saree,Saree - Grade B,495.0,7,0.1,-144.0
B-25709,2018-07-01,2018-07-06,Standard Express,IND-CUST-1105,Aakanksha,Consumer,India,Indore,Madhya Pradesh,452001,Central,IND-PRD-10327,Furniture,Chairs,Chairs - Grade B,615.0,1,0.0,-72.0
B-25710,2018-07-05,2018-07-07,Standard Express,IND-CUST-1106,Megha,Corporate,India,Pune,Maharashtra,411001,West,IND-PRD-10328,Furniture,Furnishings,Furnishings - Grade A,3240.0,6,0.25,-456.0
B-25710,2018-07-05,2018-07-07,Standard Express,IND-CUST-1106,Megha,Consumer,India,Pune,Maharashtra,411001,West,IND-PRD-10329,Furniture,Furnishings,Furnishings - Grade Premium,9240.0,7,0.1,-828.0
B-25710,2018-07-05,2018-07-08,BlueDart Express,IND-CUST-1106,Megha,Corporate,India,Pune,Maharashtra,411001,West,IND-PRD-10330,Clothing,Leggings,Leggings - Grade A,150.0,1,0.0,-12.0
B-25710,2018-07-05,2018-07-07,Same Day Delivery,IND-CUST-1106,Megha,Consumer,India,Pune,Maharashtra,411001,West,IND-PRD-10331,Clothing,Skirt,Skirt - Grade A,375.0,4,0.05,0.0
B-25710,2018-07-05,2018-07-06,Standard Express,IND-CUST-1106,Megha,Consumer,India,Pune,Maharashtra,411001,West,IND-PRD-10332,Clothing,T-shirt,T-shirt - Grade Premium,795.0,4,0.2,-216.0
B-25710,2018-07-05,2018-07-10,India Post Parcel,IND-CUST-1106,Megha,Corporate,India,Pune,Maharashtra,411001,West,IND-PRD-10333,Clothing,T-shirt,T-shirt - Grade Premium,195.0,1,0.05,-96.0
B-25711,2018-07-06,2018-07-10,Standard Express,IND-CUST-1107,Sakshi,Consumer,India,Bhopal,Madhya Pradesh,400001,Central,IND-PRD-10334,Clothing,Hankerchief,Hankerchief - Grade Standard,1500.0,4,0.0,-696.0
B-25712,2018-07-07,2018-07-09,India Post Parcel,IND-CUST-1108,Adhvaita,Consumer,India,Jaipur,Rajasthan,302001,North,IND-PRD-10335,Electronics,Phones,Phones - Grade Premium,2895.0,3,0.0,-3300.0
B-25713,2018-07-08,2018-07-09,Standard Express,IND-CUST-1109,Raksha,Corporate,India,Kolkata,West Bengal,700001,East,IND-PRD-10336,Furniture,Chairs,Chairs - Grade B,2370.0,4,0.0,-756.0
B-25714,2018-07-09,2018-07-13,Standard Express,IND-CUST-1110,Stuti,Consumer,India,Bangalore,Karnataka,560001,South,IND-PRD-10337,Clothing,Hankerchief,Hankerchief - Grade Premium,165.0,2,0.15,-60.0
B-25714,2018-07-09,2018-07-14,BlueDart Express,IND-CUST-1110,Stuti,Consumer,India,Bangalore,Karnataka,560001,South,IND-PRD-10338,Clothing,Shirt,Shirt - Grade Standard,5100.0,7,0.05,240.0
B-25715,2018-07-10,2018-07-14,Standard Express,IND-CUST-1111,Srishti,Consumer,India,Kashmir,Jammu and Kashmir,400001,North,IND-PRD-10339,Electronics,Phones,Phones - Grade Standard,6240.0,3,0.0,1644.0
B-25716,2018-07-11,2018-07-12,Standard Express,IND-CUST-1112,Surabhi,Small Business,India,Chennai,Tamil Nadu,600001,South,IND-PRD-10340,Clothing,Saree,Saree - Grade Standard,870.0,4,0.0,0.0
B-25717,2018-07-12,2018-07-16,Standard Express,IND-CUST-1113,Manshul,Corporate,India,Lucknow,Uttar Pradesh,226001,North,IND-PRD-10341,Clothing,Saree,Saree - Grade Premium,8415.0,3,0.05,2544.0
B-25717,2018-07-12,2018-07-15,Same Day Delivery,IND-CUST-1113,Manshul,Corporate,India,Lucknow,Uttar Pradesh,226001,North,IND-PRD-10342,Clothing,Saree,Saree - Grade Premium,2070.0,5,0.25,-36.0
B-25717,2018-07-12,2018-07-16,BlueDart Express,IND-CUST-1113,Manshul,Corporate,India,Lucknow,Uttar Pradesh,226001,North,IND-PRD-10343,Clothing,Shirt,Shirt - Grade A,1350.0,3,0.05,204.0
B-25717,2018-07-12,2018-07-14,Standard Express,IND-CUST-1113,Manshul,Consumer,India,Lucknow,Uttar Pradesh,226001,North,IND-PRD-10344,Furniture,Chairs,Chairs - Grade A,825.0,2,0.3,-396.0
B-25718,2018-07-12,2018-07-14,BlueDart Express,IND-CUST-1066,Anjali,Consumer,India,Mumbai,Maharashtra,400001,West,IND-PRD-10345,Furniture,Bookcases,Bookcases - Grade B,5565.0,1,0.05,1380.0
B-25718,2018-07-12,2018-07-15,BlueDart Express,IND-CUST-1066,Anjali,Corporate,India,Mumbai,Maharashtra,400001,West,IND-PRD-10346,Furniture,Bookcases,Bookcases - Grade A,6900.0,3,0.0,372.0
B-25719,2018-07-12,2018-07-13,Standard Express,IND-CUST-1089,Rashmi,Consumer,India,Indore,Madhya Pradesh,452001,Central,IND-PRD-10347,Clothing,Stole,Stole - Grade B,435.0,2,0.2,120.0
B-25720,2018-07-15,2018-07-17,Standard Express,IND-CUST-1114,Namrata,Consumer,India,Chandigarh,Punjab,400001,North,IND-PRD-10348,Furniture,Chairs,Chairs - Grade Standard,450.0,1,0.05,-420.0
B-25721,2018-07-16,2018-07-21,Standard Express,IND-CUST-1115,Anchal,Consumer,India,Chandigarh,Haryana,400001,North,IND-PRD-10349,Clothing,Skirt,Skirt - Grade A,435.0,7,0.15,-216.0
B-25721,2018-07-16,2018-07-18,Standard Express,IND-CUST-1115,Anchal,Consumer,India,Chandigarh,Haryana,400001,North,IND-PRD-10350,Clothing,Shirt,Shirt - Grade Premium,2865.0,5,0.3,612.0
B-25721,2018-07-16,2018-07-18,BlueDart Express,IND-CUST-1115,Anchal,Small Business,India,Chandigarh,Haryana,400001,North,IND-PRD-10351,Electronics,Phones,Phones - Grade A,2235.0,2,0.0,-480.0
B-25722,2018-07-17,2018-07-18,Standard Express,IND-CUST-1116,Inderpreet,Consumer,India,Simla,Himachal Pradesh,400001,Central,IND-PRD-10352,Clothing,Stole,Stole - Grade B,720.0,8,0.0,-96.0
B-25723,2018-07-18,2018-07-22,BlueDart Express,IND-CUST-1117,Wale,Consumer,India,Mumbai,Maharashtra,400001,West,IND-PRD-10353,Clothing,Stole,Stole - Grade A,390.0,1,0.15,-288.0
B-25723,2018-07-18,2018-07-20,BlueDart Express,IND-CUST-1117,Wale,Consumer,India,Mumbai,Maharashtra,400001,West,IND-PRD-10354,Clothing,Stole,Stole - Grade Standard,240.0,2,0.0,-144.0
B-25723,2018-07-18,2018-07-21,Standard Express,IND-CUST-1117,Wale,Small Business,India,Mumbai,Maharashtra,400001,West,IND-PRD-10355,Clothing,Leggings,Leggings - Grade Premium,180.0,2,0.0,-84.0
B-25723,2018-07-18,2018-07-22,BlueDart Express,IND-CUST-1117,Wale,Consumer,India,Mumbai,Maharashtra,400001,West,IND-PRD-10356,Electronics,Electronic Games,Electronic Games - Grade B,1140.0,3,0.0,-648.0
B-25724,2018-07-19,2018-07-24,Standard Express,IND-CUST-1083,Sheetal,Consumer,India,Indore,Madhya Pradesh,452001,Central,IND-PRD-10357,Furniture,Bookcases,Bookcases - Grade Premium,2520.0,2,0.0,-612.0
B-25725,2018-07-20,2018-07-21,India Post Parcel,IND-CUST-1118,Anisha,Corporate,India,Kohima,Nagaland,400001,Central,IND-PRD-10358,Clothing,Hankerchief,Hankerchief - Grade Premium,345.0,7,0.15,-60.0
B-25725,2018-07-20,2018-07-25,BlueDart Express,IND-CUST-1118,Anisha,Corporate,India,Kohima,Nagaland,400001,Central,IND-PRD-10359,Clothing,Stole,Stole - Grade B,390.0,2,0.0,-60.0
B-25725,2018-07-20,2018-07-24,Same Day Delivery,IND-CUST-1118,Anisha,Consumer,India,Kohima,Nagaland,400001,Central,IND-PRD-10360,Electronics,Electronic Games,Electronic Games - Grade Premium,2160.0,4,0.05,-84.0
B-25726,2018-07-21,2018-07-25,BlueDart Express,IND-CUST-1119,Kiran,Consumer,India,Mumbai,Maharashtra,400001,West,IND-PRD-10361,Furniture,Bookcases,Bookcases - Grade Premium,7350.0,8,0.1,-1536.0
B-25727,2018-07-22,2018-07-26,Standard Express,IND-CUST-1120,Turumella,Consumer,India,Indore,Madhya Pradesh,452001,Central,IND-PRD-10362,Clothing,Leggings,Leggings - Grade A,855.0,6,0.05,-576.0
B-25727,2018-07-22,2018-07-27,BlueDart Express,IND-CUST-1120,Turumella,Consumer,India,Indore,Madhya Pradesh,452001,Central,IND-PRD-10363,Clothing,Trousers,Trousers - Grade Premium,4905.0,4,0.0,1368.0
B-25728,2018-07-22,2018-07-26,India Post Parcel,IND-CUST-1121,Ameesha,Consumer,India,Pune,Maharashtra,411001,West,IND-PRD-10364,Electronics,Printers,Printers - Grade Premium,15825.0,4,0.15,3168.0
B-25728,2018-07-22,2018-07-27,BlueDart Express,IND-CUST-1121,Ameesha,Consumer,India,Pune,Maharashtra,411001,West,IND-PRD-10365,Electronics,Phones,Phones - Grade Premium,11565.0,2,0.0,-5088.0
B-25728,2018-07-22,2018-07-26,Same Day Delivery,IND-CUST-1121,Ameesha,Consumer,India,Pune,Maharashtra,411001,West,IND-PRD-10366,Clothing,Saree,Saree - Grade Premium,4830.0,4,0.15,-1356.0
B-25729,2018-07-22,2018-07-25,Same Day Delivery,IND-CUST-1122,Madhulika,Consumer,India,Bhopal,Madhya Pradesh,400001,Central,IND-PRD-10367,Electronics,Phones,Phones - Grade B,23235.0,4,0.2,-5268.0
B-25730,2018-07-22,2018-07-26,Standard Express,IND-CUST-1123,Rishabh,Corporate,India,Jaipur,Rajasthan,302001,North,IND-PRD-10368,Electronics,Phones,Phones - Grade Standard,17175.0,3,0.05,-8472.0
B-25730,2018-07-22,2018-07-27,Standard Express,IND-CUST-1123,Rishabh,Small Business,India,Jaipur,Rajasthan,302001,North,IND-PRD-10369,Furniture,Chairs,Chairs - Grade A,7095.0,4,0.1,504.0
B-25730,2018-07-22,2018-07-24,BlueDart Express,IND-CUST-1123,Rishabh,Corporate,India,Jaipur,Rajasthan,302001,North,IND-PRD-10370,Clothing,Stole,Stole - Grade Premium,1440.0,5,0.05,264.0
B-25730,2018-07-22,2018-07-26,Standard Express,IND-CUST-1123,Rishabh,Consumer,India,Jaipur,Rajasthan,302001,North,IND-PRD-10371,Clothing,Hankerchief,Hankerchief - Grade Premium,270.0,2,0.05,96.0
B-25730,2018-07-22,2018-07-24,Same Day Delivery,IND-CUST-1123,Rishabh,Consumer,India,Jaipur,Rajasthan,302001,North,IND-PRD-10372,Electronics,Accessories,Accessories - Grade B,2805.0,4,0.2,360.0
B-25730,2018-07-22,2018-07-25,India Post Parcel,IND-CUST-1123,Rishabh,Small Business,India,Jaipur,Rajasthan,302001,North,IND-PRD-10373,Furniture,Chairs,Chairs - Grade Standard,1245.0,3,0.2,-972.0
B-25731,2018-07-26,2018-07-27,Standard Express,IND-CUST-1124,Akash,Consumer,India,Kolkata,West Bengal,700001,East,IND-PRD-10374,Furniture,Furnishings,Furnishings - Grade Premium,1965.0,8,0.05,-1848.0
B-25732,2018-07-27,2018-07-30,Standard Express,IND-CUST-1125,Anubhaw,Consumer,India,Bangalore,Karnataka,560001,South,IND-PRD-10375,Clothing,Stole,Stole - Grade B,240.0,2,0.1,-60.0
B-25733,2018-07-28,2018-08-01,Same Day Delivery,IND-CUST-1126,Dhirajendu,Corporate,India,Mumbai,Maharashtra,400001,West,IND-PRD-10376,Clothing,Stole,Stole - Grade A,645.0,7,0.2,-516.0
B-25733,2018-07-28,2018-07-30,Standard Express,IND-CUST-1126,Dhirajendu,Corporate,India,Mumbai,Maharashtra,400001,West,IND-PRD-10377,Clothing,Stole,Stole - Grade A,450.0,2,0.25,-120.0
B-25733,2018-07-28,2018-07-30,Same Day Delivery,IND-CUST-1126,Dhirajendu,Corporate,India,Mumbai,Maharashtra,400001,West,IND-PRD-10378,Clothing,Hankerchief,Hankerchief - Grade Premium,345.0,4,0.1,-72.0
B-25734,2018-07-29,2018-08-03,Standard Express,IND-CUST-1127,Pranav,Consumer,India,Indore,Madhya Pradesh,452001,Central,IND-PRD-10379,Electronics,Electronic Games,Electronic Games - Grade Premium,1620.0,3,0.05,-228.0
B-25735,2018-07-30,2018-08-01,BlueDart Express,IND-CUST-1128,Arindam,Consumer,India,Lucknow,Uttar Pradesh,226001,North,IND-PRD-10380,Clothing,Hankerchief,Hankerchief - Grade Standard,180.0,3,0.0,-24.0
B-25735,2018-07-30,2018-08-04,Standard Express,IND-CUST-1128,Arindam,Small Business,India,Lucknow,Uttar Pradesh,226001,North,IND-PRD-10381,Clothing,Skirt,Skirt - Grade Standard,105.0,2,0.25,-12.0
B-25735,2018-07-30,2018-07-31,BlueDart Express,IND-CUST-1128,Arindam,Consumer,India,Lucknow,Uttar Pradesh,226001,North,IND-PRD-10382,Clothing,Hankerchief,Hankerchief - Grade Premium,225.0,1,0.0,-84.0
B-25736,2018-07-31,2018-08-04,BlueDart Express,IND-CUST-1129,Akshat,Corporate,India,Mumbai,Maharashtra,400001,West,IND-PRD-10383,Clothing,Skirt,Skirt - Grade B,465.0,5,0.1,-84.0
B-25737,2018-08-01,2018-08-06,BlueDart Express,IND-CUST-1130,Shubham,Corporate,India,Indore,Madhya Pradesh,452001,Central,IND-PRD-10384,Clothing,Trousers,Trousers - Grade Standard,2805.0,3,0.0,-180.0
B-25738,2018-08-02,2018-08-03,Standard Express,IND-CUST-1131,Ayush,Corporate,India,Chandigarh,Punjab,400001,North,IND-PRD-10385,Furniture,Furnishings,Furnishings - Grade Premium,1050.0,2,0.0,-168.0
B-25738,2018-08-02,2018-08-04,BlueDart Express,IND-CUST-1131,Ayush,Consumer,India,Chandigarh,Punjab,400001,North,IND-PRD-10386,Clothing,Saree,Saree - Grade Standard,1080.0,3,0.05,-72.0
B-25738,2018-08-02,2018-08-04,Same Day Delivery,IND-CUST-1131,Ayush,Consumer,India,Chandigarh,Punjab,400001,North,IND-PRD-10387,Clothing,Saree,Saree - Grade Premium,16035.0,6,0.3,0.0
B-25738,2018-08-02,2018-08-03,Standard Express,IND-CUST-1131,Ayush,Corporate,India,Chandigarh,Punjab,400001,North,IND-PRD-10388,Electronics,Phones,Phones - Grade A,2220.0,2,0.0,-1092.0
B-25739,2018-08-03,2018-08-05,Standard Express,IND-CUST-1132,Daksh,Small Business,India,Chandigarh,Haryana,400001,North,IND-PRD-10389,Furniture,Chairs,Chairs - Grade Premium,1995.0,2,0.1,-672.0
B-25740,2018-08-03,2018-08-04,Standard Express,IND-CUST-1133,Rane,Small Business,India,Mumbai,Maharashtra,400001,West,IND-PRD-10390,Clothing,Stole,Stole - Grade A,600.0,3,0.0,-444.0
B-25740,2018-08-03,2018-08-08,BlueDart Express,IND-CUST-1133,Rane,Consumer,India,Mumbai,Maharashtra,400001,West,IND-PRD-10391,Clothing,Skirt,Skirt - Grade Standard,105.0,2,0.0,0.0
B-25740,2018-08-03,2018-08-08,BlueDart Express,IND-CUST-1133,Rane,Consumer,India,Mumbai,Maharashtra,400001,West,IND-PRD-10392,Clothing,Saree,Saree - Grade Premium,870.0,2,0.05,-96.0
B-25741,2018-08-03,2018-08-04,BlueDart Express,IND-CUST-1134,Navdeep,Small Business,India,Indore,Madhya Pradesh,452001,Central,IND-PRD-10393,Electronics,Electronic Games,Electronic Games - Grade Standard,7230.0,7,0.1,-72.0
B-25742,2018-08-03,2018-08-08,Standard Express,IND-CUST-1135,Ashwin,Corporate,India,Goa,Goa,400001,West,IND-PRD-10394,Clothing,Skirt,Skirt - Grade A,165.0,2,0.0,-96.0
B-25743,2018-08-07,2018-08-12,Standard Express,IND-CUST-1136,Aman,Small Business,India,Kohima,Nagaland,400001,Central,IND-PRD-10395,Clothing,Saree,Saree - Grade Premium,2145.0,5,0.05,-1488.0
B-25743,2018-08-07,2018-08-12,BlueDart Express,IND-CUST-1136,Aman,Consumer,India,Kohima,Nagaland,400001,Central,IND-PRD-10396,Clothing,Saree,Saree - Grade Standard,135.0,1,0.0,-60.0
B-25743,2018-08-07,2018-08-10,BlueDart Express,IND-CUST-1136,Aman,Corporate,India,Kohima,Nagaland,400001,Central,IND-PRD-10397,Clothing,Trousers,Trousers - Grade A,7545.0,2,0.05,-672.0
B-25743,2018-08-07,2018-08-11,India Post Parcel,IND-CUST-1136,Aman,Corporate,India,Kohima,Nagaland,400001,Central,IND-PRD-10398,Clothing,Stole,Stole - Grade Standard,1110.0,3,0.25,-612.0
B-25743,2018-08-07,2018-08-09,Standard Express,IND-CUST-1136,Aman,Corporate,India,Kohima,Nagaland,400001,Central,IND-PRD-10399,Clothing,Hankerchief,Hankerchief - Grade B,840.0,4,0.25,0.0
B-25744,2018-08-08,2018-08-11,BlueDart Express,IND-CUST-1137,Devendra,Consumer,India,Hyderabad,Andhra Pradesh,500001,South,IND-PRD-10400,Electronics,Printers,Printers - Grade A,5595.0,6,0.05,-3048.0
B-25745,2018-08-09,2018-08-14,Standard Express,IND-CUST-1138,Kartik,Consumer,India,Ahmedabad,Gujarat,380001,West,IND-PRD-10401,Clothing,Stole,Stole - Grade A,660.0,3,0.1,-96.0
B-25745,2018-08-09,2018-08-10,Standard Express,IND-CUST-1138,Kartik,Corporate,India,Ahmedabad,Gujarat,380001,West,IND-PRD-10402,Clothing,Saree,Saree - Grade A,4440.0,11,0.2,-2700.0
B-25745,2018-08-09,2018-08-14,BlueDart Express,IND-CUST-1138,Kartik,Consumer,India,Ahmedabad,Gujarat,380001,West,IND-PRD-10403,Furniture,Bookcases,Bookcases - Grade Premium,10050.0,5,0.0,180.0
B-25745,2018-08-09,2018-08-13,BlueDart Express,IND-CUST-1138,Kartik,Consumer,India,Ahmedabad,Gujarat,380001,West,IND-PRD-10404,Furniture,Furnishings,Furnishings - Grade Premium,1980.0,5,0.15,-948.0
B-25746,2018-08-10,2018-08-15,India Post Parcel,IND-CUST-1139,Shivam,Small Business,India,Pune,Maharashtra,411001,West,IND-PRD-10405,Clothing,Saree,Saree - Grade Premium,1305.0,2,0.25,192.0
B-25747,2018-08-11,2018-08-12,Standard Express,IND-CUST-1140,Harsh,Consumer,India,Bhopal,Madhya Pradesh,400001,Central,IND-PRD-10406,Furniture,Bookcases,Bookcases - Grade B,13155.0,2,0.0,4740.0
B-25748,2018-08-12,2018-08-16,Standard Express,IND-CUST-1141,Nitant,Corporate,India,Jaipur,Rajasthan,302001,North,IND-PRD-10407,Clothing,Shirt,Shirt - Grade B,2115.0,4,0.0,120.0
B-25748,2018-08-12,2018-08-17,BlueDart Express,IND-CUST-1141,Nitant,Consumer,India,Jaipur,Rajasthan,302001,North,IND-PRD-10408,Electronics,Phones,Phones - Grade A,3360.0,3,0.25,696.0
B-25748,2018-08-12,2018-08-16,BlueDart Express,IND-CUST-1141,Nitant,Corporate,India,Jaipur,Rajasthan,302001,North,IND-PRD-10409,Clothing,Leggings,Leggings - Grade B,120.0,2,0.1,-12.0
B-25748,2018-08-12,2018-08-14,Standard Express,IND-CUST-1141,Nitant,Small Business,India,Jaipur,Rajasthan,302001,North,IND-PRD-10410,Electronics,Electronic Games,Electronic Games - Grade Standard,705.0,2,0.0,-252.0
B-25749,2018-08-13,2018-08-15,Standard Express,IND-CUST-1131,Ayush,Consumer,India,Mumbai,Maharashtra,400001,West,IND-PRD-10411,Furniture,Bookcases,Bookcases - Grade A,15780.0,3,0.0,-984.0
B-25750,2018-08-14,2018-08-19,Standard Express,IND-CUST-1142,Priyanshu,Consumer,India,Indore,Madhya Pradesh,452001,Central,IND-PRD-10412,Furniture,Chairs,Chairs - Grade A,3180.0,2,0.05,-288.0
B-25750,2018-08-14,2018-08-18,Same Day Delivery,IND-CUST-1142,Priyanshu,Consumer,India,Indore,Madhya Pradesh,452001,Central,IND-PRD-10413,Clothing,Skirt,Skirt - Grade Standard,630.0,12,0.1,-180.0
B-25750,2018-08-14,2018-08-15,Standard Express,IND-CUST-1142,Priyanshu,Consumer,India,Indore,Madhya Pradesh,452001,Central,IND-PRD-10414,Clothing,Saree,Saree - Grade A,3120.0,2,0.15,-300.0
B-25750,2018-08-14,2018-08-19,Standard Express,IND-CUST-1142,Priyanshu,Corporate,India,Indore,Madhya Pradesh,452001,Central,IND-PRD-10415,Clothing,Stole,Stole - Grade B,330.0,3,0.3,-144.0
B-25750,2018-08-14,2018-08-16,Standard Express,IND-CUST-1142,Priyanshu,Small Business,India,Indore,Madhya Pradesh,452001,Central,IND-PRD-10416,Furniture,Furnishings,Furnishings - Grade Premium,8085.0,7,0.0,-1752.0
B-25750,2018-08-14,2018-08-16,Standard Express,IND-CUST-1142,Priyanshu,Consumer,India,Indore,Madhya Pradesh,452001,Central,IND-PRD-10417,Furniture,Furnishings,Furnishings - Grade Standard,1170.0,2,0.1,-72.0
B-25750,2018-08-14,2018-08-19,Standard Express,IND-CUST-1142,Priyanshu,Consumer,India,Indore,Madhya Pradesh,452001,Central,IND-PRD-10418,Clothing,Saree,Saree - Grade B,300.0,2,0.1,-216.0
B-25750,2018-08-14,2018-08-18,BlueDart Express,IND-CUST-1142,Priyanshu,Consumer,India,Indore,Madhya Pradesh,452001,Central,IND-PRD-10419,Clothing,Shirt,Shirt - Grade Standard,285.0,1,0.05,-12.0
B-25750,2018-08-14,2018-08-16,Standard Express,IND-CUST-1142,Priyanshu,Corporate,India,Indore,Madhya Pradesh,452001,Central,IND-PRD-10420,Furniture,Bookcases,Bookcases - Grade Standard,1095.0,1,0.0,-372.0
B-25751,2018-08-14,2018-08-18,Same Day Delivery,IND-CUST-1143,Nishant,Consumer,India,Mumbai,Maharashtra,400001,West,IND-PRD-10421,Clothing,Kurti,Kurti - Grade A,150.0,1,0.25,-96.0
B-25751,2018-08-14,2018-08-16,Standard Express,IND-CUST-1143,Nishant,Corporate,India,Mumbai,Maharashtra,400001,West,IND-PRD-10422,Clothing,Leggings,Leggings - Grade A,210.0,2,0.2,-36.0
B-25751,2018-08-14,2018-08-16,BlueDart Express,IND-CUST-1143,Nishant,Corporate,India,Mumbai,Maharashtra,400001,West,IND-PRD-10423,Electronics,Phones,Phones - Grade B,1020.0,2,0.05,-672.0
B-25751,2018-08-14,2018-08-17,Same Day Delivery,IND-CUST-1143,Nishant,Corporate,India,Mumbai,Maharashtra,400001,West,IND-PRD-10424,Electronics,Phones,Phones - Grade Standard,1590.0,2,0.1,0.0
B-25751,2018-08-14,2018-08-16,BlueDart Express,IND-CUST-1143,Nishant,Consumer,India,Mumbai,Maharashtra,400001,West,IND-PRD-10425,Clothing,Saree,Saree - Grade A,645.0,2,0.0,-60.0
B-25751,2018-08-14,2018-08-15,BlueDart Express,IND-CUST-1143,Nishant,Corporate,India,Mumbai,Maharashtra,400001,West,IND-PRD-10426,Clothing,Shirt,Shirt - Grade A,645.0,3,0.1,252.0
B-25751,2018-08-14,2018-08-19,Standard Express,IND-CUST-1143,Nishant,Consumer,India,Mumbai,Maharashtra,400001,West,IND-PRD-10427,Electronics,Electronic Games,Electronic Games - Grade Standard,8010.0,2,0.1,60.0
B-25751,2018-08-14,2018-08-19,Standard Express,IND-CUST-1143,Nishant,Consumer,India,Mumbai,Maharashtra,400001,West,IND-PRD-10428,Clothing,Hankerchief,Hankerchief - Grade B,480.0,3,0.1,84.0
B-25751,2018-08-14,2018-08-18,BlueDart Express,IND-CUST-1143,Nishant,Small Business,India,Mumbai,Maharashtra,400001,West,IND-PRD-10429,Clothing,Hankerchief,Hankerchief - Grade B,975.0,6,0.3,-48.0
B-25751,2018-08-14,2018-08-16,India Post Parcel,IND-CUST-1143,Nishant,Corporate,India,Mumbai,Maharashtra,400001,West,IND-PRD-10430,Electronics,Electronic Games,Electronic Games - Grade Standard,3315.0,2,0.1,-180.0
B-25752,2018-08-14,2018-08-15,BlueDart Express,IND-CUST-1144,Vaibhav,Consumer,India,Indore,Madhya Pradesh,452001,Central,IND-PRD-10431,Furniture,Bookcases,Bookcases - Grade B,20415.0,9,0.05,2364.0
B-25752,2018-08-14,2018-08-18,BlueDart Express,IND-CUST-1144,Vaibhav,Consumer,India,Indore,Madhya Pradesh,452001,Central,IND-PRD-10432,Electronics,Electronic Games,Electronic Games - Grade A,11415.0,9,0.15,3192.0
B-25752,2018-08-14,2018-08-17,BlueDart Express,IND-CUST-1144,Vaibhav,Consumer,India,Indore,Madhya Pradesh,452001,Central,IND-PRD-10433,Clothing,Stole,Stole - Grade Standard,1140.0,5,0.0,324.0
B-25752,2018-08-14,2018-08-18,BlueDart Express,IND-CUST-1144,Vaibhav,Consumer,India,Indore,Madhya Pradesh,452001,Central,IND-PRD-10434,Clothing,T-shirt,T-shirt - Grade A,1365.0,6,0.05,180.0
B-25752,2018-08-14,2018-08-18,Standard Express,IND-CUST-1144,Vaibhav,Consumer,India,Indore,Madhya Pradesh,452001,Central,IND-PRD-10435,Clothing,Hankerchief,Hankerchief - Grade Premium,120.0,2,0.05,-24.0
B-25752,2018-08-14,2018-08-16,BlueDart Express,IND-CUST-1144,Vaibhav,Consumer,India,Indore,Madhya Pradesh,452001,Central,IND-PRD-10436,Electronics,Printers,Printers - Grade Premium,11025.0,6,0.05,-2820.0
B-25752,2018-08-14,2018-08-17,India Post Parcel,IND-CUST-1144,Vaibhav,Consumer,India,Indore,Madhya Pradesh,452001,Central,IND-PRD-10437,Furniture,Chairs,Chairs - Grade B,495.0,1,0.15,-324.0
B-25753,2018-08-17,2018-08-21,Standard Express,IND-CUST-1139,Shivam,Corporate,India,Lucknow,Uttar Pradesh,226001,North,IND-PRD-10438,Clothing,Kurti,Kurti - Grade Premium,930.0,5,0.05,-672.0
B-25753,2018-08-17,2018-08-18,BlueDart Express,IND-CUST-1139,Shivam,Corporate,India,Lucknow,Uttar Pradesh,226001,North,IND-PRD-10439,Clothing,Hankerchief,Hankerchief - Grade A,405.0,2,0.15,-240.0
B-25753,2018-08-17,2018-08-18,Standard Express,IND-CUST-1139,Shivam,Corporate,India,Lucknow,Uttar Pradesh,226001,North,IND-PRD-10440,Electronics,Accessories,Accessories - Grade Premium,975.0,3,0.1,-624.0
B-25753,2018-08-17,2018-08-22,BlueDart Express,IND-CUST-1139,Shivam,Consumer,India,Lucknow,Uttar Pradesh,226001,North,IND-PRD-10441,Furniture,Furnishings,Furnishings - Grade A,705.0,5,0.05,-1368.0
B-25753,2018-08-17,2018-08-20,Standard Express,IND-CUST-1139,Shivam,Small Business,India,Lucknow,Uttar Pradesh,226001,North,IND-PRD-10442,Clothing,Trousers,Trousers - Grade B,5115.0,6,0.15,-1020.0
B-25753,2018-08-17,2018-08-20,BlueDart Express,IND-CUST-1139,Shivam,Corporate,India,Lucknow,Uttar Pradesh,226001,North,IND-PRD-10443,Clothing,T-shirt,T-shirt - Grade B,1605.0,5,0.0,372.0
B-25753,2018-08-17,2018-08-22,Same Day Delivery,IND-CUST-1139,Shivam,Corporate,India,Lucknow,Uttar Pradesh,226001,North,IND-PRD-10444,Clothing,T-shirt,T-shirt - Grade A,2310.0,7,0.0,264.0
B-25753,2018-08-17,2018-08-21,Standard Express,IND-CUST-1139,Shivam,Corporate,India,Lucknow,Uttar Pradesh,226001,North,IND-PRD-10445,Electronics,Accessories,Accessories - Grade Premium,9300.0,6,0.1,984.0
B-25753,2018-08-17,2018-08-20,BlueDart Express,IND-CUST-1139,Shivam,Small Business,India,Lucknow,Uttar Pradesh,226001,North,IND-PRD-10446,Clothing,Stole,Stole - Grade B,1155.0,8,0.0,-516.0
B-25754,2018-08-18,2018-08-19,Same Day Delivery,IND-CUST-1145,Akshay,Consumer,India,Patna,Bihar,400001,East,IND-PRD-10447,Clothing,Kurti,Kurti - Grade Standard,1080.0,7,0.0,-552.0
B-25754,2018-08-18,2018-08-19,India Post Parcel,IND-CUST-1145,Akshay,Consumer,India,Patna,Bihar,400001,East,IND-PRD-10448,Clothing,Leggings,Leggings - Grade B,615.0,5,0.1,-168.0
B-25754,2018-08-18,2018-08-20,Standard Express,IND-CUST-1145,Akshay,Corporate,India,Patna,Bihar,400001,East,IND-PRD-10449,Clothing,Saree,Saree - Grade Premium,450.0,2,0.1,-276.0
B-25754,2018-08-18,2018-08-21,Standard Express,IND-CUST-1145,Akshay,Corporate,India,Patna,Bihar,400001,East,IND-PRD-10450,Clothing,Stole,Stole - Grade Standard,1395.0,4,0.05,-780.0
B-25754,2018-08-18,2018-08-22,Standard Express,IND-CUST-1145,Akshay,Corporate,India,Patna,Bihar,400001,East,IND-PRD-10451,Clothing,Skirt,Skirt - Grade Premium,285.0,3,0.25,0.0
B-25754,2018-08-18,2018-08-23,India Post Parcel,IND-CUST-1145,Akshay,Consumer,India,Patna,Bihar,400001,East,IND-PRD-10452,Clothing,Skirt,Skirt - Grade A,135.0,3,0.1,-12.0
B-25754,2018-08-18,2018-08-23,India Post Parcel,IND-CUST-1145,Akshay,Consumer,India,Patna,Bihar,400001,East,IND-PRD-10453,Clothing,Saree,Saree - Grade Standard,4785.0,5,0.2,-3744.0
B-25754,2018-08-18,2018-08-22,BlueDart Express,IND-CUST-1145,Akshay,Consumer,India,Patna,Bihar,400001,East,IND-PRD-10454,Electronics,Printers,Printers - Grade Premium,3930.0,2,0.0,-2580.0
B-25755,2018-08-19,2018-08-21,Same Day Delivery,IND-CUST-1146,Shourya,Small Business,India,Thiruvananthapuram,Kerala ,400001,Central,IND-PRD-10455,Clothing,Saree,Saree - Grade Standard,555.0,3,0.1,-636.0
B-25755,2018-08-19,2018-08-24,BlueDart Express,IND-CUST-1146,Shourya,Corporate,India,Thiruvananthapuram,Kerala ,400001,Central,IND-PRD-10456,Furniture,Bookcases,Bookcases - Grade Premium,3855.0,2,0.2,-36.0
B-25755,2018-08-19,2018-08-22,BlueDart Express,IND-CUST-1146,Shourya,Consumer,India,Thiruvananthapuram,Kerala ,400001,Central,IND-PRD-10457,Clothing,Stole,Stole - Grade Standard,1200.0,5,0.1,-228.0
B-25755,2018-08-19,2018-08-21,Standard Express,IND-CUST-1146,Shourya,Consumer,India,Thiruvananthapuram,Kerala ,400001,Central,IND-PRD-10458,Clothing,Saree,Saree - Grade Premium,4815.0,5,0.15,-3780.0
B-25755,2018-08-19,2018-08-22,Same Day Delivery,IND-CUST-1146,Shourya,Consumer,India,Thiruvananthapuram,Kerala ,400001,Central,IND-PRD-10459,Clothing,Stole,Stole - Grade A,705.0,2,0.05,-36.0
B-25755,2018-08-19,2018-08-20,Standard Express,IND-CUST-1146,Shourya,Small Business,India,Thiruvananthapuram,Kerala ,400001,Central,IND-PRD-10460,Furniture,Bookcases,Bookcases - Grade Standard,8895.0,4,0.0,2556.0
B-25755,2018-08-19,2018-08-21,Same Day Delivery,IND-CUST-1146,Shourya,Corporate,India,Thiruvananthapuram,Kerala ,400001,Central,IND-PRD-10461,Furniture,Chairs,Chairs - Grade Standard,2010.0,2,0.05,-408.0
B-25755,2018-08-19,2018-08-24,Same Day Delivery,IND-CUST-1146,Shourya,Corporate,India,Thiruvananthapuram,Kerala ,400001,Central,IND-PRD-10462,Clothing,Trousers,Trousers - Grade Standard,25635.0,3,0.05,6768.0
B-25755,2018-08-19,2018-08-21,BlueDart Express,IND-CUST-1146,Shourya,Consumer,India,Thiruvananthapuram,Kerala ,400001,Central,IND-PRD-10463,Clothing,Saree,Saree - Grade Standard,405.0,2,0.2,48.0
B-25756,2018-08-20,2018-08-22,Standard Express,IND-CUST-1147,Mohan,Corporate,India,Mumbai,Maharashtra,400001,West,IND-PRD-10464,Electronics,Phones,Phones - Grade A,6975.0,4,0.0,-396.0
B-25756,2018-08-20,2018-08-22,Standard Express,IND-CUST-1147,Mohan,Consumer,India,Mumbai,Maharashtra,400001,West,IND-PRD-10465,Electronics,Printers,Printers - Grade Standard,9645.0,2,0.25,-540.0
B-25756,2018-08-20,2018-08-22,Standard Express,IND-CUST-1147,Mohan,Corporate,India,Mumbai,Maharashtra,400001,West,IND-PRD-10466,Furniture,Bookcases,Bookcases - Grade B,3060.0,3,0.25,-3312.0
B-25756,2018-08-20,2018-08-23,Standard Express,IND-CUST-1147,Mohan,Consumer,India,Mumbai,Maharashtra,400001,West,IND-PRD-10467,Furniture,Bookcases,Bookcases - Grade A,10935.0,5,0.0,-5904.0
B-25756,2018-08-20,2018-08-21,Standard Express,IND-CUST-1147,Mohan,Consumer,India,Mumbai,Maharashtra,400001,West,IND-PRD-10468,Clothing,Leggings,Leggings - Grade B,435.0,4,0.05,-288.0
B-25757,2018-08-21,2018-08-25,India Post Parcel,IND-CUST-1148,Mohit,Corporate,India,Indore,Madhya Pradesh,452001,Central,IND-PRD-10469,Clothing,Skirt,Skirt - Grade Standard,255.0,4,0.2,-156.0
B-25757,2018-08-21,2018-08-23,BlueDart Express,IND-CUST-1148,Mohit,Small Business,India,Indore,Madhya Pradesh,452001,Central,IND-PRD-10470,Clothing,T-shirt,T-shirt - Grade Premium,510.0,5,0.25,-132.0
B-25757,2018-08-21,2018-08-26,Standard Express,IND-CUST-1148,Mohit,Consumer,India,Indore,Madhya Pradesh,452001,Central,IND-PRD-10471,Furniture,Furnishings,Furnishings - Grade B,1470.0,2,0.05,108.0
B-25757,2018-08-21,2018-08-23,Standard Express,IND-CUST-1148,Mohit,Corporate,India,Indore,Madhya Pradesh,452001,Central,IND-PRD-10472,Clothing,Trousers,Trousers - Grade Standard,47265.0,7,0.05,-420.0
B-25757,2018-08-21,2018-08-26,Standard Express,IND-CUST-1148,Mohit,Consumer,India,Indore,Madhya Pradesh,452001,Central,IND-PRD-10473,Clothing,Stole,Stole - Grade B,795.0,2,0.1,180.0
B-25757,2018-08-21,2018-08-24,BlueDart Express,IND-CUST-1148,Mohit,Consumer,India,Indore,Madhya Pradesh,452001,Central,IND-PRD-10474,Clothing,Stole,Stole - Grade Standard,2475.0,3,0.1,360.0
B-25757,2018-08-21,2018-08-26,BlueDart Express,IND-CUST-1148,Mohit,Consumer,India,Indore,Madhya Pradesh,452001,Central,IND-PRD-10475,Clothing,Stole,Stole - Grade Standard,3165.0,8,0.0,228.0
B-25757,2018-08-21,2018-08-25,India Post Parcel,IND-CUST-1148,Mohit,Consumer,India,Indore,Madhya Pradesh,452001,Central,IND-PRD-10476,Clothing,Hankerchief,Hankerchief - Grade Standard,1590.0,7,0.15,180.0
B-25757,2018-08-21,2018-08-22,BlueDart Express,IND-CUST-1148,Mohit,Consumer,India,Indore,Madhya Pradesh,452001,Central,IND-PRD-10477,Clothing,Hankerchief,Hankerchief - Grade Premium,210.0,1,0.0,60.0
B-25757,2018-08-21,2018-08-26,India Post Parcel,IND-CUST-1148,Mohit,Consumer,India,Indore,Madhya Pradesh,452001,Central,IND-PRD-10478,Clothing,Hankerchief,Hankerchief - Grade B,255.0,3,0.0,84.0
B-25757,2018-08-21,2018-08-26,Same Day Delivery,IND-CUST-1148,Mohit,Consumer,India,Indore,Madhya Pradesh,452001,Central,IND-PRD-10479,Clothing,Skirt,Skirt - Grade A,690.0,5,0.05,168.0
B-25758,2018-08-22,2018-08-23,Standard Express,IND-CUST-1130,Shubham,Small Business,India,Simla,Himachal Pradesh,400001,Central,IND-PRD-10480,Clothing,Stole,Stole - Grade A,120.0,1,0.05,-24.0
B-25759,2018-08-23,2018-08-27,India Post Parcel,IND-CUST-1149,Soumya,Consumer,India,Gangtok,Sikkim,400001,Central,IND-PRD-10481,Clothing,Hankerchief,Hankerchief - Grade A,300.0,6,0.05,-108.0
B-25760,2018-08-24,2018-08-26,Standard Express,IND-CUST-1027,Pooja,Corporate,India,Goa,Goa,400001,West,IND-PRD-10482,Electronics,Printers,Printers - Grade A,4830.0,5,0.05,-2316.0
B-25761,2018-08-25,2018-08-30,Same Day Delivery,IND-CUST-1112,Surabhi,Consumer,India,Mumbai,Maharashtra,400001,West,IND-PRD-10483,Furniture,Bookcases,Bookcases - Grade Standard,32820.0,5,0.05,12600.0
B-25761,2018-08-25,2018-08-26,Standard Express,IND-CUST-1112,Surabhi,Corporate,India,Mumbai,Maharashtra,400001,West,IND-PRD-10484,Electronics,Electronic Games,Electronic Games - Grade B,4920.0,3,0.0,-180.0
B-25761,2018-08-25,2018-08-28,Same Day Delivery,IND-CUST-1112,Surabhi,Consumer,India,Mumbai,Maharashtra,400001,West,IND-PRD-10485,Electronics,Phones,Phones - Grade B,6270.0,7,0.05,840.0
B-25761,2018-08-25,2018-08-26,Same Day Delivery,IND-CUST-1112,Surabhi,Consumer,India,Mumbai,Maharashtra,400001,West,IND-PRD-10486,Clothing,Saree,Saree - Grade Premium,600.0,3,0.25,0.0
B-25761,2018-08-25,2018-08-28,Same Day Delivery,IND-CUST-1112,Surabhi,Consumer,India,Mumbai,Maharashtra,400001,West,IND-PRD-10487,Clothing,Saree,Saree - Grade B,1530.0,1,0.05,-1080.0
B-25761,2018-08-25,2018-08-29,Same Day Delivery,IND-CUST-1112,Surabhi,Consumer,India,Mumbai,Maharashtra,400001,West,IND-PRD-10488,Electronics,Electronic Games,Electronic Games - Grade B,3945.0,9,0.05,-372.0
B-25762,2018-08-26,2018-08-28,Standard Express,IND-CUST-1150,Anudeep,Consumer,India,Indore,Madhya Pradesh,452001,Central,IND-PRD-10489,Electronics,Electronic Games,Electronic Games - Grade B,19740.0,7,0.1,-6324.0
B-25762,2018-08-26,2018-08-27,Standard Express,IND-CUST-1150,Anudeep,Corporate,India,Indore,Madhya Pradesh,452001,Central,IND-PRD-10490,Clothing,Skirt,Skirt - Grade Premium,405.0,3,0.3,48.0
B-25762,2018-08-26,2018-08-31,Standard Express,IND-CUST-1150,Anudeep,Small Business,India,Indore,Madhya Pradesh,452001,Central,IND-PRD-10491,Clothing,Saree,Saree - Grade A,1470.0,2,0.0,-60.0
B-25763,2018-08-27,2018-08-31,Standard Express,IND-CUST-1151,Noshiba,Corporate,India,Ahmedabad,Gujarat,380001,West,IND-PRD-10492,Furniture,Chairs,Chairs - Grade B,870.0,3,0.1,-624.0
B-25764,2018-08-28,2018-08-29,BlueDart Express,IND-CUST-1152,Sanjova,Corporate,India,Pune,Maharashtra,411001,West,IND-PRD-10493,Clothing,T-shirt,T-shirt - Grade Premium,1785.0,5,0.15,516.0
B-25764,2018-08-28,2018-09-02,Standard Express,IND-CUST-1152,Sanjova,Consumer,India,Pune,Maharashtra,411001,West,IND-PRD-10494,Electronics,Phones,Phones - Grade Premium,11475.0,2,0.1,-1836.0
B-25764,2018-08-28,2018-08-29,India Post Parcel,IND-CUST-1152,Sanjova,Consumer,India,Pune,Maharashtra,411001,West,IND-PRD-10495,Clothing,Kurti,Kurti - Grade Standard,390.0,2,0.0,0.0
B-25764,2018-08-28,2018-08-31,BlueDart Express,IND-CUST-1152,Sanjova,Consumer,India,Pune,Maharashtra,411001,West,IND-PRD-10496,Clothing,Saree,Saree - Grade Premium,360.0,2,0.1,-288.0
B-25765,2018-08-29,2018-08-30,Same Day Delivery,IND-CUST-1153,Meghana,Consumer,India,Bhopal,Madhya Pradesh,400001,Central,IND-PRD-10497,Clothing,Stole,Stole - Grade A,2085.0,3,0.0,168.0
B-25766,2018-08-30,2018-08-31,Standard Express,IND-CUST-1112,Surabhi,Consumer,India,Jaipur,Rajasthan,302001,North,IND-PRD-10498,Clothing,Saree,Saree - Grade B,3300.0,2,0.1,-228.0
B-25767,2018-08-31,2018-09-01,Same Day Delivery,IND-CUST-1154,Ashmeet,Consumer,India,Kolkata,West Bengal,700001,East,IND-PRD-10499,Electronics,Electronic Games,Electronic Games - Grade Premium,4485.0,3,0.15,-336.0
B-25767,2018-08-31,2018-09-04,India Post Parcel,IND-CUST-1154,Ashmeet,Consumer,India,Kolkata,West Bengal,700001,East,IND-PRD-10500,Clothing,Kurti,Kurti - Grade A,135.0,2,0.0,-108.0
B-25767,2018-08-31,2018-09-01,BlueDart Express,IND-CUST-1154,Ashmeet,Consumer,India,Kolkata,West Bengal,700001,East,IND-PRD-10501,Electronics,Accessories,Accessories - Grade Premium,1110.0,2,0.15,-708.0
B-25767,2018-08-31,2018-09-05,BlueDart Express,IND-CUST-1154,Ashmeet,Corporate,India,Kolkata,West Bengal,700001,East,IND-PRD-10502,Clothing,Saree,Saree - Grade Premium,435.0,3,0.0,-36.0
B-25767,2018-08-31,2018-09-03,Same Day Delivery,IND-CUST-1154,Ashmeet,Corporate,India,Kolkata,West Bengal,700001,East,IND-PRD-10503,Clothing,Saree,Saree - Grade Premium,720.0,2,0.15,-264.0
B-25768,2018-09-01,2018-09-04,Standard Express,IND-CUST-1155,Shreyoshe,Consumer,India,Bangalore,Karnataka,560001,South,IND-PRD-10504,Clothing,Trousers,Trousers - Grade Premium,23730.0,6,0.05,-5316.0
B-25769,2018-09-02,2018-09-03,BlueDart Express,IND-CUST-1156,Surbhi,Small Business,India,Mumbai,Maharashtra,400001,West,IND-PRD-10505,Clothing,Saree,Saree - Grade Premium,5325.0,2,0.0,-48.0
B-25770,2018-09-02,2018-09-06,Standard Express,IND-CUST-1107,Sakshi,Small Business,India,Indore,Madhya Pradesh,452001,Central,IND-PRD-10506,Furniture,Bookcases,Bookcases - Grade A,5625.0,3,0.0,2160.0
B-25770,2018-09-02,2018-09-06,Standard Express,IND-CUST-1107,Sakshi,Consumer,India,Indore,Madhya Pradesh,452001,Central,IND-PRD-10507,Furniture,Bookcases,Bookcases - Grade B,4485.0,2,0.25,1356.0
B-25770,2018-09-02,2018-09-07,Standard Express,IND-CUST-1107,Sakshi,Consumer,India,Indore,Madhya Pradesh,452001,Central,IND-PRD-10508,Furniture,Chairs,Chairs - Grade B,4305.0,12,0.0,-3360.0
B-25770,2018-09-02,2018-09-03,Standard Express,IND-CUST-1107,Sakshi,Consumer,India,Indore,Madhya Pradesh,452001,Central,IND-PRD-10509,Furniture,Furnishings,Furnishings - Grade B,1650.0,1,0.0,420.0
B-25771,2018-09-02,2018-09-05,Standard Express,IND-CUST-1157,Vaibhavi,Small Business,India,Lucknow,Uttar Pradesh,226001,North,IND-PRD-10510,Clothing,Hankerchief,Hankerchief - Grade B,2220.0,3,0.05,708.0
B-25772,2018-09-02,2018-09-06,Standard Express,IND-CUST-1158,Sanjana,Small Business,India,Patna,Bihar,400001,East,IND-PRD-10511,Electronics,Printers,Printers - Grade A,17745.0,4,0.1,1272.0
B-25773,2018-09-06,2018-09-07,India Post Parcel,IND-CUST-1074,Shreya,Consumer,India,Thiruvananthapuram,Kerala ,400001,Central,IND-PRD-10512,Furniture,Chairs,Chairs - Grade Standard,3720.0,3,0.1,-840.0
B-25773,2018-09-06,2018-09-10,BlueDart Express,IND-CUST-1074,Shreya,Consumer,India,Thiruvananthapuram,Kerala ,400001,Central,IND-PRD-10513,Clothing,Saree,Saree - Grade Standard,1275.0,4,0.0,-108.0
B-25773,2018-09-06,2018-09-10,India Post Parcel,IND-CUST-1074,Shreya,Corporate,India,Thiruvananthapuram,Kerala ,400001,Central,IND-PRD-10514,Clothing,Saree,Saree - Grade A,360.0,2,0.0,-168.0
B-25773,2018-09-06,2018-09-09,Standard Express,IND-CUST-1074,Shreya,Consumer,India,Thiruvananthapuram,Kerala ,400001,Central,IND-PRD-10515,Electronics,Electronic Games,Electronic Games - Grade A,3135.0,2,0.0,-252.0
B-25773,2018-09-06,2018-09-08,Standard Express,IND-CUST-1074,Shreya,Consumer,India,Thiruvananthapuram,Kerala ,400001,Central,IND-PRD-10516,Furniture,Chairs,Chairs - Grade Premium,3360.0,3,0.0,-1716.0
B-25774,2018-09-07,2018-09-12,BlueDart Express,IND-CUST-1159,Snehal,Small Business,India,Chandigarh,Punjab,400001,North,IND-PRD-10517,Furniture,Furnishings,Furnishings - Grade Premium,570.0,2,0.05,-72.0
B-25775,2018-09-08,2018-09-13,Standard Express,IND-CUST-1160,Duhita,Corporate,India,Chandigarh,Haryana,400001,North,IND-PRD-10518,Clothing,Stole,Stole - Grade Premium,750.0,2,0.15,-204.0
B-25776,2018-09-09,2018-09-12,Standard Express,IND-CUST-1161,Mousam,Corporate,India,Mumbai,Maharashtra,400001,West,IND-PRD-10519,Clothing,Kurti,Kurti - Grade B,705.0,2,0.0,-240.0
B-25777,2018-09-10,2018-09-14,BlueDart Express,IND-CUST-1162,Aditi,Small Business,India,Indore,Madhya Pradesh,452001,Central,IND-PRD-10520,Electronics,Accessories,Accessories - Grade Premium,915.0,4,0.05,-300.0
B-25777,2018-09-10,2018-09-11,Standard Express,IND-CUST-1162,Aditi,Corporate,India,Indore,Madhya Pradesh,452001,Central,IND-PRD-10521,Clothing,Kurti,Kurti - Grade Standard,1035.0,4,0.05,-804.0
B-25777,2018-09-10,2018-09-14,BlueDart Express,IND-CUST-1162,Aditi,Consumer,India,Indore,Madhya Pradesh,452001,Central,IND-PRD-10522,Clothing,T-shirt,T-shirt - Grade B,885.0,7,0.25,-552.0
B-25777,2018-09-10,2018-09-13,BlueDart Express,IND-CUST-1162,Aditi,Corporate,India,Indore,Madhya Pradesh,452001,Central,IND-PRD-10523,Clothing,Kurti,Kurti - Grade Premium,1755.0,6,0.25,204.0
B-25777,2018-09-10,2018-09-15,Standard Express,IND-CUST-1162,Aditi,Consumer,India,Indore,Madhya Pradesh,452001,Central,IND-PRD-10524,Electronics,Printers,Printers - Grade B,16140.0,4,0.15,-456.0
B-25778,2018-09-11,2018-09-15,Standard Express,IND-CUST-1112,Surabhi,Corporate,India,Mumbai,Maharashtra,400001,West,IND-PRD-10525,Electronics,Printers,Printers - Grade Standard,22590.0,6,0.0,-3192.0
B-25778,2018-09-11,2018-09-16,Same Day Delivery,IND-CUST-1112,Surabhi,Consumer,India,Mumbai,Maharashtra,400001,West,IND-PRD-10526,Clothing,Saree,Saree - Grade Premium,1635.0,6,0.0,-72.0
B-25778,2018-09-11,2018-09-12,BlueDart Express,IND-CUST-1112,Surabhi,Corporate,India,Mumbai,Maharashtra,400001,West,IND-PRD-10527,Clothing,Saree,Saree - Grade Standard,13995.0,5,0.05,1992.0
B-25778,2018-09-11,2018-09-16,Standard Express,IND-CUST-1112,Surabhi,Consumer,India,Mumbai,Maharashtra,400001,West,IND-PRD-10528,Electronics,Electronic Games,Electronic Games - Grade Standard,10860.0,4,0.0,-5364.0
B-25779,2018-09-12,2018-09-17,India Post Parcel,IND-CUST-1163,Savi,Consumer,India,Indore,Madhya Pradesh,452001,Central,IND-PRD-10529,Furniture,Tables,Tables - Grade Standard,20415.0,3,0.1,-11760.0
B-25780,2018-09-13,2018-09-15,Standard Express,IND-CUST-1164,Teena,Consumer,India,Hyderabad,Andhra Pradesh,500001,South,IND-PRD-10530,Electronics,Phones,Phones - Grade Premium,2055.0,3,0.15,-492.0
B-25781,2018-09-14,2018-09-16,BlueDart Express,IND-CUST-1165,Rutuja,Consumer,India,Ahmedabad,Gujarat,380001,West,IND-PRD-10531,Clothing,Hankerchief,Hankerchief - Grade A,900.0,8,0.2,-588.0
B-25781,2018-09-14,2018-09-16,India Post Parcel,IND-CUST-1165,Rutuja,Corporate,India,Ahmedabad,Gujarat,380001,West,IND-PRD-10532,Clothing,T-shirt,T-shirt - Grade Premium,450.0,2,0.15,-300.0
B-25781,2018-09-14,2018-09-19,Standard Express,IND-CUST-1165,Rutuja,Corporate,India,Ahmedabad,Gujarat,380001,West,IND-PRD-10533,Clothing,Trousers,Trousers - Grade Standard,11505.0,5,0.05,-4236.0
B-25781,2018-09-14,2018-09-17,Standard Express,IND-CUST-1165,Rutuja,Consumer,India,Ahmedabad,Gujarat,380001,West,IND-PRD-10534,Clothing,Stole,Stole - Grade Premium,675.0,2,0.1,-336.0
B-25781,2018-09-14,2018-09-19,Standard Express,IND-CUST-1165,Rutuja,Consumer,India,Ahmedabad,Gujarat,380001,West,IND-PRD-10535,Clothing,Kurti,Kurti - Grade Standard,375.0,4,0.05,-12.0
B-25781,2018-09-14,2018-09-17,Standard Express,IND-CUST-1165,Rutuja,Consumer,India,Ahmedabad,Gujarat,380001,West,IND-PRD-10536,Electronics,Printers,Printers - Grade A,8760.0,7,0.0,-5328.0
B-25782,2018-09-15,2018-09-18,Standard Express,IND-CUST-1079,Aayushi,Consumer,India,Mumbai,Maharashtra,400001,West,IND-PRD-10537,Furniture,Chairs,Chairs - Grade B,5025.0,7,0.15,-264.0
B-25783,2018-09-15,2018-09-17,BlueDart Express,IND-CUST-1166,Shivangi,Consumer,India,Indore,Madhya Pradesh,452001,Central,IND-PRD-10538,Clothing,Stole,Stole - Grade A,375.0,1,0.0,-132.0
B-25783,2018-09-15,2018-09-19,Standard Express,IND-CUST-1166,Shivangi,Small Business,India,Indore,Madhya Pradesh,452001,Central,IND-PRD-10539,Clothing,Hankerchief,Hankerchief - Grade A,450.0,2,0.05,-72.0
B-25783,2018-09-15,2018-09-16,BlueDart Express,IND-CUST-1166,Shivangi,Consumer,India,Indore,Madhya Pradesh,452001,Central,IND-PRD-10540,Clothing,Leggings,Leggings - Grade B,495.0,6,0.05,-120.0
B-25783,2018-09-15,2018-09-17,India Post Parcel,IND-CUST-1166,Shivangi,Consumer,India,Indore,Madhya Pradesh,452001,Central,IND-PRD-10541,Clothing,Shirt,Shirt - Grade Premium,315.0,3,0.1,-204.0
B-25783,2018-09-15,2018-09-17,Same Day Delivery,IND-CUST-1166,Shivangi,Consumer,India,Indore,Madhya Pradesh,452001,Central,IND-PRD-10542,Clothing,Hankerchief,Hankerchief - Grade B,390.0,2,0.15,24.0
B-25784,2018-09-15,2018-09-19,BlueDart Express,IND-CUST-1167,Rohit,Consumer,India,Jaipur,Rajasthan,302001,North,IND-PRD-10543,Clothing,Hankerchief,Hankerchief - Grade Premium,225.0,1,0.05,48.0
B-25785,2018-09-15,2018-09-16,Standard Express,IND-CUST-1131,Ayush,Consumer,India,Kolkata,West Bengal,700001,East,IND-PRD-10544,Clothing,Saree,Saree - Grade Premium,8925.0,3,0.15,3504.0
B-25785,2018-09-15,2018-09-20,BlueDart Express,IND-CUST-1131,Ayush,Corporate,India,Kolkata,West Bengal,700001,East,IND-PRD-10545,Clothing,T-shirt,T-shirt - Grade Standard,675.0,2,0.0,0.0
B-25785,2018-09-15,2018-09-20,BlueDart Express,IND-CUST-1131,Ayush,Consumer,India,Kolkata,West Bengal,700001,East,IND-PRD-10546,Clothing,Saree,Saree - Grade Standard,2880.0,3,0.05,-1752.0
B-25785,2018-09-15,2018-09-17,Standard Express,IND-CUST-1131,Ayush,Consumer,India,Kolkata,West Bengal,700001,East,IND-PRD-10547,Clothing,Saree,Saree - Grade B,390.0,3,0.15,-300.0
B-25786,2018-09-19,2018-09-20,Standard Express,IND-CUST-1168,Abhishek,Consumer,India,Bangalore,Karnataka,560001,South,IND-PRD-10548,Furniture,Bookcases,Bookcases - Grade A,27810.0,5,0.1,5196.0
B-25786,2018-09-19,2018-09-21,Same Day Delivery,IND-CUST-1168,Abhishek,Consumer,India,Bangalore,Karnataka,560001,South,IND-PRD-10549,Furniture,Tables,Tables - Grade B,9345.0,3,0.3,-2304.0
B-25786,2018-09-19,2018-09-22,Standard Express,IND-CUST-1168,Abhishek,Consumer,India,Bangalore,Karnataka,560001,South,IND-PRD-10550,Clothing,Stole,Stole - Grade Premium,660.0,3,0.0,-408.0
B-25786,2018-09-19,2018-09-21,Standard Express,IND-CUST-1168,Abhishek,Small Business,India,Bangalore,Karnataka,560001,South,IND-PRD-10551,Clothing,Skirt,Skirt - Grade Standard,255.0,3,0.1,-132.0
B-25787,2018-09-20,2018-09-22,Standard Express,IND-CUST-1169,Asish,Corporate,India,Kashmir,Jammu and Kashmir,400001,North,IND-PRD-10552,Clothing,Saree,Saree - Grade B,8340.0,7,0.1,-2508.0
B-25787,2018-09-20,2018-09-25,Standard Express,IND-CUST-1169,Asish,Corporate,India,Kashmir,Jammu and Kashmir,400001,North,IND-PRD-10553,Clothing,Shirt,Shirt - Grade B,600.0,3,0.2,-144.0
B-25787,2018-09-20,2018-09-25,Same Day Delivery,IND-CUST-1169,Asish,Consumer,India,Kashmir,Jammu and Kashmir,400001,North,IND-PRD-10554,Electronics,Accessories,Accessories - Grade Standard,3435.0,8,0.0,-492.0
B-25787,2018-09-20,2018-09-25,BlueDart Express,IND-CUST-1169,Asish,Consumer,India,Kashmir,Jammu and Kashmir,400001,North,IND-PRD-10555,Furniture,Furnishings,Furnishings - Grade Standard,2100.0,4,0.15,-696.0
B-25788,2018-09-21,2018-09-24,Same Day Delivery,IND-CUST-1170,Dinesh,Consumer,India,Chennai,Tamil Nadu,600001,South,IND-PRD-10556,Clothing,Stole,Stole - Grade Standard,180.0,1,0.1,36.0
B-25789,2018-09-22,2018-09-27,Standard Express,IND-CUST-1145,Akshay,Corporate,India,Lucknow,Uttar Pradesh,226001,North,IND-PRD-10557,Clothing,Kurti,Kurti - Grade Premium,450.0,1,0.0,0.0
B-25789,2018-09-22,2018-09-23,Standard Express,IND-CUST-1145,Akshay,Corporate,India,Lucknow,Uttar Pradesh,226001,North,IND-PRD-10558,Furniture,Bookcases,Bookcases - Grade Standard,4695.0,5,0.05,-156.0
B-25789,2018-09-22,2018-09-26,BlueDart Express,IND-CUST-1145,Akshay,Consumer,India,Lucknow,Uttar Pradesh,226001,North,IND-PRD-10559,Furniture,Furnishings,Furnishings - Grade A,1005.0,9,0.05,-1032.0
B-25790,2018-09-23,2018-09-24,Standard Express,IND-CUST-1171,Sajal,Consumer,India,Patna,Bihar,400001,East,IND-PRD-10560,Electronics,Electronic Games,Electronic Games - Grade B,630.0,1,0.1,-36.0
B-25791,2018-09-24,2018-09-25,Standard Express,IND-CUST-1172,Avish,Consumer,India,Thiruvananthapuram,Kerala ,400001,Central,IND-PRD-10561,Clothing,Saree,Saree - Grade Standard,3795.0,2,0.2,-756.0
B-25791,2018-09-24,2018-09-29,Same Day Delivery,IND-CUST-1172,Avish,Small Business,India,Thiruvananthapuram,Kerala ,400001,Central,IND-PRD-10562,Clothing,Saree,Saree - Grade Standard,8475.0,7,0.1,792.0
B-25791,2018-09-24,2018-09-28,Standard Express,IND-CUST-1172,Avish,Corporate,India,Thiruvananthapuram,Kerala ,400001,Central,IND-PRD-10563,Clothing,Saree,Saree - Grade Premium,2625.0,3,0.1,924.0
B-25792,2018-09-24,2018-09-28,BlueDart Express,IND-CUST-1168,Abhishek,Consumer,India,Mumbai,Maharashtra,400001,West,IND-PRD-10564,Clothing,Stole,Stole - Grade Premium,1110.0,3,0.1,-300.0
B-25793,2018-09-24,2018-09-28,Standard Express,IND-CUST-1173,Siddharth,Consumer,India,Indore,Madhya Pradesh,452001,Central,IND-PRD-10565,Clothing,Hankerchief,Hankerchief - Grade B,600.0,5,0.0,-396.0
B-25793,2018-09-24,2018-09-27,Standard Express,IND-CUST-1173,Siddharth,Corporate,India,Indore,Madhya Pradesh,452001,Central,IND-PRD-10566,Clothing,Kurti,Kurti - Grade A,945.0,6,0.0,-288.0
B-25793,2018-09-24,2018-09-29,Standard Express,IND-CUST-1173,Siddharth,Consumer,India,Indore,Madhya Pradesh,452001,Central,IND-PRD-10567,Clothing,Hankerchief,Hankerchief - Grade B,900.0,4,0.05,-144.0
B-25793,2018-09-24,2018-09-28,India Post Parcel,IND-CUST-1173,Siddharth,Consumer,India,Indore,Madhya Pradesh,452001,Central,IND-PRD-10568,Clothing,Saree,Saree - Grade Standard,3855.0,4,0.05,-3024.0
B-25793,2018-09-24,2018-09-27,Same Day Delivery,IND-CUST-1173,Siddharth,Consumer,India,Indore,Madhya Pradesh,452001,Central,IND-PRD-10569,Clothing,Skirt,Skirt - Grade A,360.0,4,0.0,-12.0
B-25793,2018-09-24,2018-09-26,India Post Parcel,IND-CUST-1173,Siddharth,Corporate,India,Indore,Madhya Pradesh,452001,Central,IND-PRD-10570,Clothing,Hankerchief,Hankerchief - Grade A,270.0,3,0.1,12.0
B-25793,2018-09-24,2018-09-26,BlueDart Express,IND-CUST-1173,Siddharth,Consumer,India,Indore,Madhya Pradesh,452001,Central,IND-PRD-10571,Clothing,Saree,Saree - Grade A,21030.0,11,0.05,1308.0
B-25794,2018-09-24,2018-09-27,Standard Express,IND-CUST-1047,Aditya,Consumer,India,Simla,Himachal Pradesh,400001,Central,IND-PRD-10572,Electronics,Accessories,Accessories - Grade A,2640.0,6,0.0,444.0
B-25795,2018-09-24,2018-09-27,BlueDart Express,IND-CUST-1174,Sukant,Small Business,India,Gangtok,Sikkim,400001,Central,IND-PRD-10573,Electronics,Phones,Phones - Grade B,4140.0,2,0.05,-252.0
B-25796,2018-09-24,2018-09-29,BlueDart Express,IND-CUST-1175,Sukrith,Consumer,India,Mumbai,Maharashtra,400001,West,IND-PRD-10574,Clothing,Saree,Saree - Grade Premium,555.0,1,0.0,-72.0
B-25796,2018-09-24,2018-09-29,Same Day Delivery,IND-CUST-1175,Sukrith,Consumer,India,Mumbai,Maharashtra,400001,West,IND-PRD-10575,Electronics,Accessories,Accessories - Grade Premium,420.0,1,0.2,12.0
B-25796,2018-09-24,2018-09-26,Standard Express,IND-CUST-1175,Sukrith,Consumer,India,Mumbai,Maharashtra,400001,West,IND-PRD-10576,Furniture,Chairs,Chairs - Grade Standard,3585.0,5,0.2,-1944.0
B-25796,2018-09-24,2018-09-28,BlueDart Express,IND-CUST-1175,Sukrith,Consumer,India,Mumbai,Maharashtra,400001,West,IND-PRD-10577,Clothing,Stole,Stole - Grade Premium,1170.0,7,0.15,-768.0
B-25796,2018-09-24,2018-09-26,Standard Express,IND-CUST-1175,Sukrith,Corporate,India,Mumbai,Maharashtra,400001,West,IND-PRD-10578,Clothing,Saree,Saree - Grade Premium,9480.0,6,0.0,-3792.0
B-25796,2018-09-24,2018-09-28,Standard Express,IND-CUST-1175,Sukrith,Consumer,India,Mumbai,Maharashtra,400001,West,IND-PRD-10579,Clothing,Trousers,Trousers - Grade Premium,8385.0,2,0.15,-228.0
B-25796,2018-09-24,2018-09-28,BlueDart Express,IND-CUST-1175,Sukrith,Consumer,India,Mumbai,Maharashtra,400001,West,IND-PRD-10580,Clothing,Saree,Saree - Grade Premium,2220.0,3,0.15,0.0
B-25797,2018-09-30,2018-10-05,BlueDart Express,IND-CUST-1176,Sauptik,Corporate,India,Indore,Madhya Pradesh,452001,Central,IND-PRD-10581,Electronics,Accessories,Accessories - Grade Standard,14640.0,4,0.15,3516.0
B-25797,2018-09-30,2018-10-01,Standard Express,IND-CUST-1176,Sauptik,Corporate,India,Indore,Madhya Pradesh,452001,Central,IND-PRD-10582,Furniture,Bookcases,Bookcases - Grade B,2220.0,2,0.0,-1212.0
B-25797,2018-09-30,2018-10-01,Standard Express,IND-CUST-1176,Sauptik,Corporate,India,Indore,Madhya Pradesh,452001,Central,IND-PRD-10583,Furniture,Chairs,Chairs - Grade A,6195.0,9,0.1,-3768.0
B-25797,2018-09-30,2018-10-03,BlueDart Express,IND-CUST-1176,Sauptik,Consumer,India,Indore,Madhya Pradesh,452001,Central,IND-PRD-10584,Clothing,Saree,Saree - Grade Premium,1335.0,5,0.15,-48.0
B-25797,2018-09-30,2018-10-05,Same Day Delivery,IND-CUST-1176,Sauptik,Consumer,India,Indore,Madhya Pradesh,452001,Central,IND-PRD-10585,Furniture,Tables,Tables - Grade B,24450.0,5,0.1,-9624.0
B-25797,2018-09-30,2018-10-04,Same Day Delivery,IND-CUST-1176,Sauptik,Corporate,India,Indore,Madhya Pradesh,452001,Central,IND-PRD-10586,Clothing,Hankerchief,Hankerchief - Grade Premium,465.0,2,0.1,12.0
B-25798,2018-10-01,2018-10-02,India Post Parcel,IND-CUST-1177,Shishu,Consumer,India,Hyderabad,Andhra Pradesh,500001,South,IND-PRD-10587,Clothing,Saree,Saree - Grade Premium,5685.0,2,0.05,756.0
B-25798,2018-10-01,2018-10-05,Same Day Delivery,IND-CUST-1177,Shishu,Corporate,India,Hyderabad,Andhra Pradesh,500001,South,IND-PRD-10588,Electronics,Printers,Printers - Grade A,6720.0,2,0.1,1776.0
B-25798,2018-10-01,2018-10-02,Standard Express,IND-CUST-1177,Shishu,Corporate,India,Hyderabad,Andhra Pradesh,500001,South,IND-PRD-10589,Furniture,Bookcases,Bookcases - Grade A,42450.0,13,0.0,-23772.0
B-25798,2018-10-01,2018-10-02,BlueDart Express,IND-CUST-1177,Shishu,Corporate,India,Hyderabad,Andhra Pradesh,500001,South,IND-PRD-10590,Clothing,Stole,Stole - Grade A,705.0,2,0.1,-36.0
B-25798,2018-10-01,2018-10-02,Standard Express,IND-CUST-1177,Shishu,Consumer,India,Hyderabad,Andhra Pradesh,500001,South,IND-PRD-10591,Clothing,Stole,Stole - Grade Premium,570.0,3,0.0,-156.0
B-25798,2018-10-01,2018-10-06,Standard Express,IND-CUST-1177,Shishu,Consumer,India,Hyderabad,Andhra Pradesh,500001,South,IND-PRD-10592,Clothing,Hankerchief,Hankerchief - Grade Premium,915.0,4,0.05,-600.0
B-25799,2018-10-01,2018-10-03,Same Day Delivery,IND-CUST-1178,Divyansh,Corporate,India,Ahmedabad,Gujarat,380001,West,IND-PRD-10593,Clothing,Saree,Saree - Grade Premium,3075.0,3,0.0,-1428.0
B-25799,2018-10-01,2018-10-05,Standard Express,IND-CUST-1178,Divyansh,Consumer,India,Ahmedabad,Gujarat,380001,West,IND-PRD-10594,Clothing,Saree,Saree - Grade A,705.0,4,0.1,-324.0
B-25799,2018-10-01,2018-10-06,India Post Parcel,IND-CUST-1178,Divyansh,Consumer,India,Ahmedabad,Gujarat,380001,West,IND-PRD-10595,Furniture,Chairs,Chairs - Grade Standard,675.0,2,0.0,-180.0
B-25799,2018-10-01,2018-10-06,BlueDart Express,IND-CUST-1178,Divyansh,Small Business,India,Ahmedabad,Gujarat,380001,West,IND-PRD-10596,Clothing,Stole,Stole - Grade B,1050.0,5,0.1,-768.0
B-25800,2018-10-01,2018-10-06,BlueDart Express,IND-CUST-1179,Ishit,Small Business,India,Pune,Maharashtra,411001,West,IND-PRD-10597,Electronics,Accessories,Accessories - Grade Standard,1830.0,9,0.15,-792.0
B-25800,2018-10-01,2018-10-06,BlueDart Express,IND-CUST-1179,Ishit,Consumer,India,Pune,Maharashtra,411001,West,IND-PRD-10598,Clothing,Leggings,Leggings - Grade Premium,315.0,3,0.0,-72.0
B-25800,2018-10-01,2018-10-06,Same Day Delivery,IND-CUST-1179,Ishit,Consumer,India,Pune,Maharashtra,411001,West,IND-PRD-10599,Clothing,Hankerchief,Hankerchief - Grade Premium,675.0,7,0.0,144.0
B-25801,2018-10-01,2018-10-04,BlueDart Express,IND-CUST-1180,Aryan,Consumer,India,Bhopal,Madhya Pradesh,400001,Central,IND-PRD-10600,Clothing,Saree,Saree - Grade Standard,960.0,4,0.0,72.0
B-25801,2018-10-01,2018-10-05,BlueDart Express,IND-CUST-1180,Aryan,Corporate,India,Bhopal,Madhya Pradesh,400001,Central,IND-PRD-10601,Clothing,Stole,Stole - Grade Premium,735.0,2,0.2,-372.0
B-25801,2018-10-01,2018-10-06,Standard Express,IND-CUST-1180,Aryan,Small Business,India,Bhopal,Madhya Pradesh,400001,Central,IND-PRD-10602,Clothing,Leggings,Leggings - Grade B,315.0,4,0.1,-120.0
B-25801,2018-10-01,2018-10-05,BlueDart Express,IND-CUST-1180,Aryan,Consumer,India,Bhopal,Madhya Pradesh,400001,Central,IND-PRD-10603,Clothing,T-shirt,T-shirt - Grade Premium,225.0,1,0.05,-24.0
B-25802,2018-10-05,2018-10-08,Standard Express,IND-CUST-1181,Yash,Consumer,India,Mumbai,Maharashtra,400001,West,IND-PRD-10604,Clothing,Saree,Saree - Grade B,405.0,5,0.0,-84.0
B-25802,2018-10-05,2018-10-08,BlueDart Express,IND-CUST-1181,Yash,Small Business,India,Mumbai,Maharashtra,400001,West,IND-PRD-10605,Electronics,Accessories,Accessories - Grade Standard,9495.0,11,0.1,-7596.0
B-25802,2018-10-05,2018-10-09,BlueDart Express,IND-CUST-1181,Yash,Consumer,India,Mumbai,Maharashtra,400001,West,IND-PRD-10606,Clothing,Skirt,Skirt - Grade Standard,195.0,2,0.2,-108.0
B-25802,2018-10-05,2018-10-06,BlueDart Express,IND-CUST-1181,Yash,Consumer,India,Mumbai,Maharashtra,400001,West,IND-PRD-10607,Clothing,Shirt,Shirt - Grade Premium,345.0,1,0.15,-36.0
B-25802,2018-10-05,2018-10-07,Standard Express,IND-CUST-1181,Yash,Small Business,India,Mumbai,Maharashtra,400001,West,IND-PRD-10608,Clothing,Stole,Stole - Grade B,1425.0,2,0.1,60.0
B-25803,2018-10-05,2018-10-06,Standard Express,IND-CUST-1182,Shivanshu,Consumer,India,Indore,Madhya Pradesh,452001,Central,IND-PRD-10609,Clothing,Trousers,Trousers - Grade Premium,1590.0,3,0.0,144.0
B-25803,2018-10-05,2018-10-06,BlueDart Express,IND-CUST-1182,Shivanshu,Corporate,India,Indore,Madhya Pradesh,452001,Central,IND-PRD-10610,Electronics,Electronic Games,Electronic Games - Grade A,4035.0,1,0.0,1092.0
B-25803,2018-10-05,2018-10-06,Standard Express,IND-CUST-1182,Shivanshu,Consumer,India,Indore,Madhya Pradesh,452001,Central,IND-PRD-10611,Clothing,Trousers,Trousers - Grade A,8040.0,1,0.0,1092.0
B-25803,2018-10-05,2018-10-10,Standard Express,IND-CUST-1182,Shivanshu,Consumer,India,Indore,Madhya Pradesh,452001,Central,IND-PRD-10612,Clothing,Shirt,Shirt - Grade A,2055.0,5,0.0,60.0
B-25803,2018-10-05,2018-10-08,Standard Express,IND-CUST-1182,Shivanshu,Corporate,India,Indore,Madhya Pradesh,452001,Central,IND-PRD-10613,Electronics,Printers,Printers - Grade A,11355.0,2,0.0,4452.0
B-25803,2018-10-05,2018-10-06,India Post Parcel,IND-CUST-1182,Shivanshu,Consumer,India,Indore,Madhya Pradesh,452001,Central,IND-PRD-10614,Furniture,Chairs,Chairs - Grade Premium,7665.0,3,0.0,2328.0
B-25803,2018-10-05,2018-10-08,BlueDart Express,IND-CUST-1182,Shivanshu,Small Business,India,Indore,Madhya Pradesh,452001,Central,IND-PRD-10615,Clothing,Stole,Stole - Grade A,2775.0,4,0.05,576.0
B-25803,2018-10-05,2018-10-09,Standard Express,IND-CUST-1182,Shivanshu,Corporate,India,Indore,Madhya Pradesh,452001,Central,IND-PRD-10616,Clothing,Saree,Saree - Grade B,11475.0,6,0.25,96.0
B-25804,2018-10-05,2018-10-07,Standard Express,IND-CUST-1183,Sudheer,Consumer,India,Bangalore,Karnataka,560001,South,IND-PRD-10617,Clothing,T-shirt,T-shirt - Grade Standard,2340.0,5,0.1,432.0
B-25804,2018-10-05,2018-10-09,Standard Express,IND-CUST-1183,Sudheer,Consumer,India,Bangalore,Karnataka,560001,South,IND-PRD-10618,Electronics,Printers,Printers - Grade Standard,4815.0,3,0.15,312.0
B-25805,2018-10-05,2018-10-09,Same Day Delivery,IND-CUST-1184,Ankit,Consumer,India,Mumbai,Maharashtra,400001,West,IND-PRD-10619,Furniture,Chairs,Chairs - Grade A,1680.0,2,0.15,180.0
B-25806,2018-10-06,2018-10-11,BlueDart Express,IND-CUST-1185,Dhanraj,Consumer,India,Indore,Madhya Pradesh,452001,Central,IND-PRD-10620,Furniture,Tables,Tables - Grade A,9480.0,4,0.0,-1368.0
B-25807,2018-10-07,2018-10-09,Standard Express,IND-CUST-1186,Vipul,Consumer,India,Lucknow,Uttar Pradesh,226001,North,IND-PRD-10621,Clothing,Stole,Stole - Grade A,240.0,1,0.15,72.0
B-25808,2018-10-08,2018-10-12,Standard Express,IND-CUST-1187,Apsingekar,Consumer,India,Patna,Bihar,400001,East,IND-PRD-10622,Clothing,Leggings,Leggings - Grade Premium,945.0,6,0.0,204.0
B-25808,2018-10-08,2018-10-12,Standard Express,IND-CUST-1187,Apsingekar,Consumer,India,Patna,Bihar,400001,East,IND-PRD-10623,Electronics,Electronic Games,Electronic Games - Grade Standard,2190.0,3,0.1,-756.0
B-25808,2018-10-08,2018-10-10,BlueDart Express,IND-CUST-1187,Apsingekar,Corporate,India,Patna,Bihar,400001,East,IND-PRD-10624,Clothing,Stole,Stole - Grade A,885.0,2,0.05,252.0
B-25808,2018-10-08,2018-10-10,Same Day Delivery,IND-CUST-1187,Apsingekar,Corporate,India,Patna,Bihar,400001,East,IND-PRD-10625,Clothing,Hankerchief,Hankerchief - Grade B,3150.0,4,0.3,600.0
B-25809,2018-10-09,2018-10-13,Standard Express,IND-CUST-1188,Suman,Corporate,India,Thiruvananthapuram,Kerala ,400001,Central,IND-PRD-10626,Clothing,Hankerchief,Hankerchief - Grade A,2310.0,3,0.0,648.0
B-25809,2018-10-09,2018-10-11,Standard Express,IND-CUST-1188,Suman,Consumer,India,Thiruvananthapuram,Kerala ,400001,Central,IND-PRD-10627,Clothing,Hankerchief,Hankerchief - Grade Standard,795.0,1,0.0,288.0
B-25810,2018-10-10,2018-10-14,Standard Express,IND-CUST-1189,Nripraj,Consumer,India,Chandigarh,Punjab,400001,North,IND-PRD-10628,Clothing,Hankerchief,Hankerchief - Grade A,390.0,4,0.25,120.0
B-25810,2018-10-10,2018-10-14,India Post Parcel,IND-CUST-1189,Nripraj,Corporate,India,Chandigarh,Punjab,400001,North,IND-PRD-10629,Clothing,Saree,Saree - Grade Standard,16800.0,6,0.0,2388.0
B-25810,2018-10-10,2018-10-15,Standard Express,IND-CUST-1189,Nripraj,Consumer,India,Chandigarh,Punjab,400001,North,IND-PRD-10630,Clothing,Shirt,Shirt - Grade A,675.0,3,0.1,72.0
B-25810,2018-10-10,2018-10-11,Same Day Delivery,IND-CUST-1189,Nripraj,Consumer,India,Chandigarh,Punjab,400001,North,IND-PRD-10631,Electronics,Accessories,Accessories - Grade B,4605.0,3,0.15,888.0
B-25810,2018-10-10,2018-10-14,BlueDart Express,IND-CUST-1189,Nripraj,Corporate,India,Chandigarh,Punjab,400001,North,IND-PRD-10632,Clothing,Stole,Stole - Grade A,1380.0,2,0.15,504.0
B-25810,2018-10-10,2018-10-13,Standard Express,IND-CUST-1189,Nripraj,Corporate,India,Chandigarh,Punjab,400001,North,IND-PRD-10633,Clothing,Hankerchief,Hankerchief - Grade B,435.0,5,0.25,96.0
B-25811,2018-10-10,2018-10-11,Standard Express,IND-CUST-1190,Utsav,Consumer,India,Mumbai,Maharashtra,400001,West,IND-PRD-10634,Clothing,Hankerchief,Hankerchief - Grade B,1890.0,4,0.25,624.0
B-25812,2018-10-10,2018-10-11,Standard Express,IND-CUST-1191,Kshitij,Consumer,India,Indore,Madhya Pradesh,452001,Central,IND-PRD-10635,Clothing,Hankerchief,Hankerchief - Grade A,3885.0,5,0.0,564.0
B-25813,2018-10-10,2018-10-11,BlueDart Express,IND-CUST-1192,Hrisheekesh,Corporate,India,Mumbai,Maharashtra,400001,West,IND-PRD-10636,Furniture,Chairs,Chairs - Grade B,13665.0,7,0.15,2424.0
B-25814,2018-10-10,2018-10-15,Same Day Delivery,IND-CUST-1193,Swapnil,Corporate,India,Indore,Madhya Pradesh,452001,Central,IND-PRD-10637,Clothing,T-shirt,T-shirt - Grade Premium,1770.0,7,0.1,420.0
B-25814,2018-10-10,2018-10-14,BlueDart Express,IND-CUST-1193,Swapnil,Corporate,India,Indore,Madhya Pradesh,452001,Central,IND-PRD-10638,Clothing,Saree,Saree - Grade A,6930.0,4,0.1,2028.0
B-25815,2018-10-10,2018-10-15,BlueDart Express,IND-CUST-1140,Harsh,Corporate,India,Kohima,Nagaland,400001,Central,IND-PRD-10639,Clothing,Stole,Stole - Grade A,525.0,2,0.0,168.0
B-25816,2018-10-12,2018-10-16,Standard Express,IND-CUST-1194,Mane,Corporate,India,Hyderabad,Andhra Pradesh,500001,South,IND-PRD-10640,Clothing,Stole,Stole - Grade B,5865.0,8,0.1,1356.0
B-25817,2018-10-13,2018-10-18,India Post Parcel,IND-CUST-1195,Praneet,Consumer,India,Mumbai,Maharashtra,400001,West,IND-PRD-10641,Electronics,Printers,Printers - Grade B,11145.0,5,0.3,1068.0
B-25818,2018-10-14,2018-10-19,Same Day Delivery,IND-CUST-1196,Sandeep,Consumer,India,Indore,Madhya Pradesh,452001,Central,IND-PRD-10642,Clothing,Hankerchief,Hankerchief - Grade A,1125.0,9,0.2,336.0
B-25818,2018-10-14,2018-10-17,Standard Express,IND-CUST-1196,Sandeep,Corporate,India,Indore,Madhya Pradesh,452001,Central,IND-PRD-10643,Clothing,Kurti,Kurti - Grade Premium,540.0,4,0.05,0.0
B-25818,2018-10-14,2018-10-19,India Post Parcel,IND-CUST-1196,Sandeep,Corporate,India,Indore,Madhya Pradesh,452001,Central,IND-PRD-10644,Clothing,Leggings,Leggings - Grade B,480.0,2,0.0,132.0
B-25818,2018-10-14,2018-10-16,BlueDart Express,IND-CUST-1196,Sandeep,Corporate,India,Indore,Madhya Pradesh,452001,Central,IND-PRD-10645,Furniture,Furnishings,Furnishings - Grade B,1410.0,2,0.05,240.0
B-25818,2018-10-14,2018-10-17,BlueDart Express,IND-CUST-1196,Sandeep,Consumer,India,Indore,Madhya Pradesh,452001,Central,IND-PRD-10646,Clothing,Hankerchief,Hankerchief - Grade Standard,420.0,4,0.15,168.0
B-25819,2018-10-15,2018-10-20,BlueDart Express,IND-CUST-1197,Ankur,Consumer,India,Bhopal,Madhya Pradesh,400001,Central,IND-PRD-10647,Electronics,Electronic Games,Electronic Games - Grade Premium,6255.0,3,0.15,588.0
B-25820,2018-10-16,2018-10-17,Same Day Delivery,IND-CUST-1198,Dheeraj,Small Business,India,Jaipur,Rajasthan,302001,North,IND-PRD-10648,Furniture,Chairs,Chairs - Grade Premium,1785.0,1,0.05,12.0
B-25821,2018-10-16,2018-10-18,BlueDart Express,IND-CUST-1041,Ajay,Corporate,India,Kolkata,West Bengal,700001,East,IND-PRD-10649,Clothing,Stole,Stole - Grade A,900.0,4,0.0,252.0
B-25821,2018-10-16,2018-10-18,Standard Express,IND-CUST-1041,Ajay,Small Business,India,Kolkata,West Bengal,700001,East,IND-PRD-10650,Clothing,Hankerchief,Hankerchief - Grade Premium,255.0,1,0.05,0.0
B-25821,2018-10-16,2018-10-18,Standard Express,IND-CUST-1041,Ajay,Corporate,India,Kolkata,West Bengal,700001,East,IND-PRD-10651,Electronics,Accessories,Accessories - Grade A,1875.0,3,0.05,0.0
B-25822,2018-10-18,2018-10-21,India Post Parcel,IND-CUST-1199,Tejas,Corporate,India,Bangalore,Karnataka,560001,South,IND-PRD-10652,Clothing,Saree,Saree - Grade Standard,510.0,2,0.2,156.0
B-25823,2018-10-18,2018-10-23,Standard Express,IND-CUST-1200,Rohan,Corporate,India,Mumbai,Maharashtra,400001,West,IND-PRD-10653,Electronics,Electronic Games,Electronic Games - Grade Premium,31545.0,8,0.1,3864.0
B-25823,2018-10-18,2018-10-23,Standard Express,IND-CUST-1200,Rohan,Small Business,India,Mumbai,Maharashtra,400001,West,IND-PRD-10654,Furniture,Furnishings,Furnishings - Grade B,1560.0,2,0.05,24.0
B-25823,2018-10-18,2018-10-19,Standard Express,IND-CUST-1200,Rohan,Corporate,India,Mumbai,Maharashtra,400001,West,IND-PRD-10655,Electronics,Accessories,Accessories - Grade Standard,885.0,1,0.1,72.0
B-25823,2018-10-18,2018-10-19,Standard Express,IND-CUST-1200,Rohan,Corporate,India,Mumbai,Maharashtra,400001,West,IND-PRD-10656,Furniture,Furnishings,Furnishings - Grade A,1545.0,2,0.0,600.0
B-25824,2018-10-20,2018-10-22,BlueDart Express,IND-CUST-1201,Shyam,Consumer,India,Indore,Madhya Pradesh,452001,Central,IND-PRD-10657,Furniture,Furnishings,Furnishings - Grade Standard,1515.0,2,0.25,456.0
B-25825,2018-10-21,2018-10-22,India Post Parcel,IND-CUST-1138,Kartik,Consumer,India,Indore,Madhya Pradesh,452001,Central,IND-PRD-10658,Electronics,Phones,Phones - Grade A,13665.0,5,0.05,4260.0
B-25825,2018-10-21,2018-10-24,Standard Express,IND-CUST-1138,Kartik,Corporate,India,Indore,Madhya Pradesh,452001,Central,IND-PRD-10659,Clothing,Stole,Stole - Grade Standard,1725.0,6,0.05,300.0
B-25825,2018-10-21,2018-10-26,Standard Express,IND-CUST-1138,Kartik,Consumer,India,Indore,Madhya Pradesh,452001,Central,IND-PRD-10660,Clothing,Saree,Saree - Grade A,2100.0,5,0.05,72.0
B-25826,2018-10-22,2018-10-24,Standard Express,IND-CUST-1202,Tanushree,Consumer,India,Mumbai,Maharashtra,400001,West,IND-PRD-10661,Electronics,Printers,Printers - Grade Premium,9555.0,2,0.1,3132.0
B-25827,2018-10-23,2018-10-24,Same Day Delivery,IND-CUST-1083,Sheetal,Consumer,India,Indore,Madhya Pradesh,452001,Central,IND-PRD-10662,Furniture,Chairs,Chairs - Grade B,2340.0,3,0.1,252.0
B-25828,2018-10-24,2018-10-27,BlueDart Express,IND-CUST-1203,Nikita,Consumer,India,Chandigarh,Punjab,400001,North,IND-PRD-10663,Clothing,Saree,Saree - Grade A,8055.0,3,0.15,1284.0
B-25828,2018-10-24,2018-10-27,Standard Express,IND-CUST-1203,Nikita,Consumer,India,Chandigarh,Punjab,400001,North,IND-PRD-10664,Clothing,Leggings,Leggings - Grade Standard,225.0,1,0.0,24.0
B-25828,2018-10-24,2018-10-25,Same Day Delivery,IND-CUST-1203,Nikita,Consumer,India,Chandigarh,Punjab,400001,North,IND-PRD-10665,Clothing,Saree,Saree - Grade A,1920.0,3,0.05,-36.0
B-25828,2018-10-24,2018-10-29,Same Day Delivery,IND-CUST-1203,Nikita,Small Business,India,Chandigarh,Punjab,400001,North,IND-PRD-10666,Clothing,Saree,Saree - Grade A,3330.0,5,0.0,420.0
B-25829,2018-10-25,2018-10-26,Same Day Delivery,IND-CUST-1204,Apoorva,Consumer,India,Chandigarh,Haryana,400001,North,IND-PRD-10667,Clothing,Hankerchief,Hankerchief - Grade A,5175.0,7,0.1,456.0
B-25830,2018-10-26,2018-10-28,India Post Parcel,IND-CUST-1205,Aastha,Consumer,India,Simla,Himachal Pradesh,400001,Central,IND-PRD-10668,Clothing,Hankerchief,Hankerchief - Grade Standard,615.0,6,0.0,132.0
B-25830,2018-10-26,2018-10-27,Standard Express,IND-CUST-1205,Aastha,Consumer,India,Simla,Himachal Pradesh,400001,Central,IND-PRD-10669,Clothing,Saree,Saree - Grade B,810.0,2,0.1,12.0
B-25830,2018-10-26,2018-10-29,Same Day Delivery,IND-CUST-1205,Aastha,Corporate,India,Simla,Himachal Pradesh,400001,Central,IND-PRD-10670,Clothing,Skirt,Skirt - Grade Premium,1065.0,8,0.2,0.0
B-25830,2018-10-26,2018-10-27,BlueDart Express,IND-CUST-1205,Aastha,Consumer,India,Simla,Himachal Pradesh,400001,Central,IND-PRD-10671,Electronics,Accessories,Accessories - Grade B,1395.0,2,0.2,180.0
B-25830,2018-10-26,2018-10-31,Same Day Delivery,IND-CUST-1205,Aastha,Corporate,India,Simla,Himachal Pradesh,400001,Central,IND-PRD-10672,Electronics,Phones,Phones - Grade A,15945.0,7,0.05,768.0
B-25830,2018-10-26,2018-10-30,BlueDart Express,IND-CUST-1205,Aastha,Corporate,India,Simla,Himachal Pradesh,400001,Central,IND-PRD-10673,Electronics,Phones,Phones - Grade Standard,29310.0,3,0.05,9384.0
B-25831,2018-10-27,2018-10-28,Same Day Delivery,IND-CUST-1073,Mahima,Corporate,India,Gangtok,Sikkim,400001,Central,IND-PRD-10674,Clothing,Saree,Saree - Grade B,10395.0,6,0.0,3048.0
B-25832,2018-10-28,2018-11-02,BlueDart Express,IND-CUST-1206,Harshita,Consumer,India,Mumbai,Maharashtra,400001,West,IND-PRD-10675,Furniture,Bookcases,Bookcases - Grade A,7560.0,3,0.1,1392.0
B-25833,2018-10-29,2018-11-03,Standard Express,IND-CUST-1207,Krishna,Corporate,India,Indore,Madhya Pradesh,452001,Central,IND-PRD-10676,Clothing,Hankerchief,Hankerchief - Grade Premium,960.0,5,0.15,324.0
B-25833,2018-10-29,2018-11-01,BlueDart Express,IND-CUST-1207,Krishna,Consumer,India,Indore,Madhya Pradesh,452001,Central,IND-PRD-10677,Clothing,Hankerchief,Hankerchief - Grade Premium,540.0,9,0.0,48.0
B-25833,2018-10-29,2018-11-03,India Post Parcel,IND-CUST-1207,Krishna,Small Business,India,Indore,Madhya Pradesh,452001,Central,IND-PRD-10678,Clothing,Stole,Stole - Grade Premium,675.0,3,0.05,192.0
B-25834,2018-10-29,2018-11-03,India Post Parcel,IND-CUST-1208,Ananya,Corporate,India,Hyderabad,Andhra Pradesh,500001,South,IND-PRD-10679,Clothing,Stole,Stole - Grade A,240.0,1,0.15,60.0
B-25835,2018-10-29,2018-11-03,Standard Express,IND-CUST-1209,Moumita,Consumer,India,Ahmedabad,Gujarat,380001,West,IND-PRD-10680,Clothing,Leggings,Leggings - Grade Standard,780.0,5,0.2,132.0
B-25835,2018-10-29,2018-11-03,Standard Express,IND-CUST-1209,Moumita,Consumer,India,Ahmedabad,Gujarat,380001,West,IND-PRD-10681,Clothing,Leggings,Leggings - Grade B,405.0,2,0.0,24.0
B-25835,2018-10-29,2018-10-31,Standard Express,IND-CUST-1209,Moumita,Consumer,India,Ahmedabad,Gujarat,380001,West,IND-PRD-10682,Clothing,Stole,Stole - Grade Premium,2325.0,3,0.1,312.0
B-25836,2018-10-29,2018-10-31,BlueDart Express,IND-CUST-1210,Arti,Corporate,India,Pune,Maharashtra,411001,West,IND-PRD-10683,Electronics,Printers,Printers - Grade A,19470.0,9,0.0,780.0
B-25837,2018-10-29,2018-11-01,Same Day Delivery,IND-CUST-1211,Palak,Consumer,India,Mumbai,Maharashtra,400001,West,IND-PRD-10684,Clothing,Stole,Stole - Grade A,3945.0,5,0.0,600.0
B-25838,2018-10-29,2018-10-30,Standard Express,IND-CUST-1158,Sanjana,Corporate,India,Indore,Madhya Pradesh,452001,Central,IND-PRD-10685,Clothing,Hankerchief,Hankerchief - Grade B,1050.0,5,0.2,312.0
B-25838,2018-10-29,2018-11-03,BlueDart Express,IND-CUST-1158,Sanjana,Consumer,India,Indore,Madhya Pradesh,452001,Central,IND-PRD-10686,Clothing,Hankerchief,Hankerchief - Grade Premium,1215.0,7,0.15,228.0
B-25838,2018-10-29,2018-10-30,Same Day Delivery,IND-CUST-1158,Sanjana,Corporate,India,Indore,Madhya Pradesh,452001,Central,IND-PRD-10687,Electronics,Printers,Printers - Grade A,14325.0,3,0.15,3660.0
B-25838,2018-10-29,2018-10-30,BlueDart Express,IND-CUST-1158,Sanjana,Corporate,India,Indore,Madhya Pradesh,452001,Central,IND-PRD-10688,Clothing,Stole,Stole - Grade B,2415.0,3,0.0,480.0
B-25839,2018-10-30,2018-11-02,BlueDart Express,IND-CUST-1212,Pranjali,Corporate,India,Kolkata,West Bengal,700001,East,IND-PRD-10689,Clothing,Saree,Saree - Grade Standard,18750.0,7,0.15,5832.0
B-25840,2018-10-31,2018-11-05,BlueDart Express,IND-CUST-1213,Sneha,Corporate,India,Bangalore,Karnataka,560001,South,IND-PRD-10690,Furniture,Bookcases,Bookcases - Grade Standard,3690.0,2,0.05,732.0
B-25840,2018-10-31,2018-11-05,BlueDart Express,IND-CUST-1213,Sneha,Consumer,India,Bangalore,Karnataka,560001,South,IND-PRD-10691,Furniture,Bookcases,Bookcases - Grade Standard,4470.0,2,0.05,888.0
B-25840,2018-10-31,2018-11-04,Standard Express,IND-CUST-1213,Sneha,Consumer,India,Bangalore,Karnataka,560001,South,IND-PRD-10692,Clothing,Saree,Saree - Grade Premium,3930.0,6,0.1,768.0
B-25841,2018-11-01,2018-11-02,BlueDart Express,IND-CUST-1214,Ashvini,Corporate,India,Mumbai,Maharashtra,400001,West,IND-PRD-10693,Clothing,Skirt,Skirt - Grade B,330.0,2,0.0,132.0
B-25842,2018-11-02,2018-11-03,BlueDart Express,IND-CUST-1083,Sheetal,Consumer,India,Indore,Madhya Pradesh,452001,Central,IND-PRD-10694,Electronics,Printers,Printers - Grade B,23145.0,8,0.15,4440.0
B-25843,2018-11-03,2018-11-05,Same Day Delivery,IND-CUST-1215,Mrunal,Consumer,India,Mumbai,Maharashtra,400001,West,IND-PRD-10695,Clothing,Skirt,Skirt - Grade A,750.0,6,0.1,84.0
B-25843,2018-11-03,2018-11-07,BlueDart Express,IND-CUST-1215,Mrunal,Consumer,India,Mumbai,Maharashtra,400001,West,IND-PRD-10696,Electronics,Accessories,Accessories - Grade A,3210.0,3,0.0,360.0
B-25843,2018-11-03,2018-11-05,Same Day Delivery,IND-CUST-1215,Mrunal,Consumer,India,Mumbai,Maharashtra,400001,West,IND-PRD-10697,Clothing,Hankerchief,Hankerchief - Grade A,3825.0,5,0.0,888.0
B-25843,2018-11-03,2018-11-05,Standard Express,IND-CUST-1215,Mrunal,Consumer,India,Mumbai,Maharashtra,400001,West,IND-PRD-10698,Clothing,Hankerchief,Hankerchief - Grade B,270.0,3,0.0,72.0
B-25843,2018-11-03,2018-11-05,BlueDart Express,IND-CUST-1215,Mrunal,Small Business,India,Mumbai,Maharashtra,400001,West,IND-PRD-10699,Clothing,Stole,Stole - Grade A,675.0,2,0.0,0.0
B-25844,2018-11-03,2018-11-06,Standard Express,IND-CUST-1216,Swati,Consumer,India,Indore,Madhya Pradesh,452001,Central,IND-PRD-10700,Clothing,Saree,Saree - Grade B,1290.0,2,0.1,96.0
B-25845,2018-11-03,2018-11-06,Standard Express,IND-CUST-1217,Snel,Corporate,India,Thiruvananthapuram,Kerala ,400001,Central,IND-PRD-10701,Electronics,Phones,Phones - Grade B,4110.0,4,0.15,-84.0
B-25845,2018-11-03,2018-11-05,BlueDart Express,IND-CUST-1217,Snel,Consumer,India,Thiruvananthapuram,Kerala ,400001,Central,IND-PRD-10702,Clothing,Kurti,Kurti - Grade Standard,1230.0,4,0.0,396.0
B-25845,2018-11-03,2018-11-07,India Post Parcel,IND-CUST-1217,Snel,Corporate,India,Thiruvananthapuram,Kerala ,400001,Central,IND-PRD-10703,Electronics,Printers,Printers - Grade A,11355.0,2,0.0,4452.0
B-25845,2018-11-03,2018-11-04,Standard Express,IND-CUST-1217,Snel,Consumer,India,Thiruvananthapuram,Kerala ,400001,Central,IND-PRD-10704,Clothing,Stole,Stole - Grade Standard,1980.0,5,0.1,648.0
B-25846,2018-11-03,2018-11-07,Standard Express,IND-CUST-1218,Soodesh,Small Business,India,Chandigarh,Punjab,400001,North,IND-PRD-10705,Clothing,Leggings,Leggings - Grade Premium,1410.0,7,0.15,84.0
B-25847,2018-11-03,2018-11-08,Same Day Delivery,IND-CUST-1219,Aniket,Small Business,India,Chandigarh,Haryana,400001,North,IND-PRD-10706,Electronics,Printers,Printers - Grade Premium,9645.0,2,0.05,2700.0
B-25847,2018-11-03,2018-11-06,Standard Express,IND-CUST-1219,Aniket,Consumer,India,Chandigarh,Haryana,400001,North,IND-PRD-10707,Furniture,Furnishings,Furnishings - Grade Premium,3960.0,10,0.05,852.0
B-25848,2018-11-03,2018-11-04,BlueDart Express,IND-CUST-1200,Rohan,Small Business,India,Simla,Himachal Pradesh,400001,Central,IND-PRD-10708,Furniture,Furnishings,Furnishings - Grade B,2205.0,3,0.1,252.0
B-25848,2018-11-03,2018-11-04,BlueDart Express,IND-CUST-1200,Rohan,Small Business,India,Simla,Himachal Pradesh,400001,Central,IND-PRD-10709,Clothing,Hankerchief,Hankerchief - Grade B,240.0,2,0.0,96.0
B-25848,2018-11-03,2018-11-08,BlueDart Express,IND-CUST-1200,Rohan,Corporate,India,Simla,Himachal Pradesh,400001,Central,IND-PRD-10710,Electronics,Electronic Games,Electronic Games - Grade B,9720.0,6,0.0,600.0
B-25849,2018-11-04,2018-11-09,Standard Express,IND-CUST-1220,K,Corporate,India,Gangtok,Sikkim,400001,Central,IND-PRD-10711,Electronics,Phones,Phones - Grade A,5040.0,3,0.15,1476.0
B-25850,2018-11-05,2018-11-07,Standard Express,IND-CUST-1168,Abhishek,Consumer,India,Goa,Goa,400001,West,IND-PRD-10712,Clothing,T-shirt,T-shirt - Grade Standard,675.0,3,0.1,12.0
B-25850,2018-11-05,2018-11-08,Same Day Delivery,IND-CUST-1168,Abhishek,Corporate,India,Goa,Goa,400001,West,IND-PRD-10713,Clothing,Hankerchief,Hankerchief - Grade B,1395.0,2,0.1,-12.0
B-25850,2018-11-05,2018-11-08,BlueDart Express,IND-CUST-1168,Abhishek,Consumer,India,Goa,Goa,400001,West,IND-PRD-10714,Clothing,Leggings,Leggings - Grade Standard,780.0,5,0.15,216.0
B-25850,2018-11-05,2018-11-09,Standard Express,IND-CUST-1168,Abhishek,Consumer,India,Goa,Goa,400001,West,IND-PRD-10715,Clothing,Stole,Stole - Grade Standard,2220.0,3,0.1,288.0
B-25850,2018-11-05,2018-11-07,Same Day Delivery,IND-CUST-1168,Abhishek,Small Business,India,Goa,Goa,400001,West,IND-PRD-10716,Clothing,Hankerchief,Hankerchief - Grade Standard,360.0,4,0.0,12.0
B-25850,2018-11-05,2018-11-07,Standard Express,IND-CUST-1168,Abhishek,Consumer,India,Goa,Goa,400001,West,IND-PRD-10717,Electronics,Accessories,Accessories - Grade A,7695.0,2,0.05,2580.0
B-25850,2018-11-05,2018-11-07,BlueDart Express,IND-CUST-1168,Abhishek,Corporate,India,Goa,Goa,400001,West,IND-PRD-10718,Clothing,Trousers,Trousers - Grade A,1755.0,2,0.0,432.0
B-25850,2018-11-05,2018-11-07,Standard Express,IND-CUST-1168,Abhishek,Corporate,India,Goa,Goa,400001,West,IND-PRD-10719,Electronics,Phones,Phones - Grade Premium,13740.0,11,0.0,2304.0
B-25850,2018-11-05,2018-11-08,India Post Parcel,IND-CUST-1168,Abhishek,Small Business,India,Goa,Goa,400001,West,IND-PRD-10720,Clothing,Saree,Saree - Grade Premium,7275.0,4,0.1,2388.0
B-25851,2018-11-06,2018-11-09,Standard Express,IND-CUST-1221,Kushal,Small Business,India,Kohima,Nagaland,400001,Central,IND-PRD-10721,Clothing,Hankerchief,Hankerchief - Grade Standard,150.0,2,0.2,24.0
B-25851,2018-11-06,2018-11-08,Standard Express,IND-CUST-1221,Kushal,Consumer,India,Kohima,Nagaland,400001,Central,IND-PRD-10722,Electronics,Printers,Printers - Grade Premium,4500.0,2,0.25,504.0
B-25851,2018-11-06,2018-11-10,Standard Express,IND-CUST-1221,Kushal,Consumer,India,Kohima,Nagaland,400001,Central,IND-PRD-10723,Clothing,T-shirt,T-shirt - Grade Standard,855.0,2,0.1,324.0
B-25851,2018-11-06,2018-11-07,Standard Express,IND-CUST-1221,Kushal,Consumer,India,Kohima,Nagaland,400001,Central,IND-PRD-10724,Clothing,Saree,Saree - Grade A,1545.0,2,0.0,552.0
B-25851,2018-11-06,2018-11-07,Same Day Delivery,IND-CUST-1221,Kushal,Consumer,India,Kohima,Nagaland,400001,Central,IND-PRD-10725,Furniture,Bookcases,Bookcases - Grade A,5040.0,3,0.0,852.0
B-25851,2018-11-06,2018-11-10,India Post Parcel,IND-CUST-1221,Kushal,Consumer,India,Kohima,Nagaland,400001,Central,IND-PRD-10726,Clothing,Hankerchief,Hankerchief - Grade A,795.0,6,0.15,288.0
B-25851,2018-11-06,2018-11-08,Standard Express,IND-CUST-1221,Kushal,Consumer,India,Kohima,Nagaland,400001,Central,IND-PRD-10727,Clothing,T-shirt,T-shirt - Grade B,1350.0,5,0.1,348.0
B-25851,2018-11-06,2018-11-09,Standard Express,IND-CUST-1221,Kushal,Corporate,India,Kohima,Nagaland,400001,Central,IND-PRD-10728,Clothing,Saree,Saree - Grade Standard,930.0,3,0.1,12.0
B-25851,2018-11-06,2018-11-07,BlueDart Express,IND-CUST-1221,Kushal,Corporate,India,Kohima,Nagaland,400001,Central,IND-PRD-10729,Clothing,Kurti,Kurti - Grade A,2025.0,5,0.15,648.0
B-25851,2018-11-06,2018-11-11,Same Day Delivery,IND-CUST-1221,Kushal,Consumer,India,Kohima,Nagaland,400001,Central,IND-PRD-10730,Clothing,T-shirt,T-shirt - Grade Standard,3555.0,9,0.15,564.0
B-25852,2018-11-07,2018-11-12,BlueDart Express,IND-CUST-1222,Soumyabrata,Corporate,India,Hyderabad,Andhra Pradesh,500001,South,IND-PRD-10731,Electronics,Printers,Printers - Grade Premium,4800.0,1,0.15,1728.0
B-25852,2018-11-07,2018-11-11,Standard Express,IND-CUST-1222,Soumyabrata,Consumer,India,Hyderabad,Andhra Pradesh,500001,South,IND-PRD-10732,Clothing,Hankerchief,Hankerchief - Grade Premium,360.0,2,0.0,12.0
B-25852,2018-11-07,2018-11-09,Standard Express,IND-CUST-1222,Soumyabrata,Consumer,India,Hyderabad,Andhra Pradesh,500001,South,IND-PRD-10733,Clothing,Hankerchief,Hankerchief - Grade A,675.0,4,0.15,144.0
B-25852,2018-11-07,2018-11-08,BlueDart Express,IND-CUST-1222,Soumyabrata,Corporate,India,Hyderabad,Andhra Pradesh,500001,South,IND-PRD-10734,Clothing,Stole,Stole - Grade Standard,1455.0,2,0.2,204.0
B-25852,2018-11-07,2018-11-09,Standard Express,IND-CUST-1222,Soumyabrata,Corporate,India,Hyderabad,Andhra Pradesh,500001,South,IND-PRD-10735,Clothing,Stole,Stole - Grade A,750.0,1,0.0,192.0
B-25852,2018-11-07,2018-11-08,BlueDart Express,IND-CUST-1222,Soumyabrata,Corporate,India,Hyderabad,Andhra Pradesh,500001,South,IND-PRD-10736,Furniture,Tables,Tables - Grade Premium,13035.0,4,0.1,804.0
B-25852,2018-11-07,2018-11-11,Standard Express,IND-CUST-1222,Soumyabrata,Consumer,India,Hyderabad,Andhra Pradesh,500001,South,IND-PRD-10737,Clothing,Kurti,Kurti - Grade A,1575.0,5,0.05,396.0
B-25853,2018-11-08,2018-11-12,Same Day Delivery,IND-CUST-1223,Gaurav,Corporate,India,Ahmedabad,Gujarat,380001,West,IND-PRD-10738,Clothing,Skirt,Skirt - Grade Standard,585.0,6,0.25,192.0
B-25853,2018-11-08,2018-11-13,Standard Express,IND-CUST-1223,Gaurav,Corporate,India,Ahmedabad,Gujarat,380001,West,IND-PRD-10739,Clothing,Hankerchief,Hankerchief - Grade Premium,450.0,3,0.0,168.0
B-25853,2018-11-08,2018-11-10,BlueDart Express,IND-CUST-1223,Gaurav,Corporate,India,Ahmedabad,Gujarat,380001,West,IND-PRD-10740,Clothing,Hankerchief,Hankerchief - Grade B,390.0,2,0.1,132.0
B-25853,2018-11-08,2018-11-13,BlueDart Express,IND-CUST-1223,Gaurav,Corporate,India,Ahmedabad,Gujarat,380001,West,IND-PRD-10741,Clothing,Saree,Saree - Grade Premium,285.0,2,0.0,72.0
B-25853,2018-11-08,2018-11-10,BlueDart Express,IND-CUST-1223,Gaurav,Small Business,India,Ahmedabad,Gujarat,380001,West,IND-PRD-10742,Electronics,Printers,Printers - Grade B,8685.0,3,0.15,1668.0
B-25853,2018-11-08,2018-11-13,Standard Express,IND-CUST-1223,Gaurav,Corporate,India,Ahmedabad,Gujarat,380001,West,IND-PRD-10743,Furniture,Chairs,Chairs - Grade A,31395.0,5,0.0,8652.0
B-25853,2018-11-08,2018-11-11,BlueDart Express,IND-CUST-1223,Gaurav,Corporate,India,Ahmedabad,Gujarat,380001,West,IND-PRD-10744,Furniture,Furnishings,Furnishings - Grade A,1425.0,4,0.0,132.0
B-25853,2018-11-08,2018-11-11,BlueDart Express,IND-CUST-1223,Gaurav,Small Business,India,Ahmedabad,Gujarat,380001,West,IND-PRD-10745,Clothing,Saree,Saree - Grade Standard,1920.0,3,0.05,48.0
B-25853,2018-11-08,2018-11-11,BlueDart Express,IND-CUST-1223,Gaurav,Corporate,India,Ahmedabad,Gujarat,380001,West,IND-PRD-10746,Clothing,Stole,Stole - Grade B,2985.0,4,0.2,576.0
B-25854,2018-11-08,2018-11-11,BlueDart Express,IND-CUST-1130,Shubham,Consumer,India,Pune,Maharashtra,411001,West,IND-PRD-10747,Clothing,Stole,Stole - Grade A,2235.0,6,0.0,576.0
B-25854,2018-11-08,2018-11-09,BlueDart Express,IND-CUST-1130,Shubham,Corporate,India,Pune,Maharashtra,411001,West,IND-PRD-10748,Clothing,Hankerchief,Hankerchief - Grade B,6540.0,9,0.0,1572.0
B-25854,2018-11-08,2018-11-11,Same Day Delivery,IND-CUST-1130,Shubham,Consumer,India,Pune,Maharashtra,411001,West,IND-PRD-10749,Clothing,Hankerchief,Hankerchief - Grade A,1140.0,3,0.15,228.0
B-25854,2018-11-08,2018-11-12,Standard Express,IND-CUST-1130,Shubham,Consumer,India,Pune,Maharashtra,411001,West,IND-PRD-10750,Clothing,Stole,Stole - Grade Premium,1320.0,4,0.1,192.0
B-25854,2018-11-08,2018-11-12,Same Day Delivery,IND-CUST-1130,Shubham,Corporate,India,Pune,Maharashtra,411001,West,IND-PRD-10751,Furniture,Furnishings,Furnishings - Grade A,5130.0,7,0.2,1848.0
B-25854,2018-11-08,2018-11-09,BlueDart Express,IND-CUST-1130,Shubham,Small Business,India,Pune,Maharashtra,411001,West,IND-PRD-10752,Clothing,Hankerchief,Hankerchief - Grade Standard,600.0,3,0.0,192.0
B-25854,2018-11-08,2018-11-11,Standard Express,IND-CUST-1130,Shubham,Small Business,India,Pune,Maharashtra,411001,West,IND-PRD-10753,Clothing,Saree,Saree - Grade Premium,795.0,3,0.1,-24.0
B-25854,2018-11-08,2018-11-11,Standard Express,IND-CUST-1130,Shubham,Consumer,India,Pune,Maharashtra,411001,West,IND-PRD-10754,Clothing,Saree,Saree - Grade Standard,5715.0,2,0.0,1728.0
B-25855,2018-11-08,2018-11-11,Standard Express,IND-CUST-1224,Abhijeet,Consumer,India,Bhopal,Madhya Pradesh,400001,Central,IND-PRD-10755,Electronics,Printers,Printers - Grade Premium,12435.0,4,0.0,228.0
B-25855,2018-11-08,2018-11-13,Same Day Delivery,IND-CUST-1224,Abhijeet,Consumer,India,Bhopal,Madhya Pradesh,400001,Central,IND-PRD-10756,Electronics,Electronic Games,Electronic Games - Grade B,6630.0,2,0.1,372.0
B-25855,2018-11-08,2018-11-10,BlueDart Express,IND-CUST-1224,Abhijeet,Small Business,India,Bhopal,Madhya Pradesh,400001,Central,IND-PRD-10757,Clothing,Hankerchief,Hankerchief - Grade Standard,1350.0,3,0.1,204.0
B-25855,2018-11-08,2018-11-13,Same Day Delivery,IND-CUST-1224,Abhijeet,Small Business,India,Bhopal,Madhya Pradesh,400001,Central,IND-PRD-10758,Clothing,Hankerchief,Hankerchief - Grade A,1470.0,2,0.15,144.0
B-25855,2018-11-08,2018-11-10,BlueDart Express,IND-CUST-1224,Abhijeet,Corporate,India,Bhopal,Madhya Pradesh,400001,Central,IND-PRD-10759,Clothing,Hankerchief,Hankerchief - Grade B,915.0,2,0.05,360.0
B-25855,2018-11-08,2018-11-11,Standard Express,IND-CUST-1224,Abhijeet,Corporate,India,Bhopal,Madhya Pradesh,400001,Central,IND-PRD-10760,Clothing,Saree,Saree - Grade A,15405.0,8,0.05,5292.0
B-25855,2018-11-08,2018-11-11,Standard Express,IND-CUST-1224,Abhijeet,Corporate,India,Bhopal,Madhya Pradesh,400001,Central,IND-PRD-10761,Electronics,Printers,Printers - Grade Premium,19785.0,5,0.05,6804.0
B-25855,2018-11-08,2018-11-13,Standard Express,IND-CUST-1224,Abhijeet,Corporate,India,Bhopal,Madhya Pradesh,400001,Central,IND-PRD-10762,Furniture,Bookcases,Bookcases - Grade Premium,2955.0,1,0.3,876.0
B-25855,2018-11-08,2018-11-13,Standard Express,IND-CUST-1224,Abhijeet,Consumer,India,Bhopal,Madhya Pradesh,400001,Central,IND-PRD-10763,Furniture,Furnishings,Furnishings - Grade A,8250.0,5,0.0,2904.0
B-25856,2018-11-10,2018-11-12,Standard Express,IND-CUST-1224,Abhijeet,Consumer,India,Mumbai,Maharashtra,400001,West,IND-PRD-10764,Clothing,Stole,Stole - Grade A,1110.0,3,0.0,348.0
B-25856,2018-11-10,2018-11-14,Standard Express,IND-CUST-1224,Abhijeet,Corporate,India,Mumbai,Maharashtra,400001,West,IND-PRD-10765,Clothing,Skirt,Skirt - Grade B,150.0,2,0.05,24.0
B-25856,2018-11-10,2018-11-12,BlueDart Express,IND-CUST-1224,Abhijeet,Corporate,India,Mumbai,Maharashtra,400001,West,IND-PRD-10766,Clothing,Saree,Saree - Grade A,10335.0,5,0.1,1080.0
B-25856,2018-11-10,2018-11-15,BlueDart Express,IND-CUST-1224,Abhijeet,Consumer,India,Mumbai,Maharashtra,400001,West,IND-PRD-10767,Clothing,Saree,Saree - Grade Standard,3855.0,2,0.0,36.0
B-25856,2018-11-10,2018-11-15,India Post Parcel,IND-CUST-1224,Abhijeet,Small Business,India,Mumbai,Maharashtra,400001,West,IND-PRD-10768,Clothing,Saree,Saree - Grade Standard,720.0,1,0.2,72.0
B-25857,2018-11-10,2018-11-11,India Post Parcel,IND-CUST-1225,Anand,Consumer,India,Indore,Madhya Pradesh,452001,Central,IND-PRD-10769,Electronics,Accessories,Accessories - Grade A,4860.0,8,0.0,468.0
B-25857,2018-11-10,2018-11-15,BlueDart Express,IND-CUST-1225,Anand,Consumer,India,Indore,Madhya Pradesh,452001,Central,IND-PRD-10770,Furniture,Bookcases,Bookcases - Grade Standard,8970.0,4,0.2,1992.0
B-25857,2018-11-10,2018-11-11,Standard Express,IND-CUST-1225,Anand,Corporate,India,Indore,Madhya Pradesh,452001,Central,IND-PRD-10771,Furniture,Furnishings,Furnishings - Grade A,3405.0,2,0.0,708.0
B-25858,2018-11-13,2018-11-17,BlueDart Express,IND-CUST-1193,Swapnil,Corporate,India,Mumbai,Maharashtra,400001,West,IND-PRD-10772,Clothing,Hankerchief,Hankerchief - Grade B,330.0,3,0.1,96.0
B-25858,2018-11-13,2018-11-15,Same Day Delivery,IND-CUST-1193,Swapnil,Corporate,India,Mumbai,Maharashtra,400001,West,IND-PRD-10773,Clothing,Skirt,Skirt - Grade Standard,435.0,4,0.2,132.0
B-25858,2018-11-13,2018-11-15,Standard Express,IND-CUST-1193,Swapnil,Consumer,India,Mumbai,Maharashtra,400001,West,IND-PRD-10774,Clothing,Skirt,Skirt - Grade Standard,405.0,2,0.0,60.0
B-25858,2018-11-13,2018-11-14,Standard Express,IND-CUST-1193,Swapnil,Consumer,India,Mumbai,Maharashtra,400001,West,IND-PRD-10775,Clothing,Shirt,Shirt - Grade A,1230.0,2,0.25,156.0
B-25858,2018-11-13,2018-11-15,Same Day Delivery,IND-CUST-1193,Swapnil,Corporate,India,Mumbai,Maharashtra,400001,West,IND-PRD-10776,Electronics,Accessories,Accessories - Grade Standard,4410.0,7,0.05,1308.0
B-25858,2018-11-13,2018-11-18,Standard Express,IND-CUST-1193,Swapnil,Corporate,India,Mumbai,Maharashtra,400001,West,IND-PRD-10777,Clothing,Saree,Saree - Grade Premium,240.0,1,0.25,0.0
B-25858,2018-11-13,2018-11-16,BlueDart Express,IND-CUST-1193,Swapnil,Consumer,India,Mumbai,Maharashtra,400001,West,IND-PRD-10778,Clothing,Saree,Saree - Grade B,3675.0,2,0.1,360.0
B-25858,2018-11-13,2018-11-14,BlueDart Express,IND-CUST-1193,Swapnil,Corporate,India,Mumbai,Maharashtra,400001,West,IND-PRD-10779,Furniture,Bookcases,Bookcases - Grade B,3345.0,2,0.05,324.0
B-25858,2018-11-13,2018-11-15,Standard Express,IND-CUST-1193,Swapnil,Consumer,India,Mumbai,Maharashtra,400001,West,IND-PRD-10780,Electronics,Electronic Games,Electronic Games - Grade Standard,36855.0,11,0.0,7980.0
B-25859,2018-11-14,2018-11-15,Standard Express,IND-CUST-1226,Chikku,Corporate,India,Indore,Madhya Pradesh,452001,Central,IND-PRD-10781,Furniture,Bookcases,Bookcases - Grade Standard,10860.0,2,0.05,3036.0
B-25860,2018-11-15,2018-11-16,Standard Express,IND-CUST-1145,Akshay,Corporate,India,Chennai,Tamil Nadu,600001,South,IND-PRD-10782,Clothing,Kurti,Kurti - Grade Premium,1680.0,3,0.0,288.0
B-25861,2018-11-15,2018-11-18,Standard Express,IND-CUST-1227,Aayush,Consumer,India,Lucknow,Uttar Pradesh,226001,North,IND-PRD-10783,Clothing,Saree,Saree - Grade Premium,1920.0,3,0.0,48.0
B-25861,2018-11-15,2018-11-20,Standard Express,IND-CUST-1227,Aayush,Consumer,India,Lucknow,Uttar Pradesh,226001,North,IND-PRD-10784,Clothing,Stole,Stole - Grade Standard,750.0,2,0.0,36.0
B-25861,2018-11-15,2018-11-16,Same Day Delivery,IND-CUST-1227,Aayush,Corporate,India,Lucknow,Uttar Pradesh,226001,North,IND-PRD-10785,Clothing,Hankerchief,Hankerchief - Grade Standard,930.0,5,0.05,72.0
B-25861,2018-11-15,2018-11-17,Standard Express,IND-CUST-1227,Aayush,Corporate,India,Lucknow,Uttar Pradesh,226001,North,IND-PRD-10786,Clothing,Hankerchief,Hankerchief - Grade Premium,660.0,3,0.15,168.0
B-25861,2018-11-15,2018-11-19,BlueDart Express,IND-CUST-1227,Aayush,Corporate,India,Lucknow,Uttar Pradesh,226001,North,IND-PRD-10787,Clothing,Hankerchief,Hankerchief - Grade A,840.0,2,0.0,216.0
B-25861,2018-11-15,2018-11-16,Standard Express,IND-CUST-1227,Aayush,Corporate,India,Lucknow,Uttar Pradesh,226001,North,IND-PRD-10788,Electronics,Electronic Games,Electronic Games - Grade Premium,3240.0,3,0.0,-996.0
B-25862,2018-11-15,2018-11-16,India Post Parcel,IND-CUST-1228,Amol,Corporate,India,Patna,Bihar,400001,East,IND-PRD-10789,Furniture,Bookcases,Bookcases - Grade A,30915.0,5,0.1,8412.0
B-25862,2018-11-15,2018-11-18,Standard Express,IND-CUST-1228,Amol,Small Business,India,Patna,Bihar,400001,East,IND-PRD-10790,Clothing,Stole,Stole - Grade B,1815.0,4,0.0,492.0
B-25862,2018-11-15,2018-11-20,Standard Express,IND-CUST-1228,Amol,Consumer,India,Patna,Bihar,400001,East,IND-PRD-10791,Clothing,Stole,Stole - Grade B,1200.0,3,0.0,36.0
B-25863,2018-11-15,2018-11-19,Same Day Delivery,IND-CUST-1229,Manibalan,Consumer,India,Thiruvananthapuram,Kerala ,400001,Central,IND-PRD-10792,Clothing,Stole,Stole - Grade Premium,2835.0,7,0.0,1044.0
B-25864,2018-11-15,2018-11-17,Same Day Delivery,IND-CUST-1230,Aromal,Consumer,India,Mumbai,Maharashtra,400001,West,IND-PRD-10793,Clothing,Stole,Stole - Grade A,1500.0,4,0.2,72.0
B-25864,2018-11-15,2018-11-19,Standard Express,IND-CUST-1230,Aromal,Consumer,India,Mumbai,Maharashtra,400001,West,IND-PRD-10794,Clothing,Hankerchief,Hankerchief - Grade Premium,255.0,1,0.15,60.0
B-25864,2018-11-15,2018-11-17,Same Day Delivery,IND-CUST-1230,Aromal,Corporate,India,Mumbai,Maharashtra,400001,West,IND-PRD-10795,Clothing,Leggings,Leggings - Grade Premium,330.0,2,0.05,96.0
B-25864,2018-11-15,2018-11-20,BlueDart Express,IND-CUST-1230,Aromal,Consumer,India,Mumbai,Maharashtra,400001,West,IND-PRD-10796,Clothing,Hankerchief,Hankerchief - Grade A,405.0,2,0.1,108.0
B-25865,2018-11-15,2018-11-17,BlueDart Express,IND-CUST-1231,Arun,Small Business,India,Indore,Madhya Pradesh,452001,Central,IND-PRD-10797,Clothing,Saree,Saree - Grade Premium,1275.0,3,0.1,-12.0
B-25866,2018-11-16,2018-11-19,Standard Express,IND-CUST-1232,Komal,Corporate,India,Simla,Himachal Pradesh,400001,Central,IND-PRD-10798,Clothing,Stole,Stole - Grade B,765.0,2,0.1,168.0
B-25867,2018-11-17,2018-11-20,Standard Express,IND-CUST-1184,Ankit,Corporate,India,Gangtok,Sikkim,400001,Central,IND-PRD-10799,Clothing,Stole,Stole - Grade Standard,465.0,3,0.1,168.0
B-25867,2018-11-17,2018-11-20,BlueDart Express,IND-CUST-1184,Ankit,Consumer,India,Gangtok,Sikkim,400001,Central,IND-PRD-10800,Clothing,Kurti,Kurti - Grade Standard,3600.0,6,0.1,144.0
B-25867,2018-11-17,2018-11-20,BlueDart Express,IND-CUST-1184,Ankit,Consumer,India,Gangtok,Sikkim,400001,Central,IND-PRD-10801,Clothing,Shirt,Shirt - Grade Premium,2445.0,4,0.0,312.0
B-25868,2018-11-18,2018-11-22,Standard Express,IND-CUST-1233,Vikash,Consumer,India,Goa,Goa,400001,West,IND-PRD-10802,Electronics,Accessories,Accessories - Grade A,2550.0,2,0.0,876.0
B-25868,2018-11-18,2018-11-23,BlueDart Express,IND-CUST-1233,Vikash,Consumer,India,Goa,Goa,400001,West,IND-PRD-10803,Electronics,Phones,Phones - Grade A,930.0,1,0.05,-12.0
B-25868,2018-11-18,2018-11-20,Same Day Delivery,IND-CUST-1233,Vikash,Consumer,India,Goa,Goa,400001,West,IND-PRD-10804,Furniture,Tables,Tables - Grade B,16770.0,2,0.2,2472.0
B-25869,2018-11-19,2018-11-21,Standard Express,IND-CUST-1234,Parakh,Corporate,India,Kohima,Nagaland,400001,Central,IND-PRD-10805,Clothing,Saree,Saree - Grade A,1290.0,3,0.1,108.0
B-25870,2018-11-20,2018-11-23,BlueDart Express,IND-CUST-1127,Pranav,Small Business,India,Hyderabad,Andhra Pradesh,500001,South,IND-PRD-10806,Clothing,Kurti,Kurti - Grade A,150.0,1,0.15,48.0
B-25870,2018-11-20,2018-11-23,Standard Express,IND-CUST-1127,Pranav,Small Business,India,Hyderabad,Andhra Pradesh,500001,South,IND-PRD-10807,Clothing,Saree,Saree - Grade B,12675.0,7,0.3,1008.0
B-25870,2018-11-20,2018-11-21,Same Day Delivery,IND-CUST-1127,Pranav,Corporate,India,Hyderabad,Andhra Pradesh,500001,South,IND-PRD-10808,Furniture,Furnishings,Furnishings - Grade Premium,855.0,3,0.0,84.0
B-25870,2018-11-20,2018-11-25,BlueDart Express,IND-CUST-1127,Pranav,Consumer,India,Hyderabad,Andhra Pradesh,500001,South,IND-PRD-10809,Clothing,Hankerchief,Hankerchief - Grade Standard,7095.0,9,0.1,1356.0
B-25871,2018-11-21,2018-11-25,India Post Parcel,IND-CUST-1235,Gunjal,Small Business,India,Surat,Gujarat,395001,West,IND-PRD-10810,Clothing,Hankerchief,Hankerchief - Grade B,1770.0,4,0.1,300.0
B-25872,2018-11-22,2018-11-24,Standard Express,IND-CUST-1236,Saurabh,Small Business,India,Mumbai,Maharashtra,400001,West,IND-PRD-10811,Clothing,Shirt,Shirt - Grade Premium,855.0,2,0.25,324.0
B-25873,2018-11-23,2018-11-24,Standard Express,IND-CUST-1237,Divyeta,Consumer,India,Indore,Madhya Pradesh,452001,Central,IND-PRD-10812,Clothing,Stole,Stole - Grade B,990.0,3,0.3,144.0
B-25873,2018-11-23,2018-11-24,Standard Express,IND-CUST-1237,Divyeta,Corporate,India,Indore,Madhya Pradesh,452001,Central,IND-PRD-10813,Electronics,Electronic Games,Electronic Games - Grade Premium,5505.0,3,0.1,876.0
B-25873,2018-11-23,2018-11-25,Standard Express,IND-CUST-1237,Divyeta,Consumer,India,Indore,Madhya Pradesh,452001,Central,IND-PRD-10814,Clothing,Hankerchief,Hankerchief - Grade B,105.0,1,0.0,12.0
B-25873,2018-11-23,2018-11-27,Standard Express,IND-CUST-1237,Divyeta,Corporate,India,Indore,Madhya Pradesh,452001,Central,IND-PRD-10815,Electronics,Phones,Phones - Grade Premium,19125.0,2,0.15,4284.0
B-25873,2018-11-23,2018-11-24,India Post Parcel,IND-CUST-1237,Divyeta,Small Business,India,Indore,Madhya Pradesh,452001,Central,IND-PRD-10816,Clothing,Kurti,Kurti - Grade B,630.0,2,0.0,144.0
B-25874,2018-11-24,2018-11-25,Standard Express,IND-CUST-1106,Megha,Consumer,India,Udaipur,Rajasthan,400001,North,IND-PRD-10817,Clothing,T-shirt,T-shirt - Grade Premium,1860.0,5,0.15,648.0
B-25875,2018-11-24,2018-11-29,Standard Express,IND-CUST-1238,Divyeshkumar,Small Business,India,Allahabad,Uttar Pradesh,400001,North,IND-PRD-10818,Clothing,Saree,Saree - Grade B,3720.0,2,0.2,96.0
B-25876,2018-11-24,2018-11-28,Same Day Delivery,IND-CUST-1239,Bhosale,Corporate,India,Amritsar,Punjab,400001,North,IND-PRD-10819,Clothing,Trousers,Trousers - Grade Standard,4230.0,4,0.05,168.0
B-25877,2018-11-24,2018-11-25,Standard Express,IND-CUST-1240,Dashyam,Small Business,India,Surat,Gujarat,395001,West,IND-PRD-10820,Clothing,Trousers,Trousers - Grade Standard,17055.0,2,0.1,6816.0
B-25877,2018-11-24,2018-11-28,Same Day Delivery,IND-CUST-1240,Dashyam,Consumer,India,Surat,Gujarat,395001,West,IND-PRD-10821,Furniture,Chairs,Chairs - Grade A,4035.0,5,0.05,396.0
B-25877,2018-11-24,2018-11-26,Standard Express,IND-CUST-1240,Dashyam,Corporate,India,Surat,Gujarat,395001,West,IND-PRD-10822,Clothing,Skirt,Skirt - Grade Premium,360.0,2,0.05,96.0
B-25878,2018-11-24,2018-11-27,BlueDart Express,IND-CUST-1241,Mrinal,Consumer,India,Mumbai,Maharashtra,400001,West,IND-PRD-10823,Furniture,Furnishings,Furnishings - Grade B,2475.0,3,0.05,552.0
B-25878,2018-11-24,2018-11-25,Standard Express,IND-CUST-1241,Mrinal,Consumer,India,Mumbai,Maharashtra,400001,West,IND-PRD-10824,Clothing,Leggings,Leggings - Grade Premium,690.0,4,0.15,0.0
B-25878,2018-11-24,2018-11-29,Standard Express,IND-CUST-1241,Mrinal,Consumer,India,Mumbai,Maharashtra,400001,West,IND-PRD-10825,Clothing,T-shirt,T-shirt - Grade Standard,1260.0,3,0.25,492.0
B-25878,2018-11-24,2018-11-26,India Post Parcel,IND-CUST-1241,Mrinal,Small Business,India,Mumbai,Maharashtra,400001,West,IND-PRD-10826,Clothing,Stole,Stole - Grade Premium,2100.0,5,0.25,180.0
B-25878,2018-11-24,2018-11-28,Standard Express,IND-CUST-1241,Mrinal,Corporate,India,Mumbai,Maharashtra,400001,West,IND-PRD-10827,Furniture,Bookcases,Bookcases - Grade B,11115.0,5,0.0,3204.0
B-25878,2018-11-24,2018-11-26,BlueDart Express,IND-CUST-1241,Mrinal,Small Business,India,Mumbai,Maharashtra,400001,West,IND-PRD-10828,Furniture,Chairs,Chairs - Grade Premium,10785.0,6,0.2,3636.0
B-25879,2018-11-24,2018-11-25,Standard Express,IND-CUST-1173,Siddharth,Small Business,India,Indore,Madhya Pradesh,452001,Central,IND-PRD-10829,Clothing,Kurti,Kurti - Grade B,855.0,2,0.15,336.0
B-25880,2018-11-24,2018-11-28,Standard Express,IND-CUST-1242,Apoorv,Consumer,India,Udaipur,Rajasthan,400001,North,IND-PRD-10830,Clothing,Stole,Stole - Grade Standard,1620.0,2,0.0,444.0
B-25881,2018-11-25,2018-11-28,Same Day Delivery,IND-CUST-1027,Pooja,Consumer,India,Allahabad,Uttar Pradesh,400001,North,IND-PRD-10831,Clothing,Hankerchief,Hankerchief - Grade Standard,555.0,3,0.0,36.0
B-25881,2018-11-25,2018-11-27,Standard Express,IND-CUST-1027,Pooja,Consumer,India,Allahabad,Uttar Pradesh,400001,North,IND-PRD-10832,Clothing,Leggings,Leggings - Grade Standard,390.0,2,0.0,108.0
B-25881,2018-11-25,2018-11-26,BlueDart Express,IND-CUST-1027,Pooja,Consumer,India,Allahabad,Uttar Pradesh,400001,North,IND-PRD-10833,Electronics,Electronic Games,Electronic Games - Grade A,20265.0,6,0.2,1332.0
B-25881,2018-11-25,2018-11-30,India Post Parcel,IND-CUST-1027,Pooja,Consumer,India,Allahabad,Uttar Pradesh,400001,North,IND-PRD-10834,Clothing,Trousers,Trousers - Grade Standard,33660.0,4,0.1,2964.0
B-25881,2018-11-25,2018-11-29,BlueDart Express,IND-CUST-1027,Pooja,Consumer,India,Allahabad,Uttar Pradesh,400001,North,IND-PRD-10835,Clothing,Leggings,Leggings - Grade Premium,540.0,3,0.15,84.0
B-25881,2018-11-25,2018-11-27,India Post Parcel,IND-CUST-1027,Pooja,Consumer,India,Allahabad,Uttar Pradesh,400001,North,IND-PRD-10836,Furniture,Chairs,Chairs - Grade A,31725.0,5,0.0,276.0
B-25882,2018-11-26,2018-11-28,Standard Express,IND-CUST-1243,Masurkar,Consumer,India,Amritsar,Punjab,400001,North,IND-PRD-10837,Clothing,Stole,Stole - Grade Standard,1815.0,4,0.15,228.0
B-25883,2018-11-27,2018-11-30,Standard Express,IND-CUST-1244,Saptadeep,Consumer,India,Surat,Gujarat,395001,West,IND-PRD-10838,Clothing,Hankerchief,Hankerchief - Grade Premium,2190.0,5,0.0,504.0
B-25883,2018-11-27,2018-11-30,Standard Express,IND-CUST-1244,Saptadeep,Consumer,India,Surat,Gujarat,395001,West,IND-PRD-10839,Clothing,Leggings,Leggings - Grade Premium,1575.0,8,0.05,312.0
B-25883,2018-11-27,2018-12-02,BlueDart Express,IND-CUST-1244,Saptadeep,Small Business,India,Surat,Gujarat,395001,West,IND-PRD-10840,Furniture,Furnishings,Furnishings - Grade Premium,1905.0,3,0.1,348.0
B-25883,2018-11-27,2018-12-02,India Post Parcel,IND-CUST-1244,Saptadeep,Corporate,India,Surat,Gujarat,395001,West,IND-PRD-10841,Clothing,Hankerchief,Hankerchief - Grade B,240.0,4,0.0,-180.0
B-25883,2018-11-27,2018-11-28,Standard Express,IND-CUST-1244,Saptadeep,Small Business,India,Surat,Gujarat,395001,West,IND-PRD-10842,Clothing,Leggings,Leggings - Grade A,150.0,2,0.15,-24.0
B-25884,2018-11-28,2018-11-29,BlueDart Express,IND-CUST-1245,Sumeet,Consumer,India,Mumbai,Maharashtra,400001,West,IND-PRD-10843,Clothing,Hankerchief,Hankerchief - Grade Premium,360.0,4,0.0,24.0
B-25885,2018-11-28,2018-12-03,Standard Express,IND-CUST-1246,Shatayu,Consumer,India,Indore,Madhya Pradesh,452001,Central,IND-PRD-10844,Clothing,Shirt,Shirt - Grade B,1410.0,2,0.1,324.0
B-25885,2018-11-28,2018-12-03,BlueDart Express,IND-CUST-1246,Shatayu,Corporate,India,Indore,Madhya Pradesh,452001,Central,IND-PRD-10845,Furniture,Bookcases,Bookcases - Grade Standard,5910.0,2,0.05,1752.0
B-25885,2018-11-28,2018-12-02,BlueDart Express,IND-CUST-1246,Shatayu,Consumer,India,Indore,Madhya Pradesh,452001,Central,IND-PRD-10846,Furniture,Chairs,Chairs - Grade Premium,11010.0,2,0.1,2976.0
B-25885,2018-11-28,2018-12-01,India Post Parcel,IND-CUST-1246,Shatayu,Consumer,India,Indore,Madhya Pradesh,452001,Central,IND-PRD-10847,Clothing,Stole,Stole - Grade B,5235.0,7,0.0,0.0
B-25886,2018-11-28,2018-11-29,BlueDart Express,IND-CUST-1247,Brijesh,Consumer,India,Udaipur,Rajasthan,400001,North,IND-PRD-10848,Clothing,Stole,Stole - Grade Premium,1335.0,2,0.0,204.0
B-25886,2018-11-28,2018-12-01,Standard Express,IND-CUST-1247,Brijesh,Consumer,India,Udaipur,Rajasthan,400001,North,IND-PRD-10849,Electronics,Phones,Phones - Grade A,7530.0,4,0.2,1008.0
B-25886,2018-11-28,2018-12-01,Standard Express,IND-CUST-1247,Brijesh,Consumer,India,Udaipur,Rajasthan,400001,North,IND-PRD-10850,Clothing,T-shirt,T-shirt - Grade A,945.0,4,0.0,12.0
B-25886,2018-11-28,2018-12-03,Standard Express,IND-CUST-1247,Brijesh,Consumer,India,Udaipur,Rajasthan,400001,North,IND-PRD-10851,Clothing,Shirt,Shirt - Grade Standard,1605.0,3,0.15,444.0
B-25887,2018-12-01,2018-12-05,Standard Express,IND-CUST-1248,Vedant,Corporate,India,Allahabad,Uttar Pradesh,400001,North,IND-PRD-10852,Clothing,Shirt,Shirt - Grade Premium,1245.0,6,0.3,72.0
B-25887,2018-12-01,2018-12-03,Standard Express,IND-CUST-1248,Vedant,Consumer,India,Allahabad,Uttar Pradesh,400001,North,IND-PRD-10853,Electronics,Printers,Printers - Grade B,31875.0,6,0.0,2808.0
B-25888,2018-12-02,2018-12-06,Same Day Delivery,IND-CUST-1200,Rohan,Consumer,India,Amritsar,Punjab,400001,North,IND-PRD-10854,Clothing,Hankerchief,Hankerchief - Grade Standard,270.0,3,0.0,24.0
B-25888,2018-12-02,2018-12-06,BlueDart Express,IND-CUST-1200,Rohan,Corporate,India,Amritsar,Punjab,400001,North,IND-PRD-10855,Electronics,Phones,Phones - Grade Premium,3345.0,3,0.1,48.0
B-25888,2018-12-02,2018-12-05,BlueDart Express,IND-CUST-1200,Rohan,Consumer,India,Amritsar,Punjab,400001,North,IND-PRD-10856,Electronics,Electronic Games,Electronic Games - Grade Standard,9690.0,3,0.25,2556.0
B-25889,2018-12-03,2018-12-07,Standard Express,IND-CUST-1168,Abhishek,Consumer,India,Surat,Gujarat,395001,West,IND-PRD-10857,Clothing,Kurti,Kurti - Grade B,465.0,1,0.2,120.0
B-25889,2018-12-03,2018-12-04,Same Day Delivery,IND-CUST-1168,Abhishek,Small Business,India,Surat,Gujarat,395001,West,IND-PRD-10858,Clothing,Kurti,Kurti - Grade Standard,1785.0,7,0.1,516.0
B-25889,2018-12-03,2018-12-06,BlueDart Express,IND-CUST-1168,Abhishek,Consumer,India,Surat,Gujarat,395001,West,IND-PRD-10859,Clothing,T-shirt,T-shirt - Grade Standard,1710.0,4,0.15,132.0
B-25890,2018-12-04,2018-12-05,Standard Express,IND-CUST-1249,Divyansha,Consumer,India,Mumbai,Maharashtra,400001,West,IND-PRD-10860,Clothing,Saree,Saree - Grade Standard,6975.0,9,0.0,2484.0
B-25891,2018-12-04,2018-12-06,BlueDart Express,IND-CUST-1103,Shivani,Consumer,India,Indore,Madhya Pradesh,452001,Central,IND-PRD-10861,Clothing,Hankerchief,Hankerchief - Grade Premium,375.0,2,0.25,24.0
B-25891,2018-12-04,2018-12-07,BlueDart Express,IND-CUST-1103,Shivani,Consumer,India,Indore,Madhya Pradesh,452001,Central,IND-PRD-10862,Clothing,Hankerchief,Hankerchief - Grade B,1455.0,7,0.25,432.0
B-25891,2018-12-04,2018-12-06,Standard Express,IND-CUST-1103,Shivani,Corporate,India,Indore,Madhya Pradesh,452001,Central,IND-PRD-10863,Clothing,Stole,Stole - Grade A,1815.0,4,0.0,492.0
B-25892,2018-12-04,2018-12-07,BlueDart Express,IND-CUST-1162,Aditi,Corporate,India,Udaipur,Rajasthan,400001,North,IND-PRD-10864,Clothing,Shirt,Shirt - Grade Premium,2085.0,3,0.0,360.0
B-25893,2018-12-04,2018-12-09,BlueDart Express,IND-CUST-1250,Aashna,Consumer,India,Allahabad,Uttar Pradesh,400001,North,IND-PRD-10865,Clothing,Stole,Stole - Grade A,5325.0,7,0.0,1368.0
B-25893,2018-12-04,2018-12-08,Standard Express,IND-CUST-1250,Aashna,Corporate,India,Allahabad,Uttar Pradesh,400001,North,IND-PRD-10866,Clothing,Kurti,Kurti - Grade A,915.0,3,0.0,132.0
B-25893,2018-12-04,2018-12-09,India Post Parcel,IND-CUST-1250,Aashna,Consumer,India,Allahabad,Uttar Pradesh,400001,North,IND-PRD-10867,Clothing,Saree,Saree - Grade Premium,2235.0,3,0.15,180.0
B-25893,2018-12-04,2018-12-06,Same Day Delivery,IND-CUST-1250,Aashna,Consumer,India,Allahabad,Uttar Pradesh,400001,North,IND-PRD-10868,Electronics,Accessories,Accessories - Grade Premium,10320.0,6,0.05,1236.0
B-25893,2018-12-04,2018-12-08,BlueDart Express,IND-CUST-1250,Aashna,Corporate,India,Allahabad,Uttar Pradesh,400001,North,IND-PRD-10869,Electronics,Printers,Printers - Grade B,5580.0,3,0.0,708.0
B-25893,2018-12-04,2018-12-07,BlueDart Express,IND-CUST-1250,Aashna,Consumer,India,Allahabad,Uttar Pradesh,400001,North,IND-PRD-10870,Clothing,Shirt,Shirt - Grade B,3345.0,7,0.05,744.0
B-25893,2018-12-04,2018-12-08,Standard Express,IND-CUST-1250,Aashna,Consumer,India,Allahabad,Uttar Pradesh,400001,North,IND-PRD-10871,Clothing,Stole,Stole - Grade Standard,1245.0,3,0.3,144.0
B-25894,2018-12-04,2018-12-05,BlueDart Express,IND-CUST-1251,Monu,Consumer,India,Amritsar,Punjab,400001,North,IND-PRD-10872,Furniture,Bookcases,Bookcases - Grade A,18690.0,3,0.1,744.0
B-25895,2018-12-04,2018-12-08,BlueDart Express,IND-CUST-1252,Sathya,Consumer,India,Surat,Gujarat,395001,West,IND-PRD-10873,Furniture,Bookcases,Bookcases - Grade B,5820.0,2,0.05,1116.0
B-25896,2018-12-05,2018-12-06,Standard Express,IND-CUST-1136,Aman,Consumer,India,Mumbai,Maharashtra,400001,West,IND-PRD-10874,Clothing,Skirt,Skirt - Grade Standard,465.0,3,0.0,132.0
B-25896,2018-12-05,2018-12-09,BlueDart Express,IND-CUST-1136,Aman,Corporate,India,Mumbai,Maharashtra,400001,West,IND-PRD-10875,Clothing,Kurti,Kurti - Grade B,630.0,2,0.3,84.0
B-25896,2018-12-05,2018-12-06,Same Day Delivery,IND-CUST-1136,Aman,Consumer,India,Mumbai,Maharashtra,400001,West,IND-PRD-10876,Clothing,T-shirt,T-shirt - Grade Premium,2850.0,8,0.15,816.0
B-25896,2018-12-05,2018-12-07,BlueDart Express,IND-CUST-1136,Aman,Consumer,India,Mumbai,Maharashtra,400001,West,IND-PRD-10877,Clothing,Hankerchief,Hankerchief - Grade B,1545.0,2,0.0,432.0
B-25896,2018-12-05,2018-12-10,Standard Express,IND-CUST-1136,Aman,Consumer,India,Mumbai,Maharashtra,400001,West,IND-PRD-10878,Clothing,Kurti,Kurti - Grade A,4305.0,6,0.0,792.0
B-25896,2018-12-05,2018-12-08,Same Day Delivery,IND-CUST-1136,Aman,Corporate,India,Mumbai,Maharashtra,400001,West,IND-PRD-10879,Clothing,Skirt,Skirt - Grade B,345.0,2,0.0,48.0
B-25896,2018-12-05,2018-12-09,Standard Express,IND-CUST-1136,Aman,Corporate,India,Mumbai,Maharashtra,400001,West,IND-PRD-10880,Furniture,Furnishings,Furnishings - Grade A,1185.0,2,0.0,-24.0
B-25897,2018-12-06,2018-12-11,Standard Express,IND-CUST-1200,Rohan,Corporate,India,Indore,Madhya Pradesh,452001,Central,IND-PRD-10881,Clothing,Stole,Stole - Grade Premium,645.0,3,0.1,60.0
B-25897,2018-12-06,2018-12-09,Standard Express,IND-CUST-1200,Rohan,Corporate,India,Indore,Madhya Pradesh,452001,Central,IND-PRD-10882,Clothing,Hankerchief,Hankerchief - Grade A,495.0,3,0.2,120.0
B-25897,2018-12-06,2018-12-09,Standard Express,IND-CUST-1200,Rohan,Small Business,India,Indore,Madhya Pradesh,452001,Central,IND-PRD-10883,Clothing,Hankerchief,Hankerchief - Grade B,360.0,5,0.05,132.0
B-25897,2018-12-06,2018-12-07,Same Day Delivery,IND-CUST-1200,Rohan,Consumer,India,Indore,Madhya Pradesh,452001,Central,IND-PRD-10884,Electronics,Electronic Games,Electronic Games - Grade Standard,11010.0,6,0.15,2556.0
B-25898,2018-12-07,2018-12-09,BlueDart Express,IND-CUST-1168,Abhishek,Consumer,India,Udaipur,Rajasthan,400001,North,IND-PRD-10885,Clothing,Leggings,Leggings - Grade Premium,495.0,3,0.05,156.0
B-25898,2018-12-07,2018-12-09,Standard Express,IND-CUST-1168,Abhishek,Corporate,India,Udaipur,Rajasthan,400001,North,IND-PRD-10886,Clothing,Saree,Saree - Grade B,7485.0,4,0.15,396.0
B-25898,2018-12-07,2018-12-12,Same Day Delivery,IND-CUST-1168,Abhishek,Small Business,India,Udaipur,Rajasthan,400001,North,IND-PRD-10887,Clothing,Stole,Stole - Grade Premium,2205.0,3,0.15,876.0
B-25898,2018-12-07,2018-12-09,Same Day Delivery,IND-CUST-1168,Abhishek,Small Business,India,Udaipur,Rajasthan,400001,North,IND-PRD-10888,Clothing,T-shirt,T-shirt - Grade Premium,795.0,3,0.0,60.0
B-25898,2018-12-07,2018-12-11,Same Day Delivery,IND-CUST-1168,Abhishek,Consumer,India,Udaipur,Rajasthan,400001,North,IND-PRD-10889,Electronics,Electronic Games,Electronic Games - Grade B,2565.0,2,0.05,24.0
B-25898,2018-12-07,2018-12-09,Standard Express,IND-CUST-1168,Abhishek,Consumer,India,Udaipur,Rajasthan,400001,North,IND-PRD-10890,Furniture,Tables,Tables - Grade B,13725.0,3,0.1,-1188.0
B-25898,2018-12-07,2018-12-12,BlueDart Express,IND-CUST-1168,Abhishek,Consumer,India,Udaipur,Rajasthan,400001,North,IND-PRD-10891,Clothing,Shirt,Shirt - Grade Standard,2865.0,4,0.0,1116.0
B-25898,2018-12-07,2018-12-09,India Post Parcel,IND-CUST-1168,Abhishek,Corporate,India,Udaipur,Rajasthan,400001,North,IND-PRD-10892,Furniture,Tables,Tables - Grade Premium,12855.0,2,0.05,3288.0
B-25899,2018-12-08,2018-12-12,Same Day Delivery,IND-CUST-1253,Aishwarya,Consumer,India,Allahabad,Uttar Pradesh,400001,North,IND-PRD-10893,Clothing,Leggings,Leggings - Grade Premium,330.0,2,0.1,108.0
B-25899,2018-12-08,2018-12-09,Standard Express,IND-CUST-1253,Aishwarya,Consumer,India,Allahabad,Uttar Pradesh,400001,North,IND-PRD-10894,Clothing,Skirt,Skirt - Grade B,420.0,4,0.3,72.0
B-25899,2018-12-08,2018-12-13,Standard Express,IND-CUST-1253,Aishwarya,Corporate,India,Allahabad,Uttar Pradesh,400001,North,IND-PRD-10895,Clothing,Saree,Saree - Grade A,645.0,1,0.05,204.0
B-25899,2018-12-08,2018-12-09,BlueDart Express,IND-CUST-1253,Aishwarya,Consumer,India,Allahabad,Uttar Pradesh,400001,North,IND-PRD-10896,Furniture,Chairs,Chairs - Grade B,12690.0,2,0.15,108.0
B-25900,2018-12-09,2018-12-10,India Post Parcel,IND-CUST-1225,Anand,Small Business,India,Amritsar,Punjab,400001,North,IND-PRD-10897,Clothing,Leggings,Leggings - Grade Premium,225.0,1,0.05,24.0
B-25900,2018-12-09,2018-12-10,BlueDart Express,IND-CUST-1225,Anand,Consumer,India,Amritsar,Punjab,400001,North,IND-PRD-10898,Clothing,T-shirt,T-shirt - Grade B,2100.0,5,0.15,816.0
B-25900,2018-12-09,2018-12-12,BlueDart Express,IND-CUST-1225,Anand,Consumer,India,Amritsar,Punjab,400001,North,IND-PRD-10899,Electronics,Phones,Phones - Grade Standard,3150.0,2,0.1,744.0
B-25901,2018-12-10,2018-12-13,Standard Express,IND-CUST-1254,Suraj,Consumer,India,Surat,Gujarat,395001,West,IND-PRD-10900,Clothing,Hankerchief,Hankerchief - Grade A,2370.0,3,0.2,456.0
B-25901,2018-12-10,2018-12-11,BlueDart Express,IND-CUST-1254,Suraj,Corporate,India,Surat,Gujarat,395001,West,IND-PRD-10901,Clothing,T-shirt,T-shirt - Grade B,1350.0,2,0.05,324.0
B-25901,2018-12-10,2018-12-15,Same Day Delivery,IND-CUST-1254,Suraj,Consumer,India,Surat,Gujarat,395001,West,IND-PRD-10902,Furniture,Furnishings,Furnishings - Grade Standard,2385.0,3,0.1,24.0
B-25901,2018-12-10,2018-12-14,Standard Express,IND-CUST-1254,Suraj,Consumer,India,Surat,Gujarat,395001,West,IND-PRD-10903,Clothing,Hankerchief,Hankerchief - Grade Premium,915.0,2,0.1,336.0
B-25902,2018-12-10,2018-12-14,Same Day Delivery,IND-CUST-1255,Ishpreet,Small Business,India,Mumbai,Maharashtra,400001,West,IND-PRD-10904,Clothing,Saree,Saree - Grade B,1185.0,7,0.05,72.0
B-25902,2018-12-10,2018-12-12,India Post Parcel,IND-CUST-1255,Ishpreet,Consumer,India,Mumbai,Maharashtra,400001,West,IND-PRD-10905,Furniture,Bookcases,Bookcases - Grade Premium,4020.0,2,0.0,72.0
B-25902,2018-12-10,2018-12-15,Standard Express,IND-CUST-1255,Ishpreet,Corporate,India,Mumbai,Maharashtra,400001,West,IND-PRD-10906,Electronics,Accessories,Accessories - Grade Standard,12030.0,7,0.0,1440.0
B-25902,2018-12-10,2018-12-13,BlueDart Express,IND-CUST-1255,Ishpreet,Corporate,India,Mumbai,Maharashtra,400001,West,IND-PRD-10907,Clothing,Trousers,Trousers - Grade Premium,25500.0,3,0.0,1020.0
B-25902,2018-12-10,2018-12-11,Standard Express,IND-CUST-1255,Ishpreet,Consumer,India,Mumbai,Maharashtra,400001,West,IND-PRD-10908,Electronics,Accessories,Accessories - Grade Standard,2310.0,4,0.2,312.0
B-25903,2018-12-10,2018-12-12,Same Day Delivery,IND-CUST-1256,Amlan,Corporate,India,Indore,Madhya Pradesh,452001,Central,IND-PRD-10909,Electronics,Accessories,Accessories - Grade Standard,6825.0,8,0.0,924.0
B-25903,2018-12-10,2018-12-14,BlueDart Express,IND-CUST-1256,Amlan,Consumer,India,Indore,Madhya Pradesh,452001,Central,IND-PRD-10910,Clothing,Hankerchief,Hankerchief - Grade Standard,285.0,2,0.0,96.0
B-25903,2018-12-10,2018-12-13,BlueDart Express,IND-CUST-1256,Amlan,Corporate,India,Indore,Madhya Pradesh,452001,Central,IND-PRD-10911,Clothing,Leggings,Leggings - Grade B,375.0,3,0.15,132.0
B-25903,2018-12-10,2018-12-13,Same Day Delivery,IND-CUST-1256,Amlan,Consumer,India,Indore,Madhya Pradesh,452001,Central,IND-PRD-10912,Clothing,Hankerchief,Hankerchief - Grade Premium,555.0,3,0.05,204.0
B-25903,2018-12-10,2018-12-11,Standard Express,IND-CUST-1256,Amlan,Corporate,India,Indore,Madhya Pradesh,452001,Central,IND-PRD-10913,Furniture,Furnishings,Furnishings - Grade Premium,900.0,2,0.1,-120.0
B-25903,2018-12-10,2018-12-14,India Post Parcel,IND-CUST-1256,Amlan,Consumer,India,Indore,Madhya Pradesh,452001,Central,IND-PRD-10914,Clothing,Hankerchief,Hankerchief - Grade A,3060.0,4,0.0,1128.0
B-25903,2018-12-10,2018-12-15,BlueDart Express,IND-CUST-1256,Amlan,Corporate,India,Indore,Madhya Pradesh,452001,Central,IND-PRD-10915,Clothing,Shirt,Shirt - Grade A,1110.0,2,0.25,396.0
B-25903,2018-12-10,2018-12-13,Standard Express,IND-CUST-1256,Amlan,Consumer,India,Indore,Madhya Pradesh,452001,Central,IND-PRD-10916,Electronics,Phones,Phones - Grade A,5040.0,2,0.2,684.0
B-25904,2018-12-10,2018-12-11,BlueDart Express,IND-CUST-1193,Swapnil,Consumer,India,Delhi,Delhi,110001,North,IND-PRD-10917,Furniture,Bookcases,Bookcases - Grade A,13065.0,2,0.2,1572.0
B-25904,2018-12-10,2018-12-15,Same Day Delivery,IND-CUST-1193,Swapnil,Consumer,India,Delhi,Delhi,110001,North,IND-PRD-10918,Furniture,Chairs,Chairs - Grade Premium,1245.0,2,0.05,144.0
B-25905,2018-12-11,2018-12-15,Standard Express,IND-CUST-1257,Bhargav,Consumer,India,Delhi,Madhya Pradesh,110001,Central,IND-PRD-10919,Clothing,Stole,Stole - Grade Standard,2280.0,6,0.15,600.0
B-25906,2018-12-11,2018-12-14,Same Day Delivery,IND-CUST-1258,Abhijit,Corporate,India,Delhi,Delhi,110001,North,IND-PRD-10920,Clothing,Stole,Stole - Grade Standard,1170.0,3,0.0,324.0
B-25907,2018-12-11,2018-12-16,India Post Parcel,IND-CUST-1259,Jaydeep,Consumer,India,Bhopal,Madhya Pradesh,400001,Central,IND-PRD-10921,Clothing,Hankerchief,Hankerchief - Grade B,450.0,5,0.0,132.0
B-25908,2018-12-12,2018-12-17,Standard Express,IND-CUST-1260,Pradeep,Small Business,India,Delhi,Delhi,110001,North,IND-PRD-10922,Clothing,Kurti,Kurti - Grade Standard,2685.0,5,0.0,300.0
B-25909,2018-12-13,2018-12-18,India Post Parcel,IND-CUST-1261,Sujay,Small Business,India,Delhi,Madhya Pradesh,110001,Central,IND-PRD-10923,Clothing,Saree,Saree - Grade Premium,2520.0,3,0.1,672.0
B-25909,2018-12-13,2018-12-16,Standard Express,IND-CUST-1261,Sujay,Corporate,India,Delhi,Madhya Pradesh,110001,Central,IND-PRD-10924,Electronics,Accessories,Accessories - Grade Premium,1620.0,3,0.05,264.0
B-25909,2018-12-13,2018-12-16,Standard Express,IND-CUST-1261,Sujay,Consumer,India,Delhi,Madhya Pradesh,110001,Central,IND-PRD-10925,Electronics,Phones,Phones - Grade Premium,24330.0,3,0.1,2976.0
B-25909,2018-12-13,2018-12-15,Standard Express,IND-CUST-1261,Sujay,Consumer,India,Delhi,Madhya Pradesh,110001,Central,IND-PRD-10926,Electronics,Phones,Phones - Grade B,4845.0,5,0.0,1464.0
B-25909,2018-12-13,2018-12-17,Same Day Delivery,IND-CUST-1261,Sujay,Corporate,India,Delhi,Madhya Pradesh,110001,Central,IND-PRD-10927,Clothing,Skirt,Skirt - Grade A,180.0,2,0.05,24.0
B-25910,2018-12-14,2018-12-15,BlueDart Express,IND-CUST-1262,Jay,Consumer,India,Delhi,Delhi,110001,North,IND-PRD-10928,Clothing,Shirt,Shirt - Grade Standard,1875.0,5,0.15,180.0
B-25910,2018-12-14,2018-12-19,Standard Express,IND-CUST-1262,Jay,Consumer,India,Delhi,Delhi,110001,North,IND-PRD-10929,Clothing,Trousers,Trousers - Grade Premium,10275.0,7,0.05,84.0
B-25910,2018-12-14,2018-12-16,Standard Express,IND-CUST-1262,Jay,Corporate,India,Delhi,Delhi,110001,North,IND-PRD-10930,Electronics,Electronic Games,Electronic Games - Grade Premium,12750.0,5,0.15,3468.0
B-25910,2018-12-14,2018-12-15,BlueDart Express,IND-CUST-1262,Jay,Corporate,India,Delhi,Delhi,110001,North,IND-PRD-10931,Furniture,Tables,Tables - Grade A,24330.0,5,0.0,-7488.0
B-25910,2018-12-14,2018-12-16,Standard Express,IND-CUST-1262,Jay,Corporate,India,Delhi,Delhi,110001,North,IND-PRD-10932,Clothing,Hankerchief,Hankerchief - Grade Premium,3885.0,5,0.15,564.0
B-25910,2018-12-14,2018-12-17,Same Day Delivery,IND-CUST-1262,Jay,Consumer,India,Delhi,Delhi,110001,North,IND-PRD-10933,Clothing,Shirt,Shirt - Grade Standard,495.0,2,0.1,12.0
B-25911,2018-12-15,2018-12-20,Same Day Delivery,IND-CUST-1263,Phalguni,Corporate,India,Bhopal,Madhya Pradesh,400001,Central,IND-PRD-10934,Clothing,Kurti,Kurti - Grade B,600.0,1,0.0,180.0
B-25912,2018-12-16,2018-12-17,BlueDart Express,IND-CUST-1264,Preksha,Consumer,India,Delhi,Delhi,110001,North,IND-PRD-10935,Clothing,T-shirt,T-shirt - Grade Premium,1530.0,6,0.0,132.0
B-25913,2018-12-17,2018-12-18,India Post Parcel,IND-CUST-1265,Geetanjali,Consumer,India,Delhi,Madhya Pradesh,110001,Central,IND-PRD-10936,Clothing,Stole,Stole - Grade Standard,1545.0,7,0.1,252.0
B-25914,2018-12-18,2018-12-19,Standard Express,IND-CUST-1266,Kajal,Small Business,India,Delhi,Delhi,110001,North,IND-PRD-10937,Furniture,Chairs,Chairs - Grade Premium,6900.0,3,0.15,1716.0
B-25914,2018-12-18,2018-12-19,India Post Parcel,IND-CUST-1266,Kajal,Consumer,India,Delhi,Delhi,110001,North,IND-PRD-10938,Clothing,Stole,Stole - Grade A,1875.0,3,0.05,264.0
B-25915,2018-12-19,2018-12-20,BlueDart Express,IND-CUST-1267,Sukruta,Consumer,India,Amritsar,Punjab,400001,North,IND-PRD-10939,Electronics,Electronic Games,Electronic Games - Grade Premium,4155.0,1,0.0,36.0
B-25916,2018-12-20,2018-12-22,BlueDart Express,IND-CUST-1268,Utkarsh,Consumer,India,Surat,Gujarat,395001,West,IND-PRD-10940,Clothing,Skirt,Skirt - Grade Premium,1200.0,9,0.2,312.0
B-25917,2018-12-21,2018-12-26,Standard Express,IND-CUST-1033,Sanjay,Small Business,India,Mumbai,Maharashtra,400001,West,IND-PRD-10941,Clothing,T-shirt,T-shirt - Grade B,1500.0,2,0.1,144.0
B-25918,2018-12-22,2018-12-25,Same Day Delivery,IND-CUST-1269,Karandeep,Corporate,India,Indore,Madhya Pradesh,452001,Central,IND-PRD-10942,Furniture,Furnishings,Furnishings - Grade A,3660.0,5,0.05,1464.0
B-25919,2018-12-23,2018-12-26,Standard Express,IND-CUST-1270,Neha,Corporate,India,Udaipur,Rajasthan,400001,North,IND-PRD-10943,Clothing,T-shirt,T-shirt - Grade A,420.0,1,0.05,48.0
B-25919,2018-12-23,2018-12-26,Standard Express,IND-CUST-1270,Neha,Corporate,India,Udaipur,Rajasthan,400001,North,IND-PRD-10944,Clothing,Stole,Stole - Grade B,1650.0,7,0.0,144.0
B-25919,2018-12-23,2018-12-26,Standard Express,IND-CUST-1270,Neha,Consumer,India,Udaipur,Rajasthan,400001,North,IND-PRD-10945,Electronics,Printers,Printers - Grade Premium,9540.0,2,0.1,2448.0
B-25919,2018-12-23,2018-12-25,BlueDart Express,IND-CUST-1270,Neha,Consumer,India,Udaipur,Rajasthan,400001,North,IND-PRD-10946,Electronics,Electronic Games,Electronic Games - Grade Standard,23985.0,6,0.05,444.0
B-25919,2018-12-23,2018-12-27,BlueDart Express,IND-CUST-1270,Neha,Consumer,India,Udaipur,Rajasthan,400001,North,IND-PRD-10947,Electronics,Phones,Phones - Grade A,14655.0,7,0.3,2928.0
B-25920,2018-12-24,2018-12-29,BlueDart Express,IND-CUST-1271,Jayanti,Consumer,India,Allahabad,Uttar Pradesh,400001,North,IND-PRD-10948,Clothing,T-shirt,T-shirt - Grade A,1500.0,2,0.05,84.0
B-25921,2018-12-25,2018-12-26,Same Day Delivery,IND-CUST-1272,Sandra,Consumer,India,Amritsar,Punjab,400001,North,IND-PRD-10949,Clothing,T-shirt,T-shirt - Grade Premium,2550.0,5,0.05,228.0
B-25921,2018-12-25,2018-12-29,Standard Express,IND-CUST-1272,Sandra,Small Business,India,Amritsar,Punjab,400001,North,IND-PRD-10950,Electronics,Accessories,Accessories - Grade Premium,1260.0,2,0.1,-504.0
B-25921,2018-12-25,2018-12-28,BlueDart Express,IND-CUST-1272,Sandra,Consumer,India,Amritsar,Punjab,400001,North,IND-PRD-10951,Electronics,Accessories,Accessories - Grade A,1065.0,5,0.2,-528.0
B-25922,2018-12-26,2018-12-30,Standard Express,IND-CUST-1273,Akshata,Consumer,India,Surat,Gujarat,395001,West,IND-PRD-10952,Clothing,Stole,Stole - Grade Premium,780.0,2,0.15,216.0
B-25923,2018-12-27,2019-01-01,Same Day Delivery,IND-CUST-1274,Vishakha,Consumer,India,Mumbai,Maharashtra,400001,West,IND-PRD-10953,Electronics,Accessories,Accessories - Grade Standard,3390.0,3,0.05,696.0
B-25923,2018-12-27,2018-12-28,Same Day Delivery,IND-CUST-1274,Vishakha,Consumer,India,Mumbai,Maharashtra,400001,West,IND-PRD-10954,Electronics,Printers,Printers - Grade A,7260.0,3,0.15,336.0
B-25923,2018-12-27,2018-12-28,BlueDart Express,IND-CUST-1274,Vishakha,Small Business,India,Mumbai,Maharashtra,400001,West,IND-PRD-10955,Clothing,Trousers,Trousers - Grade Standard,3795.0,1,0.1,-132.0
B-25923,2018-12-27,2019-01-01,BlueDart Express,IND-CUST-1274,Vishakha,Consumer,India,Mumbai,Maharashtra,400001,West,IND-PRD-10956,Electronics,Phones,Phones - Grade Standard,58095.0,6,0.05,10692.0
B-25924,2018-12-28,2019-01-02,Standard Express,IND-CUST-1275,Prajakta,Consumer,India,Bangalore,Karnataka,560001,South,IND-PRD-10957,Furniture,Chairs,Chairs - Grade Premium,2220.0,2,0.0,648.0
B-25925,2018-12-29,2019-01-01,BlueDart Express,IND-CUST-1059,Shruti,Corporate,India,Mumbai,Maharashtra,400001,West,IND-PRD-10958,Clothing,Stole,Stole - Grade Standard,405.0,1,0.05,144.0
B-25925,2018-12-29,2018-12-30,Same Day Delivery,IND-CUST-1059,Shruti,Consumer,India,Mumbai,Maharashtra,400001,West,IND-PRD-10959,Electronics,Electronic Games,Electronic Games - Grade Premium,4710.0,3,0.0,-492.0
B-25925,2018-12-29,2019-01-02,BlueDart Express,IND-CUST-1059,Shruti,Consumer,India,Mumbai,Maharashtra,400001,West,IND-PRD-10960,Furniture,Chairs,Chairs - Grade B,18420.0,3,0.2,168.0
B-25926,2018-12-30,2019-01-01,Standard Express,IND-CUST-1276,Dipali,Consumer,India,Indore,Madhya Pradesh,452001,Central,IND-PRD-10961,Clothing,Leggings,Leggings - Grade Premium,855.0,5,0.05,72.0
B-25927,2018-12-31,2019-01-02,BlueDart Express,IND-CUST-1074,Shreya,Corporate,India,Lucknow,Uttar Pradesh,226001,North,IND-PRD-10962,Electronics,Electronic Games,Electronic Games - Grade Standard,3000.0,4,0.25,84.0
B-25928,2019-01-01,2019-01-06,Same Day Delivery,IND-CUST-1277,Smriti,Small Business,India,Patna,Bihar,400001,East,IND-PRD-10963,Furniture,Furnishings,Furnishings - Grade B,375.0,1,0.1,120.0
B-25928,2019-01-01,2019-01-04,Standard Express,IND-CUST-1277,Smriti,Corporate,India,Patna,Bihar,400001,East,IND-PRD-10964,Electronics,Accessories,Accessories - Grade Premium,1830.0,3,0.1,180.0
B-25929,2019-01-02,2019-01-04,Standard Express,IND-CUST-1278,Girase,Consumer,India,Thiruvananthapuram,Kerala ,400001,Central,IND-PRD-10965,Furniture,Bookcases,Bookcases - Grade Standard,19620.0,3,0.1,6432.0
B-25929,2019-01-02,2019-01-03,BlueDart Express,IND-CUST-1278,Girase,Corporate,India,Thiruvananthapuram,Kerala ,400001,Central,IND-PRD-10966,Furniture,Chairs,Chairs - Grade A,3240.0,3,0.0,-1620.0
B-25929,2019-01-02,2019-01-07,Same Day Delivery,IND-CUST-1278,Girase,Consumer,India,Thiruvananthapuram,Kerala ,400001,Central,IND-PRD-10967,Furniture,Chairs,Chairs - Grade A,2310.0,3,0.05,-1020.0
B-25930,2019-01-03,2019-01-07,Standard Express,IND-CUST-1279,Monica,Consumer,India,Chandigarh,Punjab,400001,North,IND-PRD-10968,Clothing,T-shirt,T-shirt - Grade Premium,600.0,3,0.0,156.0
B-25930,2019-01-03,2019-01-08,Standard Express,IND-CUST-1279,Monica,Consumer,India,Chandigarh,Punjab,400001,North,IND-PRD-10969,Electronics,Electronic Games,Electronic Games - Grade Premium,5265.0,5,0.1,-1128.0
B-25930,2019-01-03,2019-01-07,Standard Express,IND-CUST-1279,Monica,Consumer,India,Chandigarh,Punjab,400001,North,IND-PRD-10970,Furniture,Bookcases,Bookcases - Grade A,8925.0,4,0.05,1428.0
B-25930,2019-01-03,2019-01-08,Standard Express,IND-CUST-1279,Monica,Consumer,India,Chandigarh,Punjab,400001,North,IND-PRD-10971,Clothing,Hankerchief,Hankerchief - Grade Standard,2265.0,5,0.15,348.0
B-25930,2019-01-03,2019-01-08,BlueDart Express,IND-CUST-1279,Monica,Corporate,India,Chandigarh,Punjab,400001,North,IND-PRD-10972,Clothing,Hankerchief,Hankerchief - Grade Standard,870.0,2,0.0,204.0
B-25930,2019-01-03,2019-01-08,BlueDart Express,IND-CUST-1279,Monica,Small Business,India,Chandigarh,Punjab,400001,North,IND-PRD-10973,Clothing,T-shirt,T-shirt - Grade Standard,3030.0,9,0.0,1068.0
B-25931,2019-01-04,2019-01-08,BlueDart Express,IND-CUST-1280,Sidharth,Consumer,India,Mumbai,Maharashtra,400001,West,IND-PRD-10974,Furniture,Chairs,Chairs - Grade Premium,1095.0,3,0.05,-432.0
B-25932,2019-01-04,2019-01-08,BlueDart Express,IND-CUST-1281,Bhutekar,Consumer,India,Indore,Madhya Pradesh,452001,Central,IND-PRD-10975,Furniture,Furnishings,Furnishings - Grade B,1065.0,4,0.2,-168.0
B-25933,2019-01-04,2019-01-09,Standard Express,IND-CUST-1282,Shikhar,Consumer,India,Mumbai,Maharashtra,400001,West,IND-PRD-10976,Clothing,Stole,Stole - Grade B,1215.0,3,0.15,-528.0
B-25933,2019-01-04,2019-01-06,Same Day Delivery,IND-CUST-1282,Shikhar,Consumer,India,Mumbai,Maharashtra,400001,West,IND-PRD-10977,Clothing,Saree,Saree - Grade B,6180.0,6,0.05,-4944.0
B-25933,2019-01-04,2019-01-07,BlueDart Express,IND-CUST-1282,Shikhar,Corporate,India,Mumbai,Maharashtra,400001,West,IND-PRD-10978,Clothing,Saree,Saree - Grade B,3105.0,2,0.1,-1200.0
B-25934,2019-01-04,2019-01-07,India Post Parcel,IND-CUST-1283,Rahul,Consumer,India,Indore,Madhya Pradesh,452001,Central,IND-PRD-10979,Clothing,Saree,Saree - Grade B,1575.0,6,0.0,396.0
B-25935,2019-01-04,2019-01-07,BlueDart Express,IND-CUST-1284,Sudhir,Corporate,India,Kohima,Nagaland,400001,Central,IND-PRD-10980,Furniture,Chairs,Chairs - Grade Premium,2430.0,3,0.3,240.0
B-25935,2019-01-04,2019-01-08,Standard Express,IND-CUST-1284,Sudhir,Consumer,India,Kohima,Nagaland,400001,Central,IND-PRD-10981,Clothing,Hankerchief,Hankerchief - Grade Premium,2250.0,3,0.1,384.0
B-25935,2019-01-04,2019-01-08,BlueDart Express,IND-CUST-1284,Sudhir,Consumer,India,Kohima,Nagaland,400001,Central,IND-PRD-10982,Furniture,Chairs,Chairs - Grade B,24855.0,4,0.0,5520.0
B-25936,2019-01-05,2019-01-07,Standard Express,IND-CUST-1285,Nikhil,Consumer,India,Chandigarh,Punjab,400001,North,IND-PRD-10983,Clothing,Saree,Saree - Grade Premium,915.0,4,0.1,300.0
B-25937,2019-01-05,2019-01-08,BlueDart Express,IND-CUST-1184,Ankit,Consumer,India,Chandigarh,Haryana,400001,North,IND-PRD-10984,Furniture,Bookcases,Bookcases - Grade Premium,16515.0,3,0.0,4224.0
B-25938,2019-01-05,2019-01-08,Standard Express,IND-CUST-1282,Shikhar,Consumer,India,Simla,Himachal Pradesh,400001,Central,IND-PRD-10985,Furniture,Furnishings,Furnishings - Grade B,915.0,2,0.25,12.0
B-25938,2019-01-05,2019-01-10,Standard Express,IND-CUST-1282,Shikhar,Corporate,India,Simla,Himachal Pradesh,400001,Central,IND-PRD-10986,Clothing,Stole,Stole - Grade Standard,885.0,3,0.0,300.0
B-25939,2019-01-05,2019-01-09,Same Day Delivery,IND-CUST-1286,Vineet,Consumer,India,Gangtok,Sikkim,400001,Central,IND-PRD-10987,Electronics,Accessories,Accessories - Grade Premium,915.0,2,0.1,216.0
B-25939,2019-01-05,2019-01-08,Standard Express,IND-CUST-1286,Vineet,Corporate,India,Gangtok,Sikkim,400001,Central,IND-PRD-10988,Electronics,Accessories,Accessories - Grade Standard,2040.0,3,0.0,492.0
B-25939,2019-01-05,2019-01-07,Same Day Delivery,IND-CUST-1286,Vineet,Consumer,India,Gangtok,Sikkim,400001,Central,IND-PRD-10989,Electronics,Electronic Games,Electronic Games - Grade Premium,7035.0,4,0.15,396.0
B-25940,2019-01-06,2019-01-08,Standard Express,IND-CUST-1287,Vivek,Consumer,India,Goa,Goa,400001,West,IND-PRD-10990,Clothing,Stole,Stole - Grade Premium,825.0,2,0.15,48.0
B-25940,2019-01-06,2019-01-09,BlueDart Express,IND-CUST-1287,Vivek,Consumer,India,Goa,Goa,400001,West,IND-PRD-10991,Clothing,Hankerchief,Hankerchief - Grade B,195.0,2,0.1,36.0
B-25940,2019-01-06,2019-01-10,BlueDart Express,IND-CUST-1287,Vivek,Corporate,India,Goa,Goa,400001,West,IND-PRD-10992,Clothing,Leggings,Leggings - Grade Premium,690.0,4,0.1,0.0
B-25941,2019-01-07,2019-01-09,BlueDart Express,IND-CUST-1288,Jaideep,Consumer,India,Kohima,Nagaland,400001,Central,IND-PRD-10993,Clothing,Shirt,Shirt - Grade A,2655.0,4,0.2,492.0
B-25942,2019-01-08,2019-01-13,Standard Express,IND-CUST-1197,Ankur,Corporate,India,Hyderabad,Andhra Pradesh,500001,South,IND-PRD-10994,Electronics,Printers,Printers - Grade A,9690.0,2,0.0,-276.0
B-25943,2019-01-09,2019-01-11,Standard Express,IND-CUST-1289,Shardul,Consumer,India,Ahmedabad,Gujarat,380001,West,IND-PRD-10995,Clothing,Stole,Stole - Grade B,720.0,4,0.05,240.0
B-25943,2019-01-09,2019-01-10,Standard Express,IND-CUST-1289,Shardul,Corporate,India,Ahmedabad,Gujarat,380001,West,IND-PRD-10996,Clothing,Hankerchief,Hankerchief - Grade Standard,390.0,4,0.0,84.0
B-25943,2019-01-09,2019-01-10,Standard Express,IND-CUST-1289,Shardul,Consumer,India,Ahmedabad,Gujarat,380001,West,IND-PRD-10997,Clothing,Saree,Saree - Grade Standard,2235.0,3,0.3,180.0
B-25943,2019-01-09,2019-01-13,BlueDart Express,IND-CUST-1289,Shardul,Corporate,India,Ahmedabad,Gujarat,380001,West,IND-PRD-10998,Electronics,Accessories,Accessories - Grade Standard,23205.0,6,0.05,4080.0
B-25943,2019-01-09,2019-01-12,India Post Parcel,IND-CUST-1289,Shardul,Corporate,India,Ahmedabad,Gujarat,380001,West,IND-PRD-10999,Clothing,Hankerchief,Hankerchief - Grade A,2055.0,5,0.15,456.0
B-25944,2019-01-10,2019-01-14,Same Day Delivery,IND-CUST-1290,Syed,Small Business,India,Pune,Maharashtra,411001,West,IND-PRD-11000,Clothing,Saree,Saree - Grade Standard,2535.0,3,0.1,456.0
B-25945,2019-01-11,2019-01-15,Same Day Delivery,IND-CUST-1291,Mhatre,Consumer,India,Indore,Madhya Pradesh,452001,Central,IND-PRD-11001,Furniture,Bookcases,Bookcases - Grade Standard,3675.0,2,0.0,120.0
B-25945,2019-01-11,2019-01-15,Same Day Delivery,IND-CUST-1291,Mhatre,Consumer,India,Indore,Madhya Pradesh,452001,Central,IND-PRD-11002,Clothing,Saree,Saree - Grade B,900.0,3,0.0,36.0
B-25945,2019-01-11,2019-01-15,BlueDart Express,IND-CUST-1291,Mhatre,Consumer,India,Indore,Madhya Pradesh,452001,Central,IND-PRD-11003,Clothing,Shirt,Shirt - Grade Standard,945.0,2,0.0,168.0
B-25945,2019-01-11,2019-01-16,Standard Express,IND-CUST-1291,Mhatre,Corporate,India,Indore,Madhya Pradesh,452001,Central,IND-PRD-11004,Electronics,Electronic Games,Electronic Games - Grade A,11475.0,3,0.05,-432.0
B-25946,2019-01-12,2019-01-17,India Post Parcel,IND-CUST-1236,Saurabh,Consumer,India,Hyderabad,Andhra Pradesh,500001,South,IND-PRD-11005,Electronics,Phones,Phones - Grade A,2190.0,2,0.0,84.0
B-25947,2019-01-13,2019-01-15,BlueDart Express,IND-CUST-1292,Chetan,Corporate,India,Ahmedabad,Gujarat,380001,West,IND-PRD-11006,Clothing,Hankerchief,Hankerchief - Grade A,4350.0,6,0.0,420.0
B-25947,2019-01-13,2019-01-14,BlueDart Express,IND-CUST-1292,Chetan,Consumer,India,Ahmedabad,Gujarat,380001,West,IND-PRD-11007,Electronics,Accessories,Accessories - Grade B,3105.0,2,0.2,396.0
B-25948,2019-01-13,2019-01-17,Standard Express,IND-CUST-1293,Mukund,Consumer,India,Pune,Maharashtra,411001,West,IND-PRD-11008,Furniture,Furnishings,Furnishings - Grade B,2280.0,3,0.25,276.0
B-25949,2019-01-13,2019-01-15,Standard Express,IND-CUST-1294,Shantanu,Consumer,India,Mumbai,Maharashtra,400001,West,IND-PRD-11009,Clothing,Hankerchief,Hankerchief - Grade Premium,360.0,3,0.05,132.0
B-25949,2019-01-13,2019-01-14,BlueDart Express,IND-CUST-1294,Shantanu,Small Business,India,Mumbai,Maharashtra,400001,West,IND-PRD-11010,Clothing,Trousers,Trousers - Grade Standard,2100.0,2,0.05,684.0
B-25949,2019-01-13,2019-01-16,Same Day Delivery,IND-CUST-1294,Shantanu,Corporate,India,Mumbai,Maharashtra,400001,West,IND-PRD-11011,Clothing,Hankerchief,Hankerchief - Grade B,2265.0,3,0.0,108.0
B-25950,2019-01-13,2019-01-18,BlueDart Express,IND-CUST-1059,Shruti,Small Business,India,Indore,Madhya Pradesh,452001,Central,IND-PRD-11012,Clothing,Leggings,Leggings - Grade A,195.0,1,0.1,48.0
B-25950,2019-01-13,2019-01-14,Standard Express,IND-CUST-1059,Shruti,Consumer,India,Indore,Madhya Pradesh,452001,Central,IND-PRD-11013,Clothing,Stole,Stole - Grade A,810.0,2,0.15,324.0
B-25950,2019-01-13,2019-01-16,India Post Parcel,IND-CUST-1059,Shruti,Corporate,India,Indore,Madhya Pradesh,452001,Central,IND-PRD-11014,Electronics,Printers,Printers - Grade B,9660.0,2,0.0,2004.0
B-25950,2019-01-13,2019-01-14,Standard Express,IND-CUST-1059,Shruti,Corporate,India,Indore,Madhya Pradesh,452001,Central,IND-PRD-11015,Clothing,Shirt,Shirt - Grade B,3915.0,6,0.0,156.0
B-25950,2019-01-13,2019-01-18,Standard Express,IND-CUST-1059,Shruti,Consumer,India,Indore,Madhya Pradesh,452001,Central,IND-PRD-11016,Electronics,Printers,Printers - Grade B,24330.0,5,0.15,1140.0
B-25950,2019-01-13,2019-01-18,Standard Express,IND-CUST-1059,Shruti,Corporate,India,Indore,Madhya Pradesh,452001,Central,IND-PRD-11017,Furniture,Furnishings,Furnishings - Grade Premium,2850.0,9,0.1,228.0
B-25950,2019-01-13,2019-01-15,BlueDart Express,IND-CUST-1059,Shruti,Small Business,India,Indore,Madhya Pradesh,452001,Central,IND-PRD-11018,Clothing,Hankerchief,Hankerchief - Grade A,2370.0,10,0.0,-348.0
B-25950,2019-01-13,2019-01-17,India Post Parcel,IND-CUST-1059,Shruti,Small Business,India,Indore,Madhya Pradesh,452001,Central,IND-PRD-11019,Clothing,Saree,Saree - Grade Premium,2040.0,5,0.1,-396.0
B-25950,2019-01-13,2019-01-14,Standard Express,IND-CUST-1059,Shruti,Corporate,India,Indore,Madhya Pradesh,452001,Central,IND-PRD-11020,Clothing,Stole,Stole - Grade Premium,1995.0,5,0.05,60.0
B-25951,2019-01-13,2019-01-14,Same Day Delivery,IND-CUST-1295,Jesal,Consumer,India,Kolkata,West Bengal,700001,East,IND-PRD-11021,Clothing,Stole,Stole - Grade Standard,1530.0,2,0.05,156.0
B-25951,2019-01-13,2019-01-16,Standard Express,IND-CUST-1295,Jesal,Consumer,India,Kolkata,West Bengal,700001,East,IND-PRD-11022,Electronics,Electronic Games,Electronic Games - Grade A,750.0,1,0.15,168.0
B-25951,2019-01-13,2019-01-18,India Post Parcel,IND-CUST-1295,Jesal,Small Business,India,Kolkata,West Bengal,700001,East,IND-PRD-11023,Clothing,Hankerchief,Hankerchief - Grade A,1665.0,9,0.15,132.0
B-25951,2019-01-13,2019-01-14,Same Day Delivery,IND-CUST-1295,Jesal,Consumer,India,Kolkata,West Bengal,700001,East,IND-PRD-11024,Clothing,Stole,Stole - Grade B,1800.0,5,0.05,276.0
B-25951,2019-01-13,2019-01-18,Same Day Delivery,IND-CUST-1295,Jesal,Corporate,India,Kolkata,West Bengal,700001,East,IND-PRD-11025,Electronics,Accessories,Accessories - Grade B,600.0,1,0.25,216.0
B-25951,2019-01-13,2019-01-14,Standard Express,IND-CUST-1295,Jesal,Corporate,India,Kolkata,West Bengal,700001,East,IND-PRD-11026,Clothing,Trousers,Trousers - Grade Standard,3750.0,3,0.05,1200.0
B-25951,2019-01-13,2019-01-15,India Post Parcel,IND-CUST-1295,Jesal,Corporate,India,Kolkata,West Bengal,700001,East,IND-PRD-11027,Clothing,Stole,Stole - Grade Premium,1335.0,2,0.15,348.0
B-25951,2019-01-13,2019-01-17,BlueDart Express,IND-CUST-1295,Jesal,Small Business,India,Kolkata,West Bengal,700001,East,IND-PRD-11028,Clothing,Kurti,Kurti - Grade B,450.0,2,0.05,60.0
B-25951,2019-01-13,2019-01-14,Standard Express,IND-CUST-1295,Jesal,Consumer,India,Kolkata,West Bengal,700001,East,IND-PRD-11029,Electronics,Phones,Phones - Grade B,3720.0,2,0.2,1260.0
B-25951,2019-01-13,2019-01-18,Same Day Delivery,IND-CUST-1295,Jesal,Consumer,India,Kolkata,West Bengal,700001,East,IND-PRD-11030,Furniture,Bookcases,Bookcases - Grade A,11130.0,2,0.2,2376.0
B-25952,2019-01-13,2019-01-15,Standard Express,IND-CUST-1055,Priyanka,Consumer,India,Indore,Madhya Pradesh,452001,Central,IND-PRD-11031,Clothing,Hankerchief,Hankerchief - Grade A,210.0,4,0.0,0.0
B-25952,2019-01-13,2019-01-14,Same Day Delivery,IND-CUST-1055,Priyanka,Consumer,India,Indore,Madhya Pradesh,452001,Central,IND-PRD-11032,Clothing,Skirt,Skirt - Grade B,1305.0,9,0.25,384.0
B-25952,2019-01-13,2019-01-16,Standard Express,IND-CUST-1055,Priyanka,Consumer,India,Indore,Madhya Pradesh,452001,Central,IND-PRD-11033,Electronics,Electronic Games,Electronic Games - Grade A,14025.0,4,0.15,1368.0
B-25952,2019-01-13,2019-01-17,BlueDart Express,IND-CUST-1055,Priyanka,Consumer,India,Indore,Madhya Pradesh,452001,Central,IND-PRD-11034,Furniture,Chairs,Chairs - Grade Standard,2595.0,3,0.15,828.0
B-25952,2019-01-13,2019-01-14,BlueDart Express,IND-CUST-1055,Priyanka,Corporate,India,Indore,Madhya Pradesh,452001,Central,IND-PRD-11035,Clothing,Trousers,Trousers - Grade B,5280.0,5,0.0,216.0
B-25952,2019-01-13,2019-01-15,Standard Express,IND-CUST-1055,Priyanka,Small Business,India,Indore,Madhya Pradesh,452001,Central,IND-PRD-11036,Clothing,Saree,Saree - Grade A,2205.0,3,0.15,576.0
B-25952,2019-01-13,2019-01-16,Standard Express,IND-CUST-1055,Priyanka,Consumer,India,Indore,Madhya Pradesh,452001,Central,IND-PRD-11037,Clothing,Hankerchief,Hankerchief - Grade Standard,660.0,3,0.2,168.0
B-25953,2019-01-14,2019-01-16,Standard Express,IND-CUST-1081,Krutika,Consumer,India,Hyderabad,Andhra Pradesh,500001,South,IND-PRD-11038,Clothing,Hankerchief,Hankerchief - Grade A,330.0,4,0.0,-96.0
B-25953,2019-01-14,2019-01-16,BlueDart Express,IND-CUST-1081,Krutika,Small Business,India,Hyderabad,Andhra Pradesh,500001,South,IND-PRD-11039,Electronics,Electronic Games,Electronic Games - Grade A,2820.0,2,0.25,-2316.0
B-25953,2019-01-14,2019-01-17,Standard Express,IND-CUST-1081,Krutika,Consumer,India,Hyderabad,Andhra Pradesh,500001,South,IND-PRD-11040,Clothing,Stole,Stole - Grade A,1215.0,3,0.0,492.0
B-25953,2019-01-14,2019-01-16,BlueDart Express,IND-CUST-1081,Krutika,Consumer,India,Hyderabad,Andhra Pradesh,500001,South,IND-PRD-11041,Clothing,Hankerchief,Hankerchief - Grade B,660.0,3,0.0,24.0
B-25953,2019-01-14,2019-01-17,Standard Express,IND-CUST-1081,Krutika,Consumer,India,Hyderabad,Andhra Pradesh,500001,South,IND-PRD-11042,Electronics,Accessories,Accessories - Grade Premium,1740.0,1,0.1,264.0
B-25953,2019-01-14,2019-01-15,Standard Express,IND-CUST-1081,Krutika,Corporate,India,Hyderabad,Andhra Pradesh,500001,South,IND-PRD-11043,Clothing,T-shirt,T-shirt - Grade A,1005.0,4,0.1,240.0
B-25953,2019-01-14,2019-01-17,BlueDart Express,IND-CUST-1081,Krutika,Consumer,India,Hyderabad,Andhra Pradesh,500001,South,IND-PRD-11044,Electronics,Printers,Printers - Grade Standard,11160.0,6,0.1,1428.0
B-25953,2019-01-14,2019-01-17,Standard Express,IND-CUST-1081,Krutika,Small Business,India,Hyderabad,Andhra Pradesh,500001,South,IND-PRD-11045,Furniture,Bookcases,Bookcases - Grade B,18270.0,9,0.0,4224.0
B-25953,2019-01-14,2019-01-18,India Post Parcel,IND-CUST-1081,Krutika,Consumer,India,Hyderabad,Andhra Pradesh,500001,South,IND-PRD-11046,Clothing,Stole,Stole - Grade B,1305.0,5,0.25,432.0
B-25954,2019-01-14,2019-01-17,Same Day Delivery,IND-CUST-1296,Trupti,Consumer,India,Ahmedabad,Gujarat,380001,West,IND-PRD-11047,Clothing,Saree,Saree - Grade Standard,13365.0,5,0.0,0.0
B-25954,2019-01-14,2019-01-17,BlueDart Express,IND-CUST-1296,Trupti,Consumer,India,Ahmedabad,Gujarat,380001,West,IND-PRD-11048,Electronics,Phones,Phones - Grade A,2190.0,1,0.0,792.0
B-25954,2019-01-14,2019-01-15,BlueDart Express,IND-CUST-1296,Trupti,Consumer,India,Ahmedabad,Gujarat,380001,West,IND-PRD-11049,Clothing,Stole,Stole - Grade Premium,660.0,3,0.0,120.0
B-25954,2019-01-14,2019-01-18,Same Day Delivery,IND-CUST-1296,Trupti,Corporate,India,Ahmedabad,Gujarat,380001,West,IND-PRD-11050,Clothing,Leggings,Leggings - Grade A,405.0,2,0.1,0.0
B-25954,2019-01-14,2019-01-19,Standard Express,IND-CUST-1296,Trupti,Corporate,India,Ahmedabad,Gujarat,380001,West,IND-PRD-11051,Clothing,Shirt,Shirt - Grade Standard,720.0,2,0.25,132.0
B-25954,2019-01-14,2019-01-15,Standard Express,IND-CUST-1296,Trupti,Corporate,India,Ahmedabad,Gujarat,380001,West,IND-PRD-11052,Furniture,Furnishings,Furnishings - Grade B,2835.0,4,0.1,720.0
B-25954,2019-01-14,2019-01-15,Standard Express,IND-CUST-1296,Trupti,Corporate,India,Ahmedabad,Gujarat,380001,West,IND-PRD-11053,Electronics,Electronic Games,Electronic Games - Grade Premium,7860.0,2,0.15,-300.0
B-25954,2019-01-14,2019-01-19,Same Day Delivery,IND-CUST-1296,Trupti,Small Business,India,Ahmedabad,Gujarat,380001,West,IND-PRD-11054,Electronics,Electronic Games,Electronic Games - Grade B,2220.0,1,0.0,108.0
B-25955,2019-01-16,2019-01-19,Standard Express,IND-CUST-1149,Soumya,Corporate,India,Pune,Maharashtra,411001,West,IND-PRD-11055,Electronics,Accessories,Accessories - Grade Standard,25740.0,7,0.1,3708.0
B-25955,2019-01-16,2019-01-18,BlueDart Express,IND-CUST-1149,Soumya,Corporate,India,Pune,Maharashtra,411001,West,IND-PRD-11056,Clothing,Skirt,Skirt - Grade A,675.0,4,0.05,96.0
B-25955,2019-01-16,2019-01-20,India Post Parcel,IND-CUST-1149,Soumya,Consumer,India,Pune,Maharashtra,411001,West,IND-PRD-11057,Clothing,Saree,Saree - Grade Premium,585.0,2,0.05,24.0
B-25955,2019-01-16,2019-01-18,Same Day Delivery,IND-CUST-1149,Soumya,Consumer,India,Pune,Maharashtra,411001,West,IND-PRD-11058,Clothing,Stole,Stole - Grade B,1650.0,5,0.0,240.0
B-25955,2019-01-16,2019-01-21,BlueDart Express,IND-CUST-1149,Soumya,Consumer,India,Pune,Maharashtra,411001,West,IND-PRD-11059,Clothing,T-shirt,T-shirt - Grade B,810.0,3,0.1,168.0
B-25955,2019-01-16,2019-01-17,Standard Express,IND-CUST-1149,Soumya,Corporate,India,Pune,Maharashtra,411001,West,IND-PRD-11060,Electronics,Printers,Printers - Grade B,14310.0,3,0.1,1140.0
B-25955,2019-01-16,2019-01-17,Same Day Delivery,IND-CUST-1149,Soumya,Consumer,India,Pune,Maharashtra,411001,West,IND-PRD-11061,Furniture,Bookcases,Bookcases - Grade A,43905.0,8,0.15,1752.0
B-25955,2019-01-16,2019-01-20,BlueDart Express,IND-CUST-1149,Soumya,Consumer,India,Pune,Maharashtra,411001,West,IND-PRD-11062,Clothing,T-shirt,T-shirt - Grade Premium,4410.0,9,0.05,744.0
B-25955,2019-01-16,2019-01-17,Standard Express,IND-CUST-1149,Soumya,Small Business,India,Pune,Maharashtra,411001,West,IND-PRD-11063,Electronics,Phones,Phones - Grade A,3000.0,5,0.0,156.0
B-25956,2019-01-17,2019-01-18,Standard Express,IND-CUST-1074,Shreya,Small Business,India,Mumbai,Maharashtra,400001,West,IND-PRD-11064,Clothing,Shirt,Shirt - Grade A,1335.0,4,0.1,-444.0
B-25956,2019-01-17,2019-01-21,India Post Parcel,IND-CUST-1074,Shreya,Small Business,India,Mumbai,Maharashtra,400001,West,IND-PRD-11065,Clothing,Hankerchief,Hankerchief - Grade A,885.0,2,0.0,120.0
B-25956,2019-01-17,2019-01-21,BlueDart Express,IND-CUST-1074,Shreya,Consumer,India,Mumbai,Maharashtra,400001,West,IND-PRD-11066,Clothing,Hankerchief,Hankerchief - Grade Standard,495.0,3,0.2,120.0
B-25956,2019-01-17,2019-01-22,Same Day Delivery,IND-CUST-1074,Shreya,Corporate,India,Mumbai,Maharashtra,400001,West,IND-PRD-11067,Electronics,Phones,Phones - Grade Standard,7110.0,4,0.1,672.0
B-25956,2019-01-17,2019-01-18,Same Day Delivery,IND-CUST-1074,Shreya,Consumer,India,Mumbai,Maharashtra,400001,West,IND-PRD-11068,Electronics,Phones,Phones - Grade Standard,2100.0,2,0.0,336.0
B-25957,2019-01-18,2019-01-19,BlueDart Express,IND-CUST-1073,Mahima,Consumer,India,Indore,Madhya Pradesh,452001,Central,IND-PRD-11069,Clothing,Stole,Stole - Grade Premium,2205.0,3,0.25,876.0
B-25957,2019-01-18,2019-01-23,BlueDart Express,IND-CUST-1073,Mahima,Consumer,India,Indore,Madhya Pradesh,452001,Central,IND-PRD-11070,Clothing,Saree,Saree - Grade A,240.0,1,0.1,24.0
B-25957,2019-01-18,2019-01-21,Standard Express,IND-CUST-1073,Mahima,Consumer,India,Indore,Madhya Pradesh,452001,Central,IND-PRD-11071,Furniture,Bookcases,Bookcases - Grade A,17355.0,9,0.0,-156.0
B-25958,2019-01-18,2019-01-21,Standard Express,IND-CUST-1297,Aparajita,Consumer,India,Kolkata,West Bengal,700001,East,IND-PRD-11072,Clothing,Hankerchief,Hankerchief - Grade Standard,1575.0,2,0.1,300.0
B-25958,2019-01-18,2019-01-21,Standard Express,IND-CUST-1297,Aparajita,Corporate,India,Kolkata,West Bengal,700001,East,IND-PRD-11073,Clothing,Saree,Saree - Grade A,5400.0,3,0.0,384.0
B-25959,2019-01-18,2019-01-23,Same Day Delivery,IND-CUST-1298,Muskan,Consumer,India,Indore,Madhya Pradesh,452001,Central,IND-PRD-11074,Electronics,Phones,Phones - Grade A,3780.0,2,0.15,672.0
B-25959,2019-01-18,2019-01-19,BlueDart Express,IND-CUST-1298,Muskan,Corporate,India,Indore,Madhya Pradesh,452001,Central,IND-PRD-11075,Furniture,Chairs,Chairs - Grade B,10215.0,4,0.15,3108.0
B-25959,2019-01-18,2019-01-23,Same Day Delivery,IND-CUST-1298,Muskan,Consumer,India,Indore,Madhya Pradesh,452001,Central,IND-PRD-11076,Clothing,Kurti,Kurti - Grade A,480.0,2,0.25,24.0
B-25959,2019-01-18,2019-01-23,Standard Express,IND-CUST-1298,Muskan,Consumer,India,Indore,Madhya Pradesh,452001,Central,IND-PRD-11077,Clothing,Shirt,Shirt - Grade B,1980.0,3,0.1,588.0
B-25959,2019-01-18,2019-01-21,BlueDart Express,IND-CUST-1298,Muskan,Consumer,India,Indore,Madhya Pradesh,452001,Central,IND-PRD-11078,Electronics,Phones,Phones - Grade A,9555.0,8,0.05,2544.0
B-25959,2019-01-18,2019-01-20,BlueDart Express,IND-CUST-1298,Muskan,Consumer,India,Indore,Madhya Pradesh,452001,Central,IND-PRD-11079,Furniture,Chairs,Chairs - Grade Premium,6435.0,3,0.15,204.0
B-25959,2019-01-18,2019-01-19,BlueDart Express,IND-CUST-1298,Muskan,Corporate,India,Indore,Madhya Pradesh,452001,Central,IND-PRD-11080,Clothing,Hankerchief,Hankerchief - Grade Standard,1230.0,6,0.0,288.0
B-25959,2019-01-18,2019-01-21,BlueDart Express,IND-CUST-1298,Muskan,Consumer,India,Indore,Madhya Pradesh,452001,Central,IND-PRD-11081,Clothing,Hankerchief,Hankerchief - Grade B,345.0,2,0.1,96.0
B-25960,2019-01-18,2019-01-20,Standard Express,IND-CUST-1074,Shreya,Consumer,India,Hyderabad,Andhra Pradesh,500001,South,IND-PRD-11082,Furniture,Bookcases,Bookcases - Grade Standard,2565.0,2,0.1,-1680.0
B-25961,2019-01-18,2019-01-20,BlueDart Express,IND-CUST-1156,Surbhi,Consumer,India,Ahmedabad,Gujarat,380001,West,IND-PRD-11083,Clothing,Leggings,Leggings - Grade B,510.0,5,0.0,-144.0
B-25961,2019-01-18,2019-01-22,Standard Express,IND-CUST-1156,Surbhi,Consumer,India,Ahmedabad,Gujarat,380001,West,IND-PRD-11084,Furniture,Bookcases,Bookcases - Grade B,5490.0,3,0.05,1008.0
B-25961,2019-01-18,2019-01-19,Standard Express,IND-CUST-1156,Surbhi,Small Business,India,Ahmedabad,Gujarat,380001,West,IND-PRD-11085,Clothing,Skirt,Skirt - Grade B,390.0,3,0.2,36.0
B-25961,2019-01-18,2019-01-20,BlueDart Express,IND-CUST-1156,Surbhi,Consumer,India,Ahmedabad,Gujarat,380001,West,IND-PRD-11086,Electronics,Printers,Printers - Grade Premium,6690.0,3,0.2,636.0
B-25961,2019-01-18,2019-01-21,BlueDart Express,IND-CUST-1156,Surbhi,Corporate,India,Ahmedabad,Gujarat,380001,West,IND-PRD-11087,Clothing,Shirt,Shirt - Grade A,720.0,3,0.0,192.0
B-25961,2019-01-18,2019-01-22,India Post Parcel,IND-CUST-1156,Surbhi,Corporate,India,Ahmedabad,Gujarat,380001,West,IND-PRD-11088,Clothing,Skirt,Skirt - Grade B,510.0,3,0.0,120.0
B-25962,2019-01-19,2019-01-20,BlueDart Express,IND-CUST-1299,Tejeswini,Small Business,India,Pune,Maharashtra,411001,West,IND-PRD-11089,Electronics,Printers,Printers - Grade Premium,3900.0,2,0.0,816.0
B-25962,2019-01-19,2019-01-24,BlueDart Express,IND-CUST-1299,Tejeswini,Corporate,India,Pune,Maharashtra,411001,West,IND-PRD-11090,Electronics,Electronic Games,Electronic Games - Grade B,4680.0,1,0.2,744.0
B-25962,2019-01-19,2019-01-22,BlueDart Express,IND-CUST-1299,Tejeswini,Corporate,India,Pune,Maharashtra,411001,West,IND-PRD-11091,Furniture,Bookcases,Bookcases - Grade A,8160.0,3,0.0,-1824.0
B-25963,2019-01-19,2019-01-21,BlueDart Express,IND-CUST-1300,Pratiksha,Corporate,India,Mumbai,Maharashtra,400001,West,IND-PRD-11092,Furniture,Furnishings,Furnishings - Grade B,795.0,3,0.15,96.0
B-25964,2019-01-20,2019-01-22,Standard Express,IND-CUST-1301,Oshin,Small Business,India,Indore,Madhya Pradesh,452001,Central,IND-PRD-11093,Clothing,Stole,Stole - Grade Premium,2985.0,4,0.0,0.0
B-25964,2019-01-20,2019-01-23,Standard Express,IND-CUST-1301,Oshin,Consumer,India,Indore,Madhya Pradesh,452001,Central,IND-PRD-11094,Clothing,Saree,Saree - Grade A,1335.0,5,0.1,72.0
B-25964,2019-01-20,2019-01-22,Standard Express,IND-CUST-1301,Oshin,Consumer,India,Indore,Madhya Pradesh,452001,Central,IND-PRD-11095,Electronics,Electronic Games,Electronic Games - Grade Premium,19050.0,11,0.05,6552.0
B-25964,2019-01-20,2019-01-24,BlueDart Express,IND-CUST-1301,Oshin,Consumer,India,Indore,Madhya Pradesh,452001,Central,IND-PRD-11096,Furniture,Chairs,Chairs - Grade A,5190.0,3,0.15,1296.0
B-25965,2019-01-21,2019-01-22,Standard Express,IND-CUST-1302,Saloni,Corporate,India,Kolkata,West Bengal,700001,East,IND-PRD-11097,Clothing,Hankerchief,Hankerchief - Grade A,255.0,3,0.0,84.0
B-25966,2019-01-21,2019-01-25,Standard Express,IND-CUST-1149,Soumya,Corporate,India,Udaipur,Rajasthan,400001,North,IND-PRD-11098,Electronics,Electronic Games,Electronic Games - Grade Standard,7650.0,6,0.1,2808.0
B-25967,2019-01-21,2019-01-23,Standard Express,IND-CUST-1232,Komal,Consumer,India,Allahabad,Uttar Pradesh,400001,North,IND-PRD-11099,Clothing,Skirt,Skirt - Grade Standard,255.0,2,0.0,24.0
B-25967,2019-01-21,2019-01-26,India Post Parcel,IND-CUST-1232,Komal,Corporate,India,Allahabad,Uttar Pradesh,400001,North,IND-PRD-11100,Furniture,Furnishings,Furnishings - Grade Standard,1785.0,4,0.15,-288.0
B-25967,2019-01-21,2019-01-22,Standard Express,IND-CUST-1232,Komal,Consumer,India,Allahabad,Uttar Pradesh,400001,North,IND-PRD-11101,Clothing,Saree,Saree - Grade A,3435.0,9,0.2,708.0
B-25968,2019-01-21,2019-01-22,BlueDart Express,IND-CUST-1303,Paromita,Consumer,India,Amritsar,Punjab,400001,North,IND-PRD-11102,Electronics,Accessories,Accessories - Grade B,12165.0,7,0.0,1848.0
B-25969,2019-01-21,2019-01-24,Standard Express,IND-CUST-1304,Shreyshi,Small Business,India,Surat,Gujarat,395001,West,IND-PRD-11103,Electronics,Printers,Printers - Grade Premium,10800.0,2,0.2,516.0
B-25969,2019-01-21,2019-01-24,BlueDart Express,IND-CUST-1304,Shreyshi,Consumer,India,Surat,Gujarat,395001,West,IND-PRD-11104,Furniture,Bookcases,Bookcases - Grade Premium,36780.0,7,0.1,2292.0
B-25969,2019-01-21,2019-01-26,Standard Express,IND-CUST-1304,Shreyshi,Consumer,India,Surat,Gujarat,395001,West,IND-PRD-11105,Clothing,T-shirt,T-shirt - Grade Premium,2565.0,6,0.0,204.0
B-25970,2019-01-22,2019-01-23,Standard Express,IND-CUST-1067,Rhea,Corporate,India,Mumbai,Maharashtra,400001,West,IND-PRD-11106,Electronics,Printers,Printers - Grade Standard,3045.0,2,0.05,1008.0
B-25970,2019-01-22,2019-01-27,BlueDart Express,IND-CUST-1067,Rhea,Corporate,India,Mumbai,Maharashtra,400001,West,IND-PRD-11107,Furniture,Bookcases,Bookcases - Grade A,11130.0,2,0.0,2376.0
B-25970,2019-01-22,2019-01-25,Standard Express,IND-CUST-1067,Rhea,Consumer,India,Mumbai,Maharashtra,400001,West,IND-PRD-11108,Clothing,Stole,Stole - Grade Standard,1665.0,4,0.15,108.0
B-25970,2019-01-22,2019-01-25,Standard Express,IND-CUST-1067,Rhea,Corporate,India,Mumbai,Maharashtra,400001,West,IND-PRD-11109,Electronics,Phones,Phones - Grade B,5475.0,3,0.15,1284.0
B-25971,2019-01-22,2019-01-23,Standard Express,IND-CUST-1070,Mitali,Consumer,India,Indore,Madhya Pradesh,452001,Central,IND-PRD-11110,Furniture,Bookcases,Bookcases - Grade A,3660.0,2,0.0,996.0
B-25972,2019-01-23,2019-01-27,Standard Express,IND-CUST-1305,Jesslyn,Consumer,India,Udaipur,Rajasthan,400001,North,IND-PRD-11111,Electronics,Accessories,Accessories - Grade Premium,1725.0,2,0.1,564.0
B-25973,2019-01-24,2019-01-26,Standard Express,IND-CUST-1306,Seema,Consumer,India,Allahabad,Uttar Pradesh,400001,North,IND-PRD-11112,Clothing,Stole,Stole - Grade Standard,8565.0,12,0.15,1296.0
B-25973,2019-01-24,2019-01-27,Standard Express,IND-CUST-1306,Seema,Corporate,India,Allahabad,Uttar Pradesh,400001,North,IND-PRD-11113,Clothing,Hankerchief,Hankerchief - Grade Standard,5970.0,8,0.25,1332.0
B-25973,2019-01-24,2019-01-27,Same Day Delivery,IND-CUST-1306,Seema,Consumer,India,Allahabad,Uttar Pradesh,400001,North,IND-PRD-11114,Clothing,Shirt,Shirt - Grade B,1185.0,2,0.1,468.0
B-25973,2019-01-24,2019-01-28,BlueDart Express,IND-CUST-1306,Seema,Small Business,India,Allahabad,Uttar Pradesh,400001,North,IND-PRD-11115,Clothing,Leggings,Leggings - Grade B,585.0,5,0.25,168.0
B-25973,2019-01-24,2019-01-28,BlueDart Express,IND-CUST-1306,Seema,Corporate,India,Allahabad,Uttar Pradesh,400001,North,IND-PRD-11116,Electronics,Printers,Printers - Grade Standard,62115.0,13,0.1,20376.0
B-25974,2019-01-25,2019-01-30,Standard Express,IND-CUST-1307,Manisha,Small Business,India,Udaipur,Rajasthan,400001,North,IND-PRD-11117,Furniture,Bookcases,Bookcases - Grade B,9930.0,2,0.05,2880.0
B-25975,2019-01-25,2019-01-30,India Post Parcel,IND-CUST-1055,Priyanka,Consumer,India,Allahabad,Uttar Pradesh,400001,North,IND-PRD-11118,Clothing,Skirt,Skirt - Grade Premium,435.0,3,0.15,24.0
B-25976,2019-01-25,2019-01-27,Standard Express,IND-CUST-1308,Piyam,Small Business,India,Amritsar,Punjab,400001,North,IND-PRD-11119,Clothing,T-shirt,T-shirt - Grade B,2895.0,4,0.05,96.0
B-25977,2019-01-27,2019-01-29,Standard Express,IND-CUST-1079,Aayushi,Consumer,India,Surat,Gujarat,395001,West,IND-PRD-11120,Clothing,Stole,Stole - Grade B,405.0,1,0.05,12.0
B-25977,2019-01-27,2019-01-28,BlueDart Express,IND-CUST-1079,Aayushi,Consumer,India,Surat,Gujarat,395001,West,IND-PRD-11121,Clothing,Stole,Stole - Grade Standard,1110.0,3,0.05,348.0
B-25977,2019-01-27,2019-02-01,Standard Express,IND-CUST-1079,Aayushi,Consumer,India,Surat,Gujarat,395001,West,IND-PRD-11122,Clothing,T-shirt,T-shirt - Grade Standard,2700.0,4,0.15,648.0
B-25978,2019-01-27,2019-01-30,Standard Express,IND-CUST-1309,Parin,Consumer,India,Mumbai,Maharashtra,400001,West,IND-PRD-11123,Electronics,Electronic Games,Electronic Games - Grade A,15945.0,4,0.15,-2100.0
B-25978,2019-01-27,2019-02-01,BlueDart Express,IND-CUST-1309,Parin,Corporate,India,Mumbai,Maharashtra,400001,West,IND-PRD-11124,Clothing,Stole,Stole - Grade A,5115.0,7,0.05,1920.0
B-25979,2019-01-27,2019-01-30,Same Day Delivery,IND-CUST-1166,Shivangi,Consumer,India,Indore,Madhya Pradesh,452001,Central,IND-PRD-11125,Clothing,Saree,Saree - Grade Standard,8400.0,3,0.05,528.0
B-25979,2019-01-27,2019-01-31,BlueDart Express,IND-CUST-1166,Shivangi,Consumer,India,Indore,Madhya Pradesh,452001,Central,IND-PRD-11126,Clothing,Shirt,Shirt - Grade B,855.0,2,0.05,324.0
B-25979,2019-01-27,2019-02-01,BlueDart Express,IND-CUST-1166,Shivangi,Corporate,India,Indore,Madhya Pradesh,452001,Central,IND-PRD-11127,Furniture,Bookcases,Bookcases - Grade B,4260.0,2,0.1,540.0
B-25979,2019-01-27,2019-01-31,India Post Parcel,IND-CUST-1166,Shivangi,Consumer,India,Indore,Madhya Pradesh,452001,Central,IND-PRD-11128,Clothing,Hankerchief,Hankerchief - Grade A,180.0,2,0.0,12.0
B-25979,2019-01-27,2019-01-29,Standard Express,IND-CUST-1166,Shivangi,Corporate,India,Indore,Madhya Pradesh,452001,Central,IND-PRD-11129,Clothing,Kurti,Kurti - Grade A,1230.0,3,0.15,324.0
B-25980,2019-01-27,2019-01-29,Standard Express,IND-CUST-1101,Shweta,Consumer,India,Udaipur,Rajasthan,400001,North,IND-PRD-11130,Clothing,Kurti,Kurti - Grade A,330.0,3,0.05,132.0
B-25981,2019-01-28,2019-01-29,Standard Express,IND-CUST-1310,Amruta,Corporate,India,Delhi,Delhi,110001,North,IND-PRD-11131,Clothing,Leggings,Leggings - Grade Premium,630.0,3,0.05,156.0
B-25981,2019-01-28,2019-02-02,Standard Express,IND-CUST-1310,Amruta,Corporate,India,Delhi,Delhi,110001,North,IND-PRD-11132,Clothing,Saree,Saree - Grade Premium,810.0,3,0.0,144.0
B-25981,2019-01-28,2019-02-01,Standard Express,IND-CUST-1310,Amruta,Consumer,India,Delhi,Delhi,110001,North,IND-PRD-11133,Clothing,T-shirt,T-shirt - Grade A,930.0,2,0.0,96.0
B-25981,2019-01-28,2019-01-31,India Post Parcel,IND-CUST-1310,Amruta,Consumer,India,Delhi,Delhi,110001,North,IND-PRD-11134,Furniture,Bookcases,Bookcases - Grade B,3675.0,2,0.25,1092.0
B-25981,2019-01-28,2019-01-30,BlueDart Express,IND-CUST-1310,Amruta,Consumer,India,Delhi,Delhi,110001,North,IND-PRD-11135,Electronics,Phones,Phones - Grade A,13005.0,5,0.05,3012.0
B-25981,2019-01-28,2019-01-30,BlueDart Express,IND-CUST-1310,Amruta,Corporate,India,Delhi,Delhi,110001,North,IND-PRD-11136,Clothing,Stole,Stole - Grade Premium,720.0,3,0.0,24.0
B-25982,2019-01-29,2019-02-01,Standard Express,IND-CUST-1311,Hemangi,Consumer,India,Delhi,Delhi,110001,North,IND-PRD-11137,Clothing,Leggings,Leggings - Grade B,195.0,1,0.05,36.0
B-25983,2019-01-30,2019-02-03,Same Day Delivery,IND-CUST-1312,Atul,Consumer,India,Delhi,Delhi,110001,North,IND-PRD-11138,Clothing,Saree,Saree - Grade Premium,3450.0,2,0.05,60.0
B-25983,2019-01-30,2019-02-03,India Post Parcel,IND-CUST-1312,Atul,Consumer,India,Delhi,Delhi,110001,North,IND-PRD-11139,Furniture,Chairs,Chairs - Grade B,480.0,1,0.0,-144.0
B-25983,2019-01-30,2019-02-04,Same Day Delivery,IND-CUST-1312,Atul,Consumer,India,Delhi,Delhi,110001,North,IND-PRD-11140,Furniture,Furnishings,Furnishings - Grade Premium,2415.0,8,0.05,-2748.0
B-25983,2019-01-30,2019-02-04,Standard Express,IND-CUST-1312,Atul,Consumer,India,Delhi,Delhi,110001,North,IND-PRD-11141,Clothing,T-shirt,T-shirt - Grade B,750.0,6,0.1,-48.0
B-25983,2019-01-30,2019-01-31,BlueDart Express,IND-CUST-1312,Atul,Corporate,India,Delhi,Delhi,110001,North,IND-PRD-11142,Furniture,Bookcases,Bookcases - Grade B,8415.0,5,0.1,1416.0
B-25984,2019-01-30,2019-02-01,Standard Express,IND-CUST-1266,Kajal,Consumer,India,Delhi,Delhi,110001,North,IND-PRD-11143,Clothing,Stole,Stole - Grade B,4560.0,6,0.05,1164.0
B-25985,2019-01-31,2019-02-05,Standard Express,IND-CUST-1313,Ginny,Consumer,India,Indore,Madhya Pradesh,452001,Central,IND-PRD-11144,Clothing,Kurti,Kurti - Grade B,2955.0,4,0.05,240.0
B-25985,2019-01-31,2019-02-04,Standard Express,IND-CUST-1313,Ginny,Corporate,India,Indore,Madhya Pradesh,452001,Central,IND-PRD-11145,Clothing,Shirt,Shirt - Grade Standard,1620.0,4,0.25,312.0
B-25985,2019-01-31,2019-02-03,BlueDart Express,IND-CUST-1313,Ginny,Corporate,India,Indore,Madhya Pradesh,452001,Central,IND-PRD-11146,Clothing,Hankerchief,Hankerchief - Grade Premium,480.0,5,0.05,96.0
B-25985,2019-01-31,2019-02-04,BlueDart Express,IND-CUST-1313,Ginny,Consumer,India,Indore,Madhya Pradesh,452001,Central,IND-PRD-11147,Clothing,Stole,Stole - Grade Premium,660.0,4,0.0,132.0
B-25986,2019-01-31,2019-02-02,Standard Express,IND-CUST-1101,Shweta,Consumer,India,Udaipur,Rajasthan,400001,North,IND-PRD-11148,Furniture,Furnishings,Furnishings - Grade Standard,11235.0,7,0.0,3684.0
B-25986,2019-01-31,2019-02-04,Standard Express,IND-CUST-1101,Shweta,Consumer,India,Udaipur,Rajasthan,400001,North,IND-PRD-11149,Clothing,Leggings,Leggings - Grade B,1065.0,5,0.05,48.0
B-25986,2019-01-31,2019-02-01,BlueDart Express,IND-CUST-1101,Shweta,Small Business,India,Udaipur,Rajasthan,400001,North,IND-PRD-11150,Electronics,Printers,Printers - Grade B,7305.0,3,0.15,-276.0
B-25986,2019-01-31,2019-02-02,Standard Express,IND-CUST-1101,Shweta,Consumer,India,Udaipur,Rajasthan,400001,North,IND-PRD-11151,Electronics,Electronic Games,Electronic Games - Grade Premium,13770.0,9,0.0,264.0
B-25987,2019-01-31,2019-02-03,Standard Express,IND-CUST-1314,Manjiri,Small Business,India,Delhi,Delhi,110001,North,IND-PRD-11152,Clothing,Stole,Stole - Grade Standard,4485.0,6,0.15,0.0
B-25987,2019-01-31,2019-02-01,Standard Express,IND-CUST-1314,Manjiri,Corporate,India,Delhi,Delhi,110001,North,IND-PRD-11153,Clothing,Hankerchief,Hankerchief - Grade B,1320.0,7,0.0,132.0
B-25988,2019-01-31,2019-02-02,Same Day Delivery,IND-CUST-1315,Nirja,Consumer,India,Delhi,Delhi,110001,North,IND-PRD-11154,Clothing,Skirt,Skirt - Grade B,1185.0,9,0.05,288.0
B-25989,2019-02-01,2019-02-04,Standard Express,IND-CUST-1066,Anjali,Consumer,India,Delhi,Delhi,110001,North,IND-PRD-11155,Clothing,Hankerchief,Hankerchief - Grade B,660.0,3,0.15,168.0
B-25989,2019-02-01,2019-02-02,Standard Express,IND-CUST-1066,Anjali,Consumer,India,Delhi,Delhi,110001,North,IND-PRD-11156,Clothing,Stole,Stole - Grade A,150.0,1,0.05,60.0
B-25989,2019-02-01,2019-02-02,Standard Express,IND-CUST-1066,Anjali,Consumer,India,Delhi,Delhi,110001,North,IND-PRD-11157,Electronics,Accessories,Accessories - Grade Standard,630.0,1,0.1,180.0
B-25989,2019-02-01,2019-02-03,India Post Parcel,IND-CUST-1066,Anjali,Consumer,India,Delhi,Delhi,110001,North,IND-PRD-11158,Furniture,Bookcases,Bookcases - Grade B,4950.0,1,0.0,972.0
B-25989,2019-02-01,2019-02-06,BlueDart Express,IND-CUST-1066,Anjali,Corporate,India,Delhi,Delhi,110001,North,IND-PRD-11159,Clothing,Hankerchief,Hankerchief - Grade A,5070.0,7,0.15,492.0
B-25990,2019-02-02,2019-02-03,BlueDart Express,IND-CUST-1316,Mugdha,Small Business,India,Delhi,Delhi,110001,North,IND-PRD-11160,Clothing,Saree,Saree - Grade Standard,1065.0,3,0.0,384.0
B-25991,2019-02-03,2019-02-04,Standard Express,IND-CUST-1317,Mansi,Corporate,India,Indore,Madhya Pradesh,452001,Central,IND-PRD-11161,Clothing,Shirt,Shirt - Grade B,2820.0,7,0.2,156.0
B-25991,2019-02-03,2019-02-06,BlueDart Express,IND-CUST-1317,Mansi,Corporate,India,Indore,Madhya Pradesh,452001,Central,IND-PRD-11162,Furniture,Chairs,Chairs - Grade Premium,1350.0,2,0.0,360.0
B-25991,2019-02-03,2019-02-07,Standard Express,IND-CUST-1317,Mansi,Consumer,India,Indore,Madhya Pradesh,452001,Central,IND-PRD-11163,Clothing,Hankerchief,Hankerchief - Grade A,195.0,2,0.2,60.0
B-25992,2019-02-03,2019-02-05,BlueDart Express,IND-CUST-1223,Gaurav,Consumer,India,Udaipur,Rajasthan,400001,North,IND-PRD-11164,Clothing,Shirt,Shirt - Grade A,2115.0,3,0.05,492.0
B-25993,2019-02-03,2019-02-05,India Post Parcel,IND-CUST-1318,Harshal,Consumer,India,Delhi,Delhi,110001,North,IND-PRD-11165,Clothing,Stole,Stole - Grade B,660.0,2,0.15,96.0
B-25993,2019-02-03,2019-02-08,BlueDart Express,IND-CUST-1318,Harshal,Corporate,India,Delhi,Delhi,110001,North,IND-PRD-11166,Electronics,Printers,Printers - Grade B,9150.0,3,0.05,2496.0
B-25993,2019-02-03,2019-02-08,Same Day Delivery,IND-CUST-1318,Harshal,Small Business,India,Delhi,Delhi,110001,North,IND-PRD-11167,Furniture,Tables,Tables - Grade A,65445.0,5,0.2,3660.0
B-25993,2019-02-03,2019-02-05,BlueDart Express,IND-CUST-1318,Harshal,Corporate,India,Delhi,Delhi,110001,North,IND-PRD-11168,Electronics,Phones,Phones - Grade Premium,6210.0,3,0.0,2388.0
B-25993,2019-02-03,2019-02-08,Standard Express,IND-CUST-1318,Harshal,Consumer,India,Delhi,Delhi,110001,North,IND-PRD-11169,Furniture,Furnishings,Furnishings - Grade Premium,3315.0,7,0.0,312.0
B-25993,2019-02-03,2019-02-06,India Post Parcel,IND-CUST-1318,Harshal,Consumer,India,Delhi,Delhi,110001,North,IND-PRD-11170,Furniture,Furnishings,Furnishings - Grade Standard,3015.0,4,0.05,384.0
B-25993,2019-02-03,2019-02-05,Standard Express,IND-CUST-1318,Harshal,Corporate,India,Delhi,Delhi,110001,North,IND-PRD-11171,Electronics,Printers,Printers - Grade B,2595.0,1,0.0,1032.0
B-25994,2019-02-03,2019-02-08,BlueDart Express,IND-CUST-1319,Omkar,Consumer,India,Delhi,Delhi,110001,North,IND-PRD-11172,Electronics,Phones,Phones - Grade Premium,2940.0,5,0.0,-84.0
B-25995,2019-02-04,2019-02-06,Standard Express,IND-CUST-1320,Yohann,Corporate,India,Delhi,Delhi,110001,North,IND-PRD-11173,Furniture,Bookcases,Bookcases - Grade Standard,19710.0,3,0.25,4104.0
B-25996,2019-02-04,2019-02-08,Standard Express,IND-CUST-1321,Prashant,Corporate,India,Delhi,Delhi,110001,North,IND-PRD-11174,Clothing,Skirt,Skirt - Grade Premium,930.0,6,0.25,72.0
B-25996,2019-02-04,2019-02-05,Standard Express,IND-CUST-1321,Prashant,Corporate,India,Delhi,Delhi,110001,North,IND-PRD-11175,Clothing,Hankerchief,Hankerchief - Grade B,465.0,2,0.05,24.0
B-25996,2019-02-04,2019-02-06,Standard Express,IND-CUST-1321,Prashant,Consumer,India,Delhi,Delhi,110001,North,IND-PRD-11176,Furniture,Furnishings,Furnishings - Grade Standard,3255.0,2,0.2,864.0
B-25996,2019-02-04,2019-02-05,BlueDart Express,IND-CUST-1321,Prashant,Consumer,India,Delhi,Delhi,110001,North,IND-PRD-11177,Clothing,Shirt,Shirt - Grade Standard,4290.0,6,0.1,1680.0
B-25996,2019-02-04,2019-02-09,BlueDart Express,IND-CUST-1321,Prashant,Consumer,India,Delhi,Delhi,110001,North,IND-PRD-11178,Electronics,Phones,Phones - Grade Standard,4995.0,2,0.0,600.0
B-25996,2019-02-04,2019-02-05,Standard Express,IND-CUST-1321,Prashant,Consumer,India,Delhi,Delhi,110001,North,IND-PRD-11179,Clothing,Stole,Stole - Grade Premium,705.0,2,0.15,12.0
B-25996,2019-02-04,2019-02-06,Standard Express,IND-CUST-1321,Prashant,Consumer,India,Delhi,Delhi,110001,North,IND-PRD-11180,Clothing,Saree,Saree - Grade B,270.0,1,0.1,48.0
B-25997,2019-02-04,2019-02-08,BlueDart Express,IND-CUST-1009,Yogesh,Corporate,India,Indore,Madhya Pradesh,452001,Central,IND-PRD-11181,Clothing,Hankerchief,Hankerchief - Grade Standard,240.0,3,0.3,72.0
B-25997,2019-02-04,2019-02-09,Standard Express,IND-CUST-1009,Yogesh,Corporate,India,Indore,Madhya Pradesh,452001,Central,IND-PRD-11182,Electronics,Electronic Games,Electronic Games - Grade A,3465.0,2,0.0,1188.0
B-25997,2019-02-04,2019-02-06,BlueDart Express,IND-CUST-1009,Yogesh,Consumer,India,Indore,Madhya Pradesh,452001,Central,IND-PRD-11183,Furniture,Bookcases,Bookcases - Grade B,34380.0,7,0.1,1524.0
B-25997,2019-02-04,2019-02-09,BlueDart Express,IND-CUST-1009,Yogesh,Consumer,India,Indore,Madhya Pradesh,452001,Central,IND-PRD-11184,Clothing,Hankerchief,Hankerchief - Grade A,720.0,1,0.0,180.0
B-25998,2019-02-04,2019-02-07,Same Day Delivery,IND-CUST-1322,Anmol,Consumer,India,Udaipur,Rajasthan,400001,North,IND-PRD-11185,Furniture,Furnishings,Furnishings - Grade A,750.0,5,0.0,-336.0
B-25999,2019-02-05,2019-02-06,BlueDart Express,IND-CUST-1323,Diwakar,Consumer,India,Delhi,Delhi,110001,North,IND-PRD-11186,Clothing,Stole,Stole - Grade Standard,390.0,1,0.0,-204.0
B-25999,2019-02-05,2019-02-08,Standard Express,IND-CUST-1323,Diwakar,Corporate,India,Delhi,Delhi,110001,North,IND-PRD-11187,Clothing,Stole,Stole - Grade Standard,1395.0,4,0.3,-780.0
B-25999,2019-02-05,2019-02-07,BlueDart Express,IND-CUST-1323,Diwakar,Consumer,India,Delhi,Delhi,110001,North,IND-PRD-11188,Clothing,Saree,Saree - Grade Premium,2280.0,5,0.15,-36.0
B-25999,2019-02-05,2019-02-09,Standard Express,IND-CUST-1323,Diwakar,Consumer,India,Delhi,Delhi,110001,North,IND-PRD-11189,Electronics,Electronic Games,Electronic Games - Grade Premium,765.0,2,0.15,-588.0
B-25999,2019-02-05,2019-02-10,Standard Express,IND-CUST-1323,Diwakar,Consumer,India,Delhi,Delhi,110001,North,IND-PRD-11190,Clothing,Stole,Stole - Grade Premium,5280.0,8,0.1,888.0
B-25999,2019-02-05,2019-02-06,Same Day Delivery,IND-CUST-1323,Diwakar,Small Business,India,Delhi,Delhi,110001,North,IND-PRD-11191,Electronics,Phones,Phones - Grade B,1935.0,2,0.05,132.0
B-25999,2019-02-05,2019-02-10,Standard Express,IND-CUST-1323,Diwakar,Corporate,India,Delhi,Delhi,110001,North,IND-PRD-11192,Clothing,Shirt,Shirt - Grade Premium,3345.0,7,0.0,744.0
B-25999,2019-02-05,2019-02-07,Same Day Delivery,IND-CUST-1323,Diwakar,Consumer,India,Delhi,Delhi,110001,North,IND-PRD-11193,Electronics,Accessories,Accessories - Grade A,11550.0,3,0.0,3876.0
B-25999,2019-02-05,2019-02-10,Same Day Delivery,IND-CUST-1323,Diwakar,Consumer,India,Delhi,Delhi,110001,North,IND-PRD-11194,Clothing,Hankerchief,Hankerchief - Grade Premium,3330.0,5,0.05,888.0
B-25999,2019-02-05,2019-02-06,Same Day Delivery,IND-CUST-1323,Diwakar,Corporate,India,Delhi,Delhi,110001,North,IND-PRD-11195,Clothing,Saree,Saree - Grade Standard,3225.0,2,0.15,-360.0
B-25999,2019-02-05,2019-02-07,India Post Parcel,IND-CUST-1323,Diwakar,Small Business,India,Delhi,Delhi,110001,North,IND-PRD-11196,Furniture,Furnishings,Furnishings - Grade Premium,1635.0,1,0.1,480.0
B-26000,2019-02-06,2019-02-11,Standard Express,IND-CUST-1130,Shubham,Consumer,India,Delhi,Delhi,110001,North,IND-PRD-11197,Clothing,Skirt,Skirt - Grade B,645.0,4,0.0,108.0
B-26000,2019-02-06,2019-02-10,Standard Express,IND-CUST-1130,Shubham,Small Business,India,Delhi,Delhi,110001,North,IND-PRD-11198,Electronics,Printers,Printers - Grade B,10140.0,3,0.0,1812.0
B-26000,2019-02-06,2019-02-08,BlueDart Express,IND-CUST-1130,Shubham,Small Business,India,Delhi,Delhi,110001,North,IND-PRD-11199,Furniture,Chairs,Chairs - Grade A,8955.0,4,0.0,1116.0
B-26001,2019-02-07,2019-02-09,Standard Express,IND-CUST-1324,Patil,Small Business,India,Delhi,Delhi,110001,North,IND-PRD-11200,Clothing,Hankerchief,Hankerchief - Grade B,195.0,2,0.05,0.0
B-26001,2019-02-07,2019-02-11,BlueDart Express,IND-CUST-1324,Patil,Corporate,India,Delhi,Delhi,110001,North,IND-PRD-11201,Furniture,Furnishings,Furnishings - Grade Premium,2235.0,4,0.25,204.0
B-26001,2019-02-07,2019-02-10,BlueDart Express,IND-CUST-1324,Patil,Corporate,India,Delhi,Delhi,110001,North,IND-PRD-11202,Clothing,Skirt,Skirt - Grade Standard,120.0,2,0.1,24.0
B-26001,2019-02-07,2019-02-08,BlueDart Express,IND-CUST-1324,Patil,Consumer,India,Delhi,Delhi,110001,North,IND-PRD-11203,Clothing,Skirt,Skirt - Grade B,750.0,6,0.15,108.0
B-26002,2019-02-08,2019-02-11,Standard Express,IND-CUST-1140,Harsh,Corporate,India,Delhi,Delhi,110001,North,IND-PRD-11204,Clothing,Stole,Stole - Grade A,1200.0,3,0.05,264.0
B-26002,2019-02-08,2019-02-13,Standard Express,IND-CUST-1140,Harsh,Consumer,India,Delhi,Delhi,110001,North,IND-PRD-11205,Clothing,Saree,Saree - Grade Premium,4140.0,5,0.05,624.0
B-26002,2019-02-08,2019-02-12,Standard Express,IND-CUST-1140,Harsh,Corporate,India,Delhi,Delhi,110001,North,IND-PRD-11206,Clothing,T-shirt,T-shirt - Grade A,1065.0,3,0.0,228.0
B-26002,2019-02-08,2019-02-11,Standard Express,IND-CUST-1140,Harsh,Consumer,India,Delhi,Delhi,110001,North,IND-PRD-11207,Clothing,Saree,Saree - Grade B,2115.0,7,0.2,84.0
B-26002,2019-02-08,2019-02-10,Same Day Delivery,IND-CUST-1140,Harsh,Corporate,India,Delhi,Delhi,110001,North,IND-PRD-11208,Clothing,Saree,Saree - Grade B,1695.0,2,0.15,336.0
B-26003,2019-02-08,2019-02-13,Standard Express,IND-CUST-1325,Hitesh,Corporate,India,Bhopal,Madhya Pradesh,400001,Central,IND-PRD-11209,Furniture,Chairs,Chairs - Grade A,4725.0,3,0.0,-96.0
B-26003,2019-02-08,2019-02-13,Standard Express,IND-CUST-1325,Hitesh,Consumer,India,Bhopal,Madhya Pradesh,400001,Central,IND-PRD-11210,Clothing,Hankerchief,Hankerchief - Grade Premium,1920.0,4,0.1,564.0
B-26003,2019-02-08,2019-02-11,Standard Express,IND-CUST-1325,Hitesh,Corporate,India,Bhopal,Madhya Pradesh,400001,Central,IND-PRD-11211,Furniture,Furnishings,Furnishings - Grade B,9780.0,6,0.05,156.0
B-26003,2019-02-08,2019-02-11,BlueDart Express,IND-CUST-1325,Hitesh,Consumer,India,Bhopal,Madhya Pradesh,400001,Central,IND-PRD-11212,Furniture,Furnishings,Furnishings - Grade Standard,1710.0,6,0.1,492.0
B-26003,2019-02-08,2019-02-12,BlueDart Express,IND-CUST-1325,Hitesh,Corporate,India,Bhopal,Madhya Pradesh,400001,Central,IND-PRD-11213,Clothing,T-shirt,T-shirt - Grade B,1185.0,3,0.25,192.0
B-26003,2019-02-08,2019-02-09,Standard Express,IND-CUST-1325,Hitesh,Consumer,India,Bhopal,Madhya Pradesh,400001,Central,IND-PRD-11214,Clothing,Saree,Saree - Grade Premium,7470.0,4,0.1,-1392.0
B-26003,2019-02-08,2019-02-11,Standard Express,IND-CUST-1325,Hitesh,Consumer,India,Bhopal,Madhya Pradesh,400001,Central,IND-PRD-11215,Furniture,Tables,Tables - Grade B,26175.0,2,0.1,1464.0
B-26003,2019-02-08,2019-02-11,Standard Express,IND-CUST-1325,Hitesh,Small Business,India,Bhopal,Madhya Pradesh,400001,Central,IND-PRD-11216,Clothing,Skirt,Skirt - Grade A,255.0,2,0.0,24.0
B-26004,2019-02-08,2019-02-10,Standard Express,IND-CUST-1326,Nandita,Consumer,India,Jaipur,Rajasthan,302001,North,IND-PRD-11217,Clothing,Saree,Saree - Grade B,2205.0,3,0.0,528.0
B-26004,2019-02-08,2019-02-13,BlueDart Express,IND-CUST-1326,Nandita,Corporate,India,Jaipur,Rajasthan,302001,North,IND-PRD-11218,Electronics,Electronic Games,Electronic Games - Grade B,2430.0,2,0.0,876.0
B-26005,2019-02-08,2019-02-09,BlueDart Express,IND-CUST-1327,Parnavi,Consumer,India,Kolkata,West Bengal,700001,East,IND-PRD-11219,Clothing,Stole,Stole - Grade Premium,1305.0,3,0.0,120.0
B-26006,2019-02-09,2019-02-11,Standard Express,IND-CUST-1328,Arpita,Consumer,India,Bangalore,Karnataka,560001,South,IND-PRD-11220,Electronics,Accessories,Accessories - Grade A,19515.0,5,0.15,6876.0
B-26007,2019-02-09,2019-02-13,Standard Express,IND-CUST-1130,Shubham,Consumer,India,Kashmir,Jammu and Kashmir,400001,North,IND-PRD-11221,Furniture,Bookcases,Bookcases - Grade Premium,4665.0,2,0.15,864.0
B-26008,2019-02-09,2019-02-13,India Post Parcel,IND-CUST-1329,Kalyani,Corporate,India,Chennai,Tamil Nadu,600001,South,IND-PRD-11222,Clothing,Stole,Stole - Grade B,330.0,1,0.0,48.0
B-26008,2019-02-09,2019-02-12,BlueDart Express,IND-CUST-1329,Kalyani,Consumer,India,Chennai,Tamil Nadu,600001,South,IND-PRD-11223,Clothing,Hankerchief,Hankerchief - Grade Standard,3090.0,4,0.15,612.0
B-26008,2019-02-09,2019-02-12,BlueDart Express,IND-CUST-1329,Kalyani,Consumer,India,Chennai,Tamil Nadu,600001,South,IND-PRD-11224,Clothing,Leggings,Leggings - Grade B,855.0,5,0.0,288.0
B-26008,2019-02-09,2019-02-13,Standard Express,IND-CUST-1329,Kalyani,Consumer,India,Chennai,Tamil Nadu,600001,South,IND-PRD-11225,Clothing,Saree,Saree - Grade Premium,150.0,1,0.05,-12.0
B-26009,2019-02-10,2019-02-13,BlueDart Express,IND-CUST-1232,Komal,Consumer,India,Lucknow,Uttar Pradesh,226001,North,IND-PRD-11226,Electronics,Printers,Printers - Grade Standard,4275.0,2,0.0,1536.0
B-26009,2019-02-10,2019-02-11,Standard Express,IND-CUST-1232,Komal,Small Business,India,Lucknow,Uttar Pradesh,226001,North,IND-PRD-11227,Clothing,Shirt,Shirt - Grade Premium,2925.0,9,0.05,144.0
B-26010,2019-02-11,2019-02-14,BlueDart Express,IND-CUST-1330,Kartikay,Small Business,India,Patna,Bihar,400001,East,IND-PRD-11228,Electronics,Electronic Games,Electronic Games - Grade Premium,7905.0,3,0.0,312.0
B-26010,2019-02-11,2019-02-16,India Post Parcel,IND-CUST-1330,Kartikay,Consumer,India,Patna,Bihar,400001,East,IND-PRD-11229,Clothing,Stole,Stole - Grade A,435.0,2,0.05,36.0
B-26010,2019-02-11,2019-02-14,Standard Express,IND-CUST-1330,Kartikay,Corporate,India,Patna,Bihar,400001,East,IND-PRD-11230,Clothing,Shirt,Shirt - Grade Standard,1275.0,2,0.05,156.0
B-26010,2019-02-11,2019-02-13,Standard Express,IND-CUST-1330,Kartikay,Consumer,India,Patna,Bihar,400001,East,IND-PRD-11231,Clothing,Hankerchief,Hankerchief - Grade B,270.0,3,0.3,24.0
B-26010,2019-02-11,2019-02-12,Standard Express,IND-CUST-1330,Kartikay,Corporate,India,Patna,Bihar,400001,East,IND-PRD-11232,Furniture,Furnishings,Furnishings - Grade Premium,2640.0,5,0.0,-156.0
B-26010,2019-02-11,2019-02-13,Standard Express,IND-CUST-1330,Kartikay,Corporate,India,Patna,Bihar,400001,East,IND-PRD-11233,Clothing,T-shirt,T-shirt - Grade B,825.0,3,0.0,36.0
B-26011,2019-02-12,2019-02-14,Standard Express,IND-CUST-1000,Bharat,Small Business,India,Ahmedabad,Gujarat,380001,West,IND-PRD-11234,Clothing,Stole,Stole - Grade A,1395.0,2,0.0,528.0
B-26012,2019-02-13,2019-02-18,Standard Express,IND-CUST-1001,Pearl,Consumer,India,Pune,Maharashtra,411001,West,IND-PRD-11235,Clothing,Saree,Saree - Grade A,315.0,2,0.1,96.0
B-26013,2019-02-13,2019-02-14,Same Day Delivery,IND-CUST-1002,Jahan,Corporate,India,Bhopal,Madhya Pradesh,400001,Central,IND-PRD-11236,Clothing,Skirt,Skirt - Grade Standard,435.0,3,0.0,120.0
B-26014,2019-02-13,2019-02-14,BlueDart Express,IND-CUST-1003,Divsha,Consumer,India,Jaipur,Rajasthan,302001,North,IND-PRD-11237,Furniture,Chairs,Chairs - Grade A,6090.0,7,0.15,1164.0
B-26014,2019-02-13,2019-02-14,Standard Express,IND-CUST-1003,Divsha,Small Business,India,Jaipur,Rajasthan,302001,North,IND-PRD-11238,Furniture,Chairs,Chairs - Grade A,4170.0,5,0.1,468.0
B-26015,2019-02-14,2019-02-15,India Post Parcel,IND-CUST-1004,Kasheen,Consumer,India,Kolkata,West Bengal,700001,East,IND-PRD-11239,Clothing,Saree,Saree - Grade B,1920.0,1,0.1,660.0
B-26016,2019-02-14,2019-02-15,Standard Express,IND-CUST-1005,Hazel,Corporate,India,Bangalore,Karnataka,560001,South,IND-PRD-11240,Clothing,Shirt,Shirt - Grade A,1110.0,3,0.1,108.0
B-26016,2019-02-14,2019-02-19,India Post Parcel,IND-CUST-1005,Hazel,Corporate,India,Bangalore,Karnataka,560001,South,IND-PRD-11241,Clothing,Hankerchief,Hankerchief - Grade A,3030.0,4,0.0,48.0
B-26016,2019-02-14,2019-02-17,Standard Express,IND-CUST-1005,Hazel,Corporate,India,Bangalore,Karnataka,560001,South,IND-PRD-11242,Electronics,Electronic Games,Electronic Games - Grade Premium,6435.0,3,0.0,732.0
B-26016,2019-02-14,2019-02-16,Same Day Delivery,IND-CUST-1005,Hazel,Consumer,India,Bangalore,Karnataka,560001,South,IND-PRD-11243,Electronics,Electronic Games,Electronic Games - Grade A,2010.0,3,0.05,-156.0
B-26017,2019-02-14,2019-02-15,BlueDart Express,IND-CUST-1006,Sonakshi,Small Business,India,Kashmir,Jammu and Kashmir,400001,North,IND-PRD-11244,Furniture,Chairs,Chairs - Grade Premium,1170.0,1,0.1,84.0
B-26018,2019-02-14,2019-02-17,Same Day Delivery,IND-CUST-1007,Aarushi,Consumer,India,Chennai,Tamil Nadu,600001,South,IND-PRD-11245,Furniture,Furnishings,Furnishings - Grade A,4890.0,3,0.0,1284.0
B-26018,2019-02-14,2019-02-17,India Post Parcel,IND-CUST-1007,Aarushi,Corporate,India,Chennai,Tamil Nadu,600001,South,IND-PRD-11246,Clothing,Hankerchief,Hankerchief - Grade A,915.0,4,0.0,96.0
B-26019,2019-02-15,2019-02-17,Standard Express,IND-CUST-1008,Jitesh,Consumer,India,Lucknow,Uttar Pradesh,226001,North,IND-PRD-11247,Clothing,T-shirt,T-shirt - Grade Standard,8775.0,13,0.25,2100.0
B-26020,2019-02-16,2019-02-21,India Post Parcel,IND-CUST-1009,Yogesh,Consumer,India,Patna,Bihar,400001,East,IND-PRD-11248,Electronics,Accessories,Accessories - Grade Standard,4785.0,6,0.0,1224.0
B-26021,2019-02-17,2019-02-21,Standard Express,IND-CUST-1010,Anita,Consumer,India,Thiruvananthapuram,Kerala ,400001,Central,IND-PRD-11249,Furniture,Furnishings,Furnishings - Grade Premium,1830.0,7,0.15,708.0
B-26021,2019-02-17,2019-02-21,Standard Express,IND-CUST-1010,Anita,Consumer,India,Thiruvananthapuram,Kerala ,400001,Central,IND-PRD-11250,Clothing,Stole,Stole - Grade A,735.0,1,0.15,252.0
B-26021,2019-02-17,2019-02-20,Standard Express,IND-CUST-1010,Anita,Consumer,India,Thiruvananthapuram,Kerala ,400001,Central,IND-PRD-11251,Clothing,Hankerchief,Hankerchief - Grade B,315.0,3,0.0,-144.0
B-26022,2019-02-18,2019-02-20,BlueDart Express,IND-CUST-1011,Shrichand,Consumer,India,Chandigarh,Punjab,400001,North,IND-PRD-11252,Electronics,Phones,Phones - Grade Standard,27360.0,8,0.0,-15636.0
B-26023,2019-02-19,2019-02-23,Standard Express,IND-CUST-1012,Mukesh,Consumer,India,Chandigarh,Haryana,400001,North,IND-PRD-11253,Furniture,Bookcases,Bookcases - Grade B,16755.0,10,0.0,5364.0
B-26023,2019-02-19,2019-02-22,BlueDart Express,IND-CUST-1012,Mukesh,Corporate,India,Chandigarh,Haryana,400001,North,IND-PRD-11254,Furniture,Furnishings,Furnishings - Grade Standard,435.0,3,0.1,0.0
B-26023,2019-02-19,2019-02-24,BlueDart Express,IND-CUST-1012,Mukesh,Small Business,India,Chandigarh,Haryana,400001,North,IND-PRD-11255,Clothing,Stole,Stole - Grade Standard,990.0,3,0.1,264.0
B-26023,2019-02-19,2019-02-23,Same Day Delivery,IND-CUST-1012,Mukesh,Consumer,India,Chandigarh,Haryana,400001,North,IND-PRD-11256,Clothing,Stole,Stole - Grade A,885.0,2,0.15,252.0
B-26024,2019-02-19,2019-02-22,Same Day Delivery,IND-CUST-1013,Vandana,Consumer,India,Simla,Himachal Pradesh,400001,Central,IND-PRD-11257,Clothing,Stole,Stole - Grade Standard,2520.0,6,0.25,216.0
B-26025,2019-02-19,2019-02-22,Standard Express,IND-CUST-1014,Bhavna,Consumer,India,Gangtok,Sikkim,400001,Central,IND-PRD-11258,Clothing,Stole,Stole - Grade B,2325.0,3,0.1,60.0
B-26025,2019-02-19,2019-02-20,Standard Express,IND-CUST-1014,Bhavna,Consumer,India,Gangtok,Sikkim,400001,Central,IND-PRD-11259,Clothing,Stole,Stole - Grade Standard,480.0,2,0.0,12.0
B-26025,2019-02-19,2019-02-24,Standard Express,IND-CUST-1014,Bhavna,Corporate,India,Gangtok,Sikkim,400001,Central,IND-PRD-11260,Clothing,Hankerchief,Hankerchief - Grade Premium,615.0,5,0.0,228.0
B-26026,2019-02-19,2019-02-20,Standard Express,IND-CUST-1015,Kanak,Corporate,India,Goa,Goa,400001,West,IND-PRD-11261,Clothing,Hankerchief,Hankerchief - Grade A,3825.0,9,0.15,912.0
B-26026,2019-02-19,2019-02-21,Standard Express,IND-CUST-1015,Kanak,Consumer,India,Goa,Goa,400001,West,IND-PRD-11262,Clothing,Kurti,Kurti - Grade A,375.0,3,0.0,24.0
B-26027,2019-02-20,2019-02-21,Standard Express,IND-CUST-1016,Sagar,Consumer,India,Kohima,Nagaland,400001,Central,IND-PRD-11263,Clothing,T-shirt,T-shirt - Grade Premium,810.0,4,0.0,96.0
B-26028,2019-02-20,2019-02-21,Standard Express,IND-CUST-1017,Manju,Consumer,India,Hyderabad,Andhra Pradesh,500001,South,IND-PRD-11264,Clothing,Shirt,Shirt - Grade Premium,1155.0,2,0.15,432.0
B-26028,2019-02-20,2019-02-24,India Post Parcel,IND-CUST-1017,Manju,Corporate,India,Hyderabad,Andhra Pradesh,500001,South,IND-PRD-11265,Electronics,Accessories,Accessories - Grade Premium,1725.0,1,0.05,0.0
B-26028,2019-02-20,2019-02-23,BlueDart Express,IND-CUST-1017,Manju,Small Business,India,Hyderabad,Andhra Pradesh,500001,South,IND-PRD-11266,Electronics,Phones,Phones - Grade Standard,19080.0,2,0.2,6564.0
B-26029,2019-02-20,2019-02-25,Standard Express,IND-CUST-1018,Ramesh,Consumer,India,Ahmedabad,Gujarat,380001,West,IND-PRD-11267,Clothing,T-shirt,T-shirt - Grade A,315.0,1,0.1,120.0
B-26030,2019-02-21,2019-02-22,BlueDart Express,IND-CUST-1019,Sarita,Consumer,India,Pune,Maharashtra,411001,West,IND-PRD-11268,Clothing,Hankerchief,Hankerchief - Grade Premium,1380.0,6,0.0,60.0
B-26030,2019-02-21,2019-02-26,Standard Express,IND-CUST-1019,Sarita,Small Business,India,Pune,Maharashtra,411001,West,IND-PRD-11269,Clothing,Skirt,Skirt - Grade Standard,165.0,1,0.25,60.0
B-26030,2019-02-21,2019-02-22,Standard Express,IND-CUST-1019,Sarita,Small Business,India,Pune,Maharashtra,411001,West,IND-PRD-11270,Electronics,Accessories,Accessories - Grade Premium,3315.0,4,0.0,420.0
B-26030,2019-02-21,2019-02-23,BlueDart Express,IND-CUST-1019,Sarita,Consumer,India,Pune,Maharashtra,411001,West,IND-PRD-11271,Clothing,Stole,Stole - Grade B,750.0,5,0.05,300.0
B-26030,2019-02-21,2019-02-22,BlueDart Express,IND-CUST-1019,Sarita,Consumer,India,Pune,Maharashtra,411001,West,IND-PRD-11272,Clothing,Shirt,Shirt - Grade B,1335.0,3,0.05,432.0
B-26030,2019-02-21,2019-02-25,Standard Express,IND-CUST-1019,Sarita,Consumer,India,Pune,Maharashtra,411001,West,IND-PRD-11273,Electronics,Printers,Printers - Grade A,4365.0,2,0.0,1116.0
B-26031,2019-02-22,2019-02-25,India Post Parcel,IND-CUST-1020,Deepak,Corporate,India,Bhopal,Madhya Pradesh,400001,Central,IND-PRD-11274,Clothing,Leggings,Leggings - Grade Standard,1005.0,4,0.05,108.0
B-26032,2019-02-22,2019-02-24,Same Day Delivery,IND-CUST-1021,Monisha,Consumer,India,Jaipur,Rajasthan,302001,North,IND-PRD-11275,Clothing,Saree,Saree - Grade B,705.0,5,0.0,180.0
B-26033,2019-02-22,2019-02-23,BlueDart Express,IND-CUST-1022,Atharv,Consumer,India,Kolkata,West Bengal,700001,East,IND-PRD-11276,Electronics,Accessories,Accessories - Grade B,11610.0,3,0.05,2040.0
B-26033,2019-02-22,2019-02-27,BlueDart Express,IND-CUST-1022,Atharv,Corporate,India,Kolkata,West Bengal,700001,East,IND-PRD-11277,Furniture,Bookcases,Bookcases - Grade Standard,2145.0,1,0.05,384.0
B-26033,2019-02-22,2019-02-24,BlueDart Express,IND-CUST-1022,Atharv,Consumer,India,Kolkata,West Bengal,700001,East,IND-PRD-11278,Clothing,Shirt,Shirt - Grade Premium,1665.0,5,0.15,420.0
B-26034,2019-02-23,2019-02-25,Standard Express,IND-CUST-1023,Vini,Corporate,India,Bangalore,Karnataka,560001,South,IND-PRD-11279,Electronics,Accessories,Accessories - Grade Standard,6375.0,5,0.15,2196.0
B-26035,2019-02-23,2019-02-24,Standard Express,IND-CUST-1024,Pinky,Consumer,India,Kashmir,Jammu and Kashmir,400001,North,IND-PRD-11280,Clothing,Saree,Saree - Grade Premium,4365.0,11,0.0,1428.0
B-26035,2019-02-23,2019-02-25,Standard Express,IND-CUST-1024,Pinky,Consumer,India,Kashmir,Jammu and Kashmir,400001,North,IND-PRD-11281,Electronics,Phones,Phones - Grade B,7800.0,3,0.05,1812.0
B-26035,2019-02-23,2019-02-28,BlueDart Express,IND-CUST-1024,Pinky,Corporate,India,Kashmir,Jammu and Kashmir,400001,North,IND-PRD-11282,Electronics,Electronic Games,Electronic Games - Grade B,5535.0,3,0.05,180.0
B-26036,2019-02-23,2019-02-25,BlueDart Express,IND-CUST-1025,Bhishm,Consumer,India,Mumbai,Maharashtra,400001,West,IND-PRD-11283,Furniture,Furnishings,Furnishings - Grade B,5115.0,7,0.0,528.0
B-26037,2019-02-23,2019-02-28,Standard Express,IND-CUST-1026,Hitika,Small Business,India,Indore,Madhya Pradesh,452001,Central,IND-PRD-11284,Clothing,Stole,Stole - Grade A,2565.0,7,0.15,816.0
B-26038,2019-02-24,2019-02-25,India Post Parcel,IND-CUST-1027,Pooja,Consumer,India,Patna,Bihar,400001,East,IND-PRD-11285,Clothing,T-shirt,T-shirt - Grade A,615.0,2,0.15,228.0
B-26038,2019-02-24,2019-02-27,India Post Parcel,IND-CUST-1027,Pooja,Consumer,India,Patna,Bihar,400001,East,IND-PRD-11286,Clothing,Shirt,Shirt - Grade A,1950.0,3,0.0,732.0
B-26038,2019-02-24,2019-02-26,BlueDart Express,IND-CUST-1027,Pooja,Corporate,India,Patna,Bihar,400001,East,IND-PRD-11287,Clothing,Stole,Stole - Grade Standard,780.0,2,0.05,168.0
B-26038,2019-02-24,2019-02-27,BlueDart Express,IND-CUST-1027,Pooja,Consumer,India,Patna,Bihar,400001,East,IND-PRD-11288,Clothing,T-shirt,T-shirt - Grade B,450.0,1,0.0,72.0
B-26039,2019-02-25,2019-03-02,Same Day Delivery,IND-CUST-1028,Hemant,Small Business,India,Thiruvananthapuram,Kerala ,400001,Central,IND-PRD-11289,Clothing,Shirt,Shirt - Grade B,1245.0,5,0.1,408.0
B-26040,2019-02-26,2019-02-28,Standard Express,IND-CUST-1029,Sahil,Consumer,India,Chandigarh,Punjab,400001,North,IND-PRD-11290,Clothing,Stole,Stole - Grade Standard,570.0,2,0.0,108.0
B-26040,2019-02-26,2019-03-02,Same Day Delivery,IND-CUST-1029,Sahil,Consumer,India,Chandigarh,Punjab,400001,North,IND-PRD-11291,Clothing,Hankerchief,Hankerchief - Grade A,1695.0,4,0.3,288.0
B-26040,2019-02-26,2019-03-01,Standard Express,IND-CUST-1029,Sahil,Consumer,India,Chandigarh,Punjab,400001,North,IND-PRD-11292,Clothing,Trousers,Trousers - Grade Standard,12495.0,3,0.15,1116.0
B-26041,2019-02-27,2019-03-01,Same Day Delivery,IND-CUST-1030,Ritu,Consumer,India,Chandigarh,Haryana,400001,North,IND-PRD-11293,Furniture,Furnishings,Furnishings - Grade A,2640.0,5,0.05,-336.0
B-26042,2019-02-28,2019-03-03,Standard Express,IND-CUST-1031,Manish,Corporate,India,Simla,Himachal Pradesh,400001,Central,IND-PRD-11294,Clothing,Stole,Stole - Grade B,540.0,3,0.1,180.0
B-26043,2019-03-01,2019-03-03,Same Day Delivery,IND-CUST-1032,Amit,Corporate,India,Gangtok,Sikkim,400001,Central,IND-PRD-11295,Clothing,Stole,Stole - Grade Premium,2775.0,4,0.2,576.0
B-26043,2019-03-01,2019-03-02,India Post Parcel,IND-CUST-1032,Amit,Consumer,India,Gangtok,Sikkim,400001,Central,IND-PRD-11296,Clothing,Hankerchief,Hankerchief - Grade A,930.0,5,0.1,336.0
B-26043,2019-03-01,2019-03-04,Standard Express,IND-CUST-1032,Amit,Consumer,India,Gangtok,Sikkim,400001,Central,IND-PRD-11297,Clothing,Hankerchief,Hankerchief - Grade B,1185.0,6,0.0,60.0
B-26043,2019-03-01,2019-03-05,BlueDart Express,IND-CUST-1032,Amit,Corporate,India,Gangtok,Sikkim,400001,Central,IND-PRD-11298,Clothing,Skirt,Skirt - Grade B,450.0,3,0.05,144.0
B-26043,2019-03-01,2019-03-05,India Post Parcel,IND-CUST-1032,Amit,Small Business,India,Gangtok,Sikkim,400001,Central,IND-PRD-11299,Clothing,Stole,Stole - Grade Premium,1830.0,7,0.15,600.0
B-26044,2019-03-02,2019-03-07,BlueDart Express,IND-CUST-1033,Sanjay,Consumer,India,Goa,Goa,400001,West,IND-PRD-11300,Clothing,Skirt,Skirt - Grade B,420.0,3,0.1,120.0
B-26045,2019-03-03,2019-03-05,Same Day Delivery,IND-CUST-1034,Nidhi,Consumer,India,Kohima,Nagaland,400001,Central,IND-PRD-11301,Furniture,Furnishings,Furnishings - Grade B,4530.0,6,0.1,900.0
B-26045,2019-03-03,2019-03-06,BlueDart Express,IND-CUST-1034,Nidhi,Consumer,India,Kohima,Nagaland,400001,Central,IND-PRD-11302,Clothing,Stole,Stole - Grade A,5640.0,7,0.2,0.0
B-26045,2019-03-03,2019-03-08,Standard Express,IND-CUST-1034,Nidhi,Small Business,India,Kohima,Nagaland,400001,Central,IND-PRD-11303,Clothing,Saree,Saree - Grade A,2685.0,1,0.2,924.0
B-26045,2019-03-03,2019-03-06,Standard Express,IND-CUST-1034,Nidhi,Consumer,India,Kohima,Nagaland,400001,Central,IND-PRD-11304,Clothing,Stole,Stole - Grade Premium,405.0,1,0.2,60.0
B-26046,2019-03-04,2019-03-06,Standard Express,IND-CUST-1035,Nishi,Consumer,India,Mumbai,Maharashtra,400001,West,IND-PRD-11305,Clothing,Hankerchief,Hankerchief - Grade Premium,480.0,8,0.0,36.0
B-26047,2019-03-04,2019-03-08,Same Day Delivery,IND-CUST-1036,Ashmi,Corporate,India,Indore,Madhya Pradesh,452001,Central,IND-PRD-11306,Clothing,Skirt,Skirt - Grade B,825.0,5,0.1,144.0
B-26048,2019-03-04,2019-03-05,Standard Express,IND-CUST-1037,Parth,Consumer,India,Pune,Maharashtra,411001,West,IND-PRD-11307,Electronics,Accessories,Accessories - Grade A,2445.0,2,0.15,972.0
B-26048,2019-03-04,2019-03-08,BlueDart Express,IND-CUST-1037,Parth,Consumer,India,Pune,Maharashtra,411001,West,IND-PRD-11308,Furniture,Chairs,Chairs - Grade Premium,6015.0,6,0.15,156.0
B-26048,2019-03-04,2019-03-09,BlueDart Express,IND-CUST-1037,Parth,Consumer,India,Pune,Maharashtra,411001,West,IND-PRD-11309,Furniture,Tables,Tables - Grade Premium,21915.0,5,0.1,2424.0
B-26048,2019-03-04,2019-03-05,BlueDart Express,IND-CUST-1037,Parth,Consumer,India,Pune,Maharashtra,411001,West,IND-PRD-11310,Clothing,Trousers,Trousers - Grade Standard,16560.0,4,0.0,2508.0
B-26049,2019-03-05,2019-03-10,Same Day Delivery,IND-CUST-1038,Lisha,Consumer,India,Bhopal,Madhya Pradesh,400001,Central,IND-PRD-11311,Clothing,Hankerchief,Hankerchief - Grade Premium,1500.0,2,0.15,336.0
B-26050,2019-03-06,2019-03-08,India Post Parcel,IND-CUST-1039,Paridhi,Consumer,India,Jaipur,Rajasthan,302001,North,IND-PRD-11312,Clothing,T-shirt,T-shirt - Grade B,4875.0,7,0.15,384.0
B-26050,2019-03-06,2019-03-07,Standard Express,IND-CUST-1039,Paridhi,Consumer,India,Jaipur,Rajasthan,302001,North,IND-PRD-11313,Clothing,Saree,Saree - Grade A,2535.0,4,0.0,660.0
B-26050,2019-03-06,2019-03-11,Same Day Delivery,IND-CUST-1039,Paridhi,Corporate,India,Jaipur,Rajasthan,302001,North,IND-PRD-11314,Electronics,Phones,Phones - Grade Premium,7305.0,4,0.05,1716.0
B-26050,2019-03-06,2019-03-08,Same Day Delivery,IND-CUST-1039,Paridhi,Corporate,India,Jaipur,Rajasthan,302001,North,IND-PRD-11315,Electronics,Accessories,Accessories - Grade Standard,2490.0,2,0.0,324.0
B-26050,2019-03-06,2019-03-10,BlueDart Express,IND-CUST-1039,Paridhi,Corporate,India,Jaipur,Rajasthan,302001,North,IND-PRD-11316,Clothing,Saree,Saree - Grade A,1185.0,3,0.05,384.0
B-26050,2019-03-06,2019-03-08,India Post Parcel,IND-CUST-1039,Paridhi,Consumer,India,Jaipur,Rajasthan,302001,North,IND-PRD-11317,Clothing,Shirt,Shirt - Grade Premium,480.0,3,0.0,72.0
B-26050,2019-03-06,2019-03-09,Standard Express,IND-CUST-1039,Paridhi,Consumer,India,Jaipur,Rajasthan,302001,North,IND-PRD-11318,Clothing,Stole,Stole - Grade Standard,570.0,2,0.05,108.0
B-26050,2019-03-06,2019-03-08,Standard Express,IND-CUST-1039,Paridhi,Consumer,India,Jaipur,Rajasthan,302001,North,IND-PRD-11319,Clothing,Hankerchief,Hankerchief - Grade Premium,4260.0,6,0.1,528.0
B-26050,2019-03-06,2019-03-08,Same Day Delivery,IND-CUST-1039,Paridhi,Consumer,India,Jaipur,Rajasthan,302001,North,IND-PRD-11320,Electronics,Printers,Printers - Grade A,5730.0,2,0.1,1104.0
B-26051,2019-03-07,2019-03-10,Standard Express,IND-CUST-1040,Parishi,Consumer,India,Kolkata,West Bengal,700001,East,IND-PRD-11321,Clothing,T-shirt,T-shirt - Grade A,2760.0,6,0.1,1020.0
B-26051,2019-03-07,2019-03-12,Same Day Delivery,IND-CUST-1040,Parishi,Corporate,India,Kolkata,West Bengal,700001,East,IND-PRD-11322,Furniture,Bookcases,Bookcases - Grade A,10140.0,5,0.15,2340.0
B-26051,2019-03-07,2019-03-12,Same Day Delivery,IND-CUST-1040,Parishi,Consumer,India,Kolkata,West Bengal,700001,East,IND-PRD-11323,Furniture,Bookcases,Bookcases - Grade B,10035.0,5,0.0,888.0
B-26051,2019-03-07,2019-03-09,Standard Express,IND-CUST-1040,Parishi,Consumer,India,Kolkata,West Bengal,700001,East,IND-PRD-11324,Clothing,Stole,Stole - Grade Premium,1200.0,3,0.0,264.0
B-26051,2019-03-07,2019-03-10,Same Day Delivery,IND-CUST-1040,Parishi,Consumer,India,Kolkata,West Bengal,700001,East,IND-PRD-11325,Clothing,Stole,Stole - Grade B,3240.0,4,0.2,600.0
B-26051,2019-03-07,2019-03-10,Standard Express,IND-CUST-1040,Parishi,Corporate,India,Kolkata,West Bengal,700001,East,IND-PRD-11326,Clothing,Hankerchief,Hankerchief - Grade A,1275.0,10,0.0,288.0
B-26051,2019-03-07,2019-03-11,BlueDart Express,IND-CUST-1040,Parishi,Consumer,India,Kolkata,West Bengal,700001,East,IND-PRD-11327,Clothing,Saree,Saree - Grade Standard,5730.0,2,0.25,1428.0
B-26051,2019-03-07,2019-03-12,BlueDart Express,IND-CUST-1040,Parishi,Corporate,India,Kolkata,West Bengal,700001,East,IND-PRD-11328,Electronics,Accessories,Accessories - Grade Premium,7350.0,2,0.15,1056.0
B-26051,2019-03-07,2019-03-08,India Post Parcel,IND-CUST-1040,Parishi,Consumer,India,Kolkata,West Bengal,700001,East,IND-PRD-11329,Electronics,Printers,Printers - Grade B,20055.0,7,0.1,1764.0
B-26051,2019-03-07,2019-03-12,Standard Express,IND-CUST-1040,Parishi,Small Business,India,Kolkata,West Bengal,700001,East,IND-PRD-11330,Electronics,Electronic Games,Electronic Games - Grade Premium,9000.0,5,0.3,1224.0
B-26052,2019-03-08,2019-03-13,BlueDart Express,IND-CUST-1041,Ajay,Small Business,India,Bangalore,Karnataka,560001,South,IND-PRD-11331,Clothing,Kurti,Kurti - Grade Standard,1170.0,6,0.0,336.0
B-26052,2019-03-08,2019-03-12,BlueDart Express,IND-CUST-1041,Ajay,Consumer,India,Bangalore,Karnataka,560001,South,IND-PRD-11332,Clothing,T-shirt,T-shirt - Grade B,1515.0,4,0.05,192.0
B-26052,2019-03-08,2019-03-09,BlueDart Express,IND-CUST-1041,Ajay,Consumer,India,Bangalore,Karnataka,560001,South,IND-PRD-11333,Clothing,Saree,Saree - Grade A,2175.0,3,0.1,0.0
B-26052,2019-03-08,2019-03-12,BlueDart Express,IND-CUST-1041,Ajay,Consumer,India,Bangalore,Karnataka,560001,South,IND-PRD-11334,Clothing,Kurti,Kurti - Grade B,2220.0,4,0.05,276.0
B-26052,2019-03-08,2019-03-09,Standard Express,IND-CUST-1041,Ajay,Consumer,India,Bangalore,Karnataka,560001,South,IND-PRD-11335,Clothing,Shirt,Shirt - Grade Premium,225.0,1,0.2,12.0
B-26052,2019-03-08,2019-03-10,Standard Express,IND-CUST-1041,Ajay,Corporate,India,Bangalore,Karnataka,560001,South,IND-PRD-11336,Clothing,Stole,Stole - Grade Premium,375.0,2,0.0,84.0
B-26052,2019-03-08,2019-03-09,Standard Express,IND-CUST-1041,Ajay,Corporate,India,Bangalore,Karnataka,560001,South,IND-PRD-11337,Electronics,Accessories,Accessories - Grade Premium,11610.0,3,0.1,2040.0
B-26053,2019-03-09,2019-03-13,Same Day Delivery,IND-CUST-1042,Kirti,Corporate,India,Kashmir,Jammu and Kashmir,400001,North,IND-PRD-11338,Clothing,Skirt,Skirt - Grade Premium,255.0,2,0.1,12.0
B-26053,2019-03-09,2019-03-14,Standard Express,IND-CUST-1042,Kirti,Corporate,India,Kashmir,Jammu and Kashmir,400001,North,IND-PRD-11339,Furniture,Bookcases,Bookcases - Grade A,3690.0,2,0.1,732.0
B-26053,2019-03-09,2019-03-10,Standard Express,IND-CUST-1042,Kirti,Consumer,India,Kashmir,Jammu and Kashmir,400001,North,IND-PRD-11340,Clothing,Saree,Saree - Grade B,6375.0,7,0.0,2496.0
B-26053,2019-03-09,2019-03-10,India Post Parcel,IND-CUST-1042,Kirti,Consumer,India,Kashmir,Jammu and Kashmir,400001,North,IND-PRD-11341,Electronics,Accessories,Accessories - Grade A,1395.0,3,0.05,372.0
B-26053,2019-03-09,2019-03-12,Standard Express,IND-CUST-1042,Kirti,Corporate,India,Kashmir,Jammu and Kashmir,400001,North,IND-PRD-11342,Furniture,Bookcases,Bookcases - Grade A,8910.0,3,0.15,1068.0
B-26053,2019-03-09,2019-03-14,India Post Parcel,IND-CUST-1042,Kirti,Consumer,India,Kashmir,Jammu and Kashmir,400001,North,IND-PRD-11343,Clothing,Stole,Stole - Grade A,1275.0,6,0.0,24.0
B-26053,2019-03-09,2019-03-11,BlueDart Express,IND-CUST-1042,Kirti,Corporate,India,Kashmir,Jammu and Kashmir,400001,North,IND-PRD-11344,Clothing,Skirt,Skirt - Grade Premium,405.0,3,0.15,72.0
B-26053,2019-03-09,2019-03-13,Same Day Delivery,IND-CUST-1042,Kirti,Consumer,India,Kashmir,Jammu and Kashmir,400001,North,IND-PRD-11345,Furniture,Chairs,Chairs - Grade Premium,1800.0,1,0.1,12.0
B-26053,2019-03-09,2019-03-11,Standard Express,IND-CUST-1042,Kirti,Consumer,India,Kashmir,Jammu and Kashmir,400001,North,IND-PRD-11346,Clothing,Stole,Stole - Grade Premium,2430.0,3,0.15,660.0
B-26054,2019-03-10,2019-03-15,Standard Express,IND-CUST-1043,Mayank,Small Business,India,Mumbai,Maharashtra,400001,West,IND-PRD-11347,Clothing,Hankerchief,Hankerchief - Grade B,3690.0,5,0.15,1176.0
B-26054,2019-03-10,2019-03-11,BlueDart Express,IND-CUST-1043,Mayank,Consumer,India,Mumbai,Maharashtra,400001,West,IND-PRD-11348,Clothing,Saree,Saree - Grade Standard,1320.0,2,0.0,240.0
B-26054,2019-03-10,2019-03-11,Same Day Delivery,IND-CUST-1043,Mayank,Small Business,India,Mumbai,Maharashtra,400001,West,IND-PRD-11349,Clothing,Shirt,Shirt - Grade Premium,1320.0,2,0.1,228.0
B-26054,2019-03-10,2019-03-15,BlueDart Express,IND-CUST-1043,Mayank,Small Business,India,Mumbai,Maharashtra,400001,West,IND-PRD-11350,Electronics,Accessories,Accessories - Grade B,2085.0,3,0.2,252.0
B-26054,2019-03-10,2019-03-11,Standard Express,IND-CUST-1043,Mayank,Corporate,India,Mumbai,Maharashtra,400001,West,IND-PRD-11351,Clothing,Stole,Stole - Grade Premium,2085.0,3,0.05,432.0
B-26054,2019-03-10,2019-03-11,Same Day Delivery,IND-CUST-1043,Mayank,Corporate,India,Mumbai,Maharashtra,400001,West,IND-PRD-11352,Clothing,Stole,Stole - Grade Premium,2070.0,5,0.25,132.0
B-26054,2019-03-10,2019-03-11,Same Day Delivery,IND-CUST-1043,Mayank,Corporate,India,Mumbai,Maharashtra,400001,West,IND-PRD-11353,Clothing,Stole,Stole - Grade A,2340.0,3,0.05,276.0
B-26054,2019-03-10,2019-03-14,BlueDart Express,IND-CUST-1043,Mayank,Small Business,India,Mumbai,Maharashtra,400001,West,IND-PRD-11354,Electronics,Electronic Games,Electronic Games - Grade A,8385.0,2,0.0,2088.0
B-26055,2019-03-10,2019-03-14,Same Day Delivery,IND-CUST-1044,Yaanvi,Consumer,India,Indore,Madhya Pradesh,452001,Central,IND-PRD-11355,Clothing,Stole,Stole - Grade A,3405.0,5,0.05,576.0
B-26055,2019-03-10,2019-03-13,Same Day Delivery,IND-CUST-1044,Yaanvi,Consumer,India,Indore,Madhya Pradesh,452001,Central,IND-PRD-11356,Furniture,Chairs,Chairs - Grade B,85935.0,14,0.25,768.0
B-26055,2019-03-10,2019-03-12,BlueDart Express,IND-CUST-1044,Yaanvi,Corporate,India,Indore,Madhya Pradesh,452001,Central,IND-PRD-11357,Clothing,T-shirt,T-shirt - Grade Standard,1410.0,2,0.05,324.0
B-26055,2019-03-10,2019-03-15,Standard Express,IND-CUST-1044,Yaanvi,Consumer,India,Indore,Madhya Pradesh,452001,Central,IND-PRD-11358,Clothing,Shirt,Shirt - Grade Standard,3195.0,14,0.2,48.0
B-26055,2019-03-10,2019-03-15,BlueDart Express,IND-CUST-1044,Yaanvi,Consumer,India,Indore,Madhya Pradesh,452001,Central,IND-PRD-11359,Electronics,Printers,Printers - Grade B,3750.0,2,0.2,-144.0
B-26055,2019-03-10,2019-03-15,Standard Express,IND-CUST-1044,Yaanvi,Consumer,India,Indore,Madhya Pradesh,452001,Central,IND-PRD-11360,Clothing,Saree,Saree - Grade Premium,645.0,1,0.05,132.0
B-26055,2019-03-10,2019-03-13,Standard Express,IND-CUST-1044,Yaanvi,Corporate,India,Indore,Madhya Pradesh,452001,Central,IND-PRD-11361,Furniture,Bookcases,Bookcases - Grade B,18270.0,8,0.0,5040.0
B-26055,2019-03-10,2019-03-14,Standard Express,IND-CUST-1044,Yaanvi,Small Business,India,Indore,Madhya Pradesh,452001,Central,IND-PRD-11362,Electronics,Phones,Phones - Grade Premium,10065.0,9,0.15,1368.0
B-26055,2019-03-10,2019-03-13,Standard Express,IND-CUST-1044,Yaanvi,Consumer,India,Indore,Madhya Pradesh,452001,Central,IND-PRD-11363,Clothing,Shirt,Shirt - Grade B,855.0,2,0.05,84.0
B-26056,2019-03-10,2019-03-15,Standard Express,IND-CUST-1045,Sonal,Small Business,India,Patna,Bihar,400001,East,IND-PRD-11364,Clothing,Stole,Stole - Grade B,1050.0,3,0.15,288.0
B-26056,2019-03-10,2019-03-12,Standard Express,IND-CUST-1045,Sonal,Corporate,India,Patna,Bihar,400001,East,IND-PRD-11365,Clothing,Hankerchief,Hankerchief - Grade B,705.0,7,0.05,240.0
B-26056,2019-03-10,2019-03-11,Same Day Delivery,IND-CUST-1045,Sonal,Corporate,India,Patna,Bihar,400001,East,IND-PRD-11366,Clothing,Hankerchief,Hankerchief - Grade Standard,495.0,2,0.05,108.0
B-26056,2019-03-10,2019-03-14,India Post Parcel,IND-CUST-1045,Sonal,Corporate,India,Patna,Bihar,400001,East,IND-PRD-11367,Clothing,Saree,Saree - Grade A,6360.0,2,0.15,1932.0
B-26056,2019-03-10,2019-03-14,Standard Express,IND-CUST-1045,Sonal,Corporate,India,Patna,Bihar,400001,East,IND-PRD-11368,Electronics,Phones,Phones - Grade B,5865.0,6,0.05,1080.0
B-26056,2019-03-10,2019-03-13,India Post Parcel,IND-CUST-1045,Sonal,Consumer,India,Patna,Bihar,400001,East,IND-PRD-11369,Clothing,Hankerchief,Hankerchief - Grade Standard,225.0,2,0.05,72.0
B-26056,2019-03-10,2019-03-14,BlueDart Express,IND-CUST-1045,Sonal,Corporate,India,Patna,Bihar,400001,East,IND-PRD-11370,Clothing,Hankerchief,Hankerchief - Grade A,1515.0,2,0.05,132.0
B-26056,2019-03-10,2019-03-15,Standard Express,IND-CUST-1045,Sonal,Consumer,India,Patna,Bihar,400001,East,IND-PRD-11371,Clothing,Hankerchief,Hankerchief - Grade A,465.0,2,0.05,108.0
B-26056,2019-03-10,2019-03-15,Standard Express,IND-CUST-1045,Sonal,Small Business,India,Patna,Bihar,400001,East,IND-PRD-11372,Electronics,Accessories,Accessories - Grade B,3300.0,2,0.1,480.0
B-26056,2019-03-10,2019-03-13,BlueDart Express,IND-CUST-1045,Sonal,Small Business,India,Patna,Bihar,400001,East,IND-PRD-11373,Furniture,Bookcases,Bookcases - Grade Premium,3195.0,3,0.15,-1740.0
B-26056,2019-03-10,2019-03-15,Same Day Delivery,IND-CUST-1045,Sonal,Consumer,India,Patna,Bihar,400001,East,IND-PRD-11374,Clothing,Kurti,Kurti - Grade Premium,285.0,4,0.05,-216.0
B-26056,2019-03-10,2019-03-12,BlueDart Express,IND-CUST-1045,Sonal,Consumer,India,Patna,Bihar,400001,East,IND-PRD-11375,Clothing,Hankerchief,Hankerchief - Grade Premium,3090.0,4,0.1,216.0
B-26057,2019-03-10,2019-03-13,Standard Express,IND-CUST-1046,Sharda,Corporate,India,Thiruvananthapuram,Kerala ,400001,Central,IND-PRD-11376,Electronics,Printers,Printers - Grade B,11040.0,5,0.1,4152.0
B-26057,2019-03-10,2019-03-12,Standard Express,IND-CUST-1046,Sharda,Consumer,India,Thiruvananthapuram,Kerala ,400001,Central,IND-PRD-11377,Clothing,T-shirt,T-shirt - Grade Premium,810.0,4,0.0,96.0
B-26057,2019-03-10,2019-03-11,Standard Express,IND-CUST-1046,Sharda,Small Business,India,Thiruvananthapuram,Kerala ,400001,Central,IND-PRD-11378,Furniture,Bookcases,Bookcases - Grade Standard,9885.0,2,0.0,-444.0
B-26057,2019-03-10,2019-03-12,Standard Express,IND-CUST-1046,Sharda,Consumer,India,Thiruvananthapuram,Kerala ,400001,Central,IND-PRD-11379,Clothing,Trousers,Trousers - Grade Standard,3360.0,3,0.25,1044.0
B-26058,2019-03-11,2019-03-12,Standard Express,IND-CUST-1047,Aditya,Consumer,India,Chandigarh,Punjab,400001,North,IND-PRD-11380,Clothing,Hankerchief,Hankerchief - Grade Standard,3180.0,7,0.15,1164.0
B-26059,2019-03-12,2019-03-13,Standard Express,IND-CUST-1048,Rachna,Small Business,India,Chandigarh,Haryana,400001,North,IND-PRD-11381,Clothing,T-shirt,T-shirt - Grade Standard,300.0,1,0.1,72.0
B-26060,2019-03-13,2019-03-15,Same Day Delivery,IND-CUST-1049,Chirag,Corporate,India,Mumbai,Maharashtra,400001,West,IND-PRD-11382,Clothing,Saree,Saree - Grade A,5730.0,3,0.1,816.0
B-26061,2019-03-14,2019-03-17,India Post Parcel,IND-CUST-1050,Anurag,Corporate,India,Indore,Madhya Pradesh,452001,Central,IND-PRD-11383,Electronics,Accessories,Accessories - Grade Standard,7620.0,2,0.0,2436.0
B-26061,2019-03-14,2019-03-19,Standard Express,IND-CUST-1050,Anurag,Consumer,India,Indore,Madhya Pradesh,452001,Central,IND-PRD-11384,Electronics,Printers,Printers - Grade Premium,14475.0,3,0.1,-816.0
B-26061,2019-03-14,2019-03-19,India Post Parcel,IND-CUST-1050,Anurag,Corporate,India,Indore,Madhya Pradesh,452001,Central,IND-PRD-11385,Electronics,Printers,Printers - Grade B,3090.0,1,0.1,144.0
B-26061,2019-03-14,2019-03-15,Standard Express,IND-CUST-1050,Anurag,Corporate,India,Indore,Madhya Pradesh,452001,Central,IND-PRD-11386,Clothing,Saree,Saree - Grade Premium,9630.0,5,0.1,2160.0
B-26061,2019-03-14,2019-03-15,BlueDart Express,IND-CUST-1050,Anurag,Corporate,India,Indore,Madhya Pradesh,452001,Central,IND-PRD-11387,Clothing,Stole,Stole - Grade Standard,1635.0,2,0.05,624.0
B-26061,2019-03-14,2019-03-17,Standard Express,IND-CUST-1050,Anurag,Corporate,India,Indore,Madhya Pradesh,452001,Central,IND-PRD-11388,Clothing,T-shirt,T-shirt - Grade A,405.0,2,0.0,96.0
B-26062,2019-03-15,2019-03-19,BlueDart Express,IND-CUST-1051,Tushina,Corporate,India,Goa,Goa,400001,West,IND-PRD-11389,Clothing,Stole,Stole - Grade Standard,660.0,3,0.0,-480.0
B-26062,2019-03-15,2019-03-17,India Post Parcel,IND-CUST-1051,Tushina,Consumer,India,Goa,Goa,400001,West,IND-PRD-11390,Clothing,Stole,Stole - Grade B,750.0,2,0.25,-204.0
B-26062,2019-03-15,2019-03-16,BlueDart Express,IND-CUST-1051,Tushina,Consumer,India,Goa,Goa,400001,West,IND-PRD-11391,Clothing,Stole,Stole - Grade Premium,195.0,1,0.05,-24.0
B-26063,2019-03-15,2019-03-20,Standard Express,IND-CUST-1052,Farah,Corporate,India,Kohima,Nagaland,400001,Central,IND-PRD-11392,Electronics,Electronic Games,Electronic Games - Grade B,3615.0,4,0.05,-924.0
B-26064,2019-03-16,2019-03-19,BlueDart Express,IND-CUST-1331,Ankita,Consumer,India,Mumbai,Maharashtra,400001,West,IND-PRD-11393,Clothing,Leggings,Leggings - Grade B,1125.0,5,0.0,24.0
B-26064,2019-03-16,2019-03-18,Standard Express,IND-CUST-1331,Ankita,Corporate,India,Mumbai,Maharashtra,400001,West,IND-PRD-11394,Clothing,Hankerchief,Hankerchief - Grade B,915.0,4,0.0,36.0
B-26064,2019-03-16,2019-03-19,Same Day Delivery,IND-CUST-1331,Ankita,Consumer,India,Mumbai,Maharashtra,400001,West,IND-PRD-11395,Clothing,T-shirt,T-shirt - Grade Premium,1830.0,6,0.15,456.0
B-26064,2019-03-16,2019-03-18,BlueDart Express,IND-CUST-1331,Ankita,Corporate,India,Mumbai,Maharashtra,400001,West,IND-PRD-11396,Clothing,Saree,Saree - Grade Standard,330.0,2,0.1,0.0
B-26065,2019-03-16,2019-03-18,Standard Express,IND-CUST-1054,Nida,Corporate,India,Indore,Madhya Pradesh,452001,Central,IND-PRD-11397,Clothing,Stole,Stole - Grade B,2190.0,5,0.1,228.0
B-26066,2019-03-16,2019-03-17,BlueDart Express,IND-CUST-1055,Priyanka,Consumer,India,Pune,Maharashtra,411001,West,IND-PRD-11398,Clothing,Saree,Saree - Grade Premium,1290.0,2,0.0,264.0
B-26067,2019-03-16,2019-03-19,BlueDart Express,IND-CUST-1056,Tulika,Consumer,India,Bhopal,Madhya Pradesh,400001,Central,IND-PRD-11399,Furniture,Bookcases,Bookcases - Grade A,9270.0,4,0.15,324.0
B-26067,2019-03-16,2019-03-19,Standard Express,IND-CUST-1056,Tulika,Consumer,India,Bhopal,Madhya Pradesh,400001,Central,IND-PRD-11400,Clothing,Hankerchief,Hankerchief - Grade Premium,795.0,4,0.0,24.0
B-26067,2019-03-16,2019-03-21,BlueDart Express,IND-CUST-1056,Tulika,Corporate,India,Bhopal,Madhya Pradesh,400001,Central,IND-PRD-11401,Clothing,Saree,Saree - Grade A,16800.0,6,0.0,2388.0
B-26067,2019-03-16,2019-03-21,Standard Express,IND-CUST-1056,Tulika,Corporate,India,Bhopal,Madhya Pradesh,400001,Central,IND-PRD-11402,Electronics,Printers,Printers - Grade Premium,17055.0,7,0.05,-168.0
B-26067,2019-03-16,2019-03-17,BlueDart Express,IND-CUST-1056,Tulika,Consumer,India,Bhopal,Madhya Pradesh,400001,Central,IND-PRD-11403,Clothing,T-shirt,T-shirt - Grade Standard,1005.0,4,0.0,24.0
B-26068,2019-03-16,2019-03-17,Same Day Delivery,IND-CUST-1057,Shefali,Corporate,India,Jaipur,Rajasthan,302001,North,IND-PRD-11404,Electronics,Accessories,Accessories - Grade B,2895.0,5,0.0,396.0
B-26069,2019-03-17,2019-03-21,Same Day Delivery,IND-CUST-1058,Sanskriti,Consumer,India,Kolkata,West Bengal,700001,East,IND-PRD-11405,Clothing,Kurti,Kurti - Grade Standard,825.0,2,0.1,216.0
B-26070,2019-03-18,2019-03-23,BlueDart Express,IND-CUST-1059,Shruti,Consumer,India,Bangalore,Karnataka,560001,South,IND-PRD-11406,Clothing,Shirt,Shirt - Grade Premium,810.0,4,0.1,144.0
B-26070,2019-03-18,2019-03-20,BlueDart Express,IND-CUST-1059,Shruti,Small Business,India,Bangalore,Karnataka,560001,South,IND-PRD-11407,Furniture,Furnishings,Furnishings - Grade B,8730.0,5,0.15,3144.0
B-26070,2019-03-18,2019-03-21,Standard Express,IND-CUST-1059,Shruti,Consumer,India,Bangalore,Karnataka,560001,South,IND-PRD-11408,Clothing,Trousers,Trousers - Grade A,1125.0,1,0.05,348.0
B-26070,2019-03-18,2019-03-19,Same Day Delivery,IND-CUST-1059,Shruti,Consumer,India,Bangalore,Karnataka,560001,South,IND-PRD-11409,Clothing,Hankerchief,Hankerchief - Grade Premium,210.0,2,0.0,84.0
B-26071,2019-03-19,2019-03-22,Standard Express,IND-CUST-1060,Subhashree,Consumer,India,Kashmir,Jammu and Kashmir,400001,North,IND-PRD-11410,Clothing,Hankerchief,Hankerchief - Grade B,315.0,3,0.0,48.0
B-26072,2019-03-20,2019-03-23,BlueDart Express,IND-CUST-1061,Sweta,Consumer,India,Mumbai,Maharashtra,400001,West,IND-PRD-11411,Electronics,Electronic Games,Electronic Games - Grade A,4695.0,3,0.3,528.0
B-26073,2019-03-21,2019-03-25,Standard Express,IND-CUST-1062,Pournamasi,Consumer,India,Indore,Madhya Pradesh,452001,Central,IND-PRD-11412,Clothing,Hankerchief,Hankerchief - Grade A,555.0,3,0.1,204.0
B-26073,2019-03-21,2019-03-26,Standard Express,IND-CUST-1062,Pournamasi,Consumer,India,Indore,Madhya Pradesh,452001,Central,IND-PRD-11413,Clothing,Stole,Stole - Grade Standard,4350.0,9,0.15,1320.0
B-26073,2019-03-21,2019-03-22,BlueDart Express,IND-CUST-1062,Pournamasi,Corporate,India,Indore,Madhya Pradesh,452001,Central,IND-PRD-11414,Clothing,Hankerchief,Hankerchief - Grade Premium,1830.0,4,0.0,132.0
B-26073,2019-03-21,2019-03-24,Standard Express,IND-CUST-1062,Pournamasi,Consumer,India,Indore,Madhya Pradesh,452001,Central,IND-PRD-11415,Clothing,Saree,Saree - Grade A,435.0,3,0.1,108.0
B-26073,2019-03-21,2019-03-22,BlueDart Express,IND-CUST-1062,Pournamasi,Consumer,India,Indore,Madhya Pradesh,452001,Central,IND-PRD-11416,Electronics,Printers,Printers - Grade B,22710.0,4,0.0,8904.0
B-26074,2019-03-21,2019-03-23,Standard Express,IND-CUST-1000,Bharat,Consumer,India,Ahmedabad,Gujarat,380001,West,IND-PRD-11417,Clothing,Leggings,Leggings - Grade A,855.0,4,0.1,252.0
B-26075,2019-03-21,2019-03-25,Standard Express,IND-CUST-1001,Pearl,Consumer,India,Pune,Maharashtra,411001,West,IND-PRD-11418,Clothing,Stole,Stole - Grade A,510.0,2,0.2,144.0
B-26076,2019-03-21,2019-03-23,BlueDart Express,IND-CUST-1002,Jahan,Corporate,India,Bhopal,Madhya Pradesh,400001,Central,IND-PRD-11419,Clothing,Stole,Stole - Grade Standard,1365.0,2,0.25,264.0
B-26076,2019-03-21,2019-03-22,Standard Express,IND-CUST-1002,Jahan,Small Business,India,Bhopal,Madhya Pradesh,400001,Central,IND-PRD-11420,Clothing,Shirt,Shirt - Grade Standard,1995.0,5,0.1,552.0
B-26076,2019-03-21,2019-03-22,Standard Express,IND-CUST-1002,Jahan,Consumer,India,Bhopal,Madhya Pradesh,400001,Central,IND-PRD-11421,Clothing,T-shirt,T-shirt - Grade B,900.0,2,0.05,156.0
B-26076,2019-03-21,2019-03-26,BlueDart Express,IND-CUST-1002,Jahan,Small Business,India,Bhopal,Madhya Pradesh,400001,Central,IND-PRD-11422,Clothing,Saree,Saree - Grade Standard,285.0,2,0.25,48.0
B-26076,2019-03-21,2019-03-24,Standard Express,IND-CUST-1002,Jahan,Corporate,India,Bhopal,Madhya Pradesh,400001,Central,IND-PRD-11423,Furniture,Bookcases,Bookcases - Grade A,6750.0,4,0.1,2280.0
B-26077,2019-03-22,2019-03-25,Same Day Delivery,IND-CUST-1003,Divsha,Corporate,India,Jaipur,Rajasthan,302001,North,IND-PRD-11424,Clothing,Hankerchief,Hankerchief - Grade A,930.0,7,0.0,132.0
B-26078,2019-03-22,2019-03-24,Standard Express,IND-CUST-1004,Kasheen,Consumer,India,Kolkata,West Bengal,700001,East,IND-PRD-11425,Clothing,Skirt,Skirt - Grade Standard,255.0,2,0.05,96.0
B-26078,2019-03-22,2019-03-26,Standard Express,IND-CUST-1004,Kasheen,Consumer,India,Kolkata,West Bengal,700001,East,IND-PRD-11426,Clothing,T-shirt,T-shirt - Grade A,660.0,2,0.0,240.0
B-26078,2019-03-22,2019-03-25,BlueDart Express,IND-CUST-1004,Kasheen,Consumer,India,Kolkata,West Bengal,700001,East,IND-PRD-11427,Electronics,Electronic Games,Electronic Games - Grade A,8355.0,2,0.05,1332.0
B-26078,2019-03-22,2019-03-27,Standard Express,IND-CUST-1004,Kasheen,Corporate,India,Kolkata,West Bengal,700001,East,IND-PRD-11428,Clothing,Stole,Stole - Grade B,2055.0,3,0.05,756.0
B-26079,2019-03-22,2019-03-24,Standard Express,IND-CUST-1005,Hazel,Consumer,India,Bangalore,Karnataka,560001,South,IND-PRD-11429,Clothing,Hankerchief,Hankerchief - Grade Standard,270.0,2,0.1,36.0
B-26080,2019-03-22,2019-03-24,Standard Express,IND-CUST-1006,Sonakshi,Small Business,India,Kashmir,Jammu and Kashmir,400001,North,IND-PRD-11430,Clothing,T-shirt,T-shirt - Grade A,1635.0,6,0.05,420.0
B-26081,2019-03-22,2019-03-27,Standard Express,IND-CUST-1007,Aarushi,Consumer,India,Chennai,Tamil Nadu,600001,South,IND-PRD-11431,Furniture,Bookcases,Bookcases - Grade Standard,5385.0,5,0.0,-4056.0
B-26081,2019-03-22,2019-03-26,Same Day Delivery,IND-CUST-1007,Aarushi,Consumer,India,Chennai,Tamil Nadu,600001,South,IND-PRD-11432,Clothing,Saree,Saree - Grade B,1395.0,3,0.1,-1008.0
B-26081,2019-03-22,2019-03-27,Standard Express,IND-CUST-1007,Aarushi,Corporate,India,Chennai,Tamil Nadu,600001,South,IND-PRD-11433,Electronics,Accessories,Accessories - Grade Standard,2535.0,3,0.15,0.0
B-26081,2019-03-22,2019-03-26,Same Day Delivery,IND-CUST-1007,Aarushi,Consumer,India,Chennai,Tamil Nadu,600001,South,IND-PRD-11434,Clothing,Stole,Stole - Grade A,1185.0,4,0.1,396.0
B-26081,2019-03-22,2019-03-27,Same Day Delivery,IND-CUST-1007,Aarushi,Consumer,India,Chennai,Tamil Nadu,600001,South,IND-PRD-11435,Clothing,Hankerchief,Hankerchief - Grade Standard,360.0,3,0.05,132.0
B-26081,2019-03-22,2019-03-27,Standard Express,IND-CUST-1007,Aarushi,Corporate,India,Chennai,Tamil Nadu,600001,South,IND-PRD-11436,Clothing,Saree,Saree - Grade A,9555.0,5,0.25,600.0
B-26082,2019-03-23,2019-03-24,India Post Parcel,IND-CUST-1008,Jitesh,Small Business,India,Lucknow,Uttar Pradesh,226001,North,IND-PRD-11437,Clothing,Stole,Stole - Grade A,1425.0,2,0.2,60.0
B-26083,2019-03-24,2019-03-26,Standard Express,IND-CUST-1009,Yogesh,Corporate,India,Patna,Bihar,400001,East,IND-PRD-11438,Clothing,Leggings,Leggings - Grade A,645.0,3,0.0,96.0
B-26083,2019-03-24,2019-03-29,India Post Parcel,IND-CUST-1009,Yogesh,Corporate,India,Patna,Bihar,400001,East,IND-PRD-11439,Clothing,T-shirt,T-shirt - Grade B,2175.0,3,0.0,192.0
B-26083,2019-03-24,2019-03-29,Standard Express,IND-CUST-1009,Yogesh,Corporate,India,Patna,Bihar,400001,East,IND-PRD-11440,Clothing,Saree,Saree - Grade Standard,510.0,3,0.15,36.0
B-26083,2019-03-24,2019-03-27,BlueDart Express,IND-CUST-1009,Yogesh,Small Business,India,Patna,Bihar,400001,East,IND-PRD-11441,Electronics,Accessories,Accessories - Grade B,2145.0,2,0.15,72.0
B-26083,2019-03-24,2019-03-26,BlueDart Express,IND-CUST-1009,Yogesh,Consumer,India,Patna,Bihar,400001,East,IND-PRD-11442,Electronics,Accessories,Accessories - Grade Standard,675.0,1,0.25,204.0
B-26084,2019-03-25,2019-03-28,Standard Express,IND-CUST-1010,Anita,Consumer,India,Thiruvananthapuram,Kerala ,400001,Central,IND-PRD-11443,Electronics,Electronic Games,Electronic Games - Grade B,3135.0,4,0.2,-756.0
B-26085,2019-03-26,2019-03-28,BlueDart Express,IND-CUST-1011,Shrichand,Consumer,India,Chandigarh,Punjab,400001,North,IND-PRD-11444,Clothing,Saree,Saree - Grade Premium,1290.0,2,0.1,264.0
B-26085,2019-03-26,2019-03-29,BlueDart Express,IND-CUST-1011,Shrichand,Consumer,India,Chandigarh,Punjab,400001,North,IND-PRD-11445,Clothing,Trousers,Trousers - Grade A,22305.0,3,0.1,7488.0
B-26085,2019-03-26,2019-03-31,Standard Express,IND-CUST-1011,Shrichand,Corporate,India,Chandigarh,Punjab,400001,North,IND-PRD-11446,Clothing,Stole,Stole - Grade A,600.0,2,0.0,204.0
B-26085,2019-03-26,2019-03-31,Standard Express,IND-CUST-1011,Shrichand,Corporate,India,Chandigarh,Punjab,400001,North,IND-PRD-11447,Clothing,Saree,Saree - Grade B,1980.0,3,0.0,-120.0
B-26086,2019-03-26,2019-03-27,BlueDart Express,IND-CUST-1012,Mukesh,Corporate,India,Chandigarh,Haryana,400001,North,IND-PRD-11448,Clothing,T-shirt,T-shirt - Grade Premium,645.0,2,0.05,204.0
B-26086,2019-03-26,2019-03-29,BlueDart Express,IND-CUST-1012,Mukesh,Consumer,India,Chandigarh,Haryana,400001,North,IND-PRD-11449,Electronics,Printers,Printers - Grade A,11430.0,6,0.1,1212.0
B-26086,2019-03-26,2019-03-30,India Post Parcel,IND-CUST-1012,Mukesh,Corporate,India,Chandigarh,Haryana,400001,North,IND-PRD-11450,Clothing,Hankerchief,Hankerchief - Grade Standard,375.0,2,0.1,24.0
B-26087,2019-03-26,2019-03-27,Same Day Delivery,IND-CUST-1013,Vandana,Consumer,India,Simla,Himachal Pradesh,400001,Central,IND-PRD-11451,Clothing,Saree,Saree - Grade B,1785.0,7,0.15,672.0
B-26087,2019-03-26,2019-03-29,India Post Parcel,IND-CUST-1013,Vandana,Corporate,India,Simla,Himachal Pradesh,400001,Central,IND-PRD-11452,Clothing,Hankerchief,Hankerchief - Grade A,690.0,3,0.0,156.0
B-26087,2019-03-26,2019-03-29,BlueDart Express,IND-CUST-1013,Vandana,Corporate,India,Simla,Himachal Pradesh,400001,Central,IND-PRD-11453,Electronics,Electronic Games,Electronic Games - Grade A,4665.0,1,0.1,480.0
B-26087,2019-03-26,2019-03-27,Standard Express,IND-CUST-1013,Vandana,Consumer,India,Simla,Himachal Pradesh,400001,Central,IND-PRD-11454,Clothing,Stole,Stole - Grade B,600.0,2,0.0,120.0
B-26087,2019-03-26,2019-03-31,Standard Express,IND-CUST-1013,Vandana,Consumer,India,Simla,Himachal Pradesh,400001,Central,IND-PRD-11455,Clothing,Stole,Stole - Grade B,2700.0,8,0.05,0.0
B-26088,2019-03-26,2019-03-29,Same Day Delivery,IND-CUST-1014,Bhavna,Consumer,India,Gangtok,Sikkim,400001,Central,IND-PRD-11456,Clothing,Hankerchief,Hankerchief - Grade Standard,165.0,2,0.15,60.0
B-26089,2019-03-26,2019-03-31,BlueDart Express,IND-CUST-1015,Kanak,Corporate,India,Goa,Goa,400001,West,IND-PRD-11457,Clothing,Kurti,Kurti - Grade Standard,885.0,6,0.1,288.0
B-26089,2019-03-26,2019-03-27,Standard Express,IND-CUST-1015,Kanak,Small Business,India,Goa,Goa,400001,West,IND-PRD-11458,Clothing,Hankerchief,Hankerchief - Grade A,405.0,1,0.3,48.0
B-26089,2019-03-26,2019-03-31,Standard Express,IND-CUST-1015,Kanak,Corporate,India,Goa,Goa,400001,West,IND-PRD-11459,Clothing,Kurti,Kurti - Grade A,2085.0,3,0.0,168.0
B-26090,2019-03-27,2019-03-29,India Post Parcel,IND-CUST-1016,Sagar,Consumer,India,Kohima,Nagaland,400001,Central,IND-PRD-11460,Clothing,Stole,Stole - Grade B,1200.0,3,0.05,264.0
B-26091,2019-03-27,2019-03-31,BlueDart Express,IND-CUST-1017,Manju,Consumer,India,Hyderabad,Andhra Pradesh,500001,South,IND-PRD-11461,Clothing,Stole,Stole - Grade A,2370.0,3,0.05,828.0
B-26091,2019-03-27,2019-03-30,Standard Express,IND-CUST-1017,Manju,Corporate,India,Hyderabad,Andhra Pradesh,500001,South,IND-PRD-11462,Clothing,Hankerchief,Hankerchief - Grade A,435.0,4,0.05,120.0
B-26091,2019-03-27,2019-03-31,BlueDart Express,IND-CUST-1017,Manju,Corporate,India,Hyderabad,Andhra Pradesh,500001,South,IND-PRD-11463,Clothing,Leggings,Leggings - Grade B,885.0,4,0.2,120.0
B-26092,2019-03-27,2019-04-01,Standard Express,IND-CUST-1018,Ramesh,Consumer,India,Ahmedabad,Gujarat,380001,West,IND-PRD-11464,Clothing,T-shirt,T-shirt - Grade A,1455.0,2,0.1,168.0
B-26093,2019-03-27,2019-03-30,Standard Express,IND-CUST-1019,Sarita,Consumer,India,Pune,Maharashtra,411001,West,IND-PRD-11465,Clothing,Saree,Saree - Grade A,495.0,1,0.2,-12.0
B-26093,2019-03-27,2019-04-01,Standard Express,IND-CUST-1019,Sarita,Corporate,India,Pune,Maharashtra,411001,West,IND-PRD-11466,Electronics,Printers,Printers - Grade Premium,42705.0,8,0.0,8544.0
B-26093,2019-03-27,2019-03-29,Standard Express,IND-CUST-1019,Sarita,Consumer,India,Pune,Maharashtra,411001,West,IND-PRD-11467,Furniture,Bookcases,Bookcases - Grade Standard,12780.0,5,0.2,612.0
B-26093,2019-03-27,2019-03-28,Same Day Delivery,IND-CUST-1019,Sarita,Consumer,India,Pune,Maharashtra,411001,West,IND-PRD-11468,Electronics,Accessories,Accessories - Grade B,7380.0,2,0.0,2244.0
B-26093,2019-03-27,2019-03-30,Standard Express,IND-CUST-1019,Sarita,Consumer,India,Pune,Maharashtra,411001,West,IND-PRD-11469,Clothing,Leggings,Leggings - Grade Premium,1215.0,5,0.2,492.0
B-26093,2019-03-27,2019-03-29,Same Day Delivery,IND-CUST-1019,Sarita,Consumer,India,Pune,Maharashtra,411001,West,IND-PRD-11470,Clothing,Hankerchief,Hankerchief - Grade Standard,735.0,4,0.05,60.0
B-26093,2019-03-27,2019-03-29,Same Day Delivery,IND-CUST-1019,Sarita,Small Business,India,Pune,Maharashtra,411001,West,IND-PRD-11471,Clothing,Saree,Saree - Grade Standard,2220.0,3,0.05,300.0
B-26094,2019-03-27,2019-03-30,Standard Express,IND-CUST-1020,Deepak,Small Business,India,Bhopal,Madhya Pradesh,400001,Central,IND-PRD-11472,Clothing,Stole,Stole - Grade Standard,2280.0,6,0.1,600.0
B-26095,2019-03-28,2019-04-02,BlueDart Express,IND-CUST-1021,Monisha,Corporate,India,Jaipur,Rajasthan,302001,North,IND-PRD-11473,Clothing,Kurti,Kurti - Grade Premium,90.0,1,0.25,12.0
B-26096,2019-03-28,2019-03-30,BlueDart Express,IND-CUST-1022,Atharv,Consumer,India,Kolkata,West Bengal,700001,East,IND-PRD-11474,Clothing,Leggings,Leggings - Grade Premium,675.0,3,0.0,108.0
B-26096,2019-03-28,2019-04-01,Same Day Delivery,IND-CUST-1022,Atharv,Consumer,India,Kolkata,West Bengal,700001,East,IND-PRD-11475,Clothing,Saree,Saree - Grade Standard,1545.0,2,0.05,552.0
B-26096,2019-03-28,2019-03-30,Standard Express,IND-CUST-1022,Atharv,Consumer,India,Kolkata,West Bengal,700001,East,IND-PRD-11476,Clothing,Shirt,Shirt - Grade A,2100.0,4,0.2,672.0
B-26096,2019-03-28,2019-04-02,BlueDart Express,IND-CUST-1022,Atharv,Consumer,India,Kolkata,West Bengal,700001,East,IND-PRD-11477,Electronics,Accessories,Accessories - Grade A,1320.0,3,0.05,132.0
B-26096,2019-03-28,2019-04-02,BlueDart Express,IND-CUST-1022,Atharv,Corporate,India,Kolkata,West Bengal,700001,East,IND-PRD-11478,Electronics,Phones,Phones - Grade Premium,6765.0,3,0.0,300.0
B-26096,2019-03-28,2019-04-01,Standard Express,IND-CUST-1022,Atharv,Consumer,India,Kolkata,West Bengal,700001,East,IND-PRD-11479,Clothing,Trousers,Trousers - Grade Premium,3960.0,3,0.05,-312.0
B-26097,2019-03-28,2019-03-30,Standard Express,IND-CUST-1023,Vini,Consumer,India,Bangalore,Karnataka,560001,South,IND-PRD-11480,Clothing,Hankerchief,Hankerchief - Grade Premium,1455.0,2,0.05,144.0
B-26097,2019-03-28,2019-04-02,BlueDart Express,IND-CUST-1023,Vini,Consumer,India,Bangalore,Karnataka,560001,South,IND-PRD-11481,Clothing,Hankerchief,Hankerchief - Grade Standard,210.0,1,0.2,60.0
B-26097,2019-03-28,2019-03-31,BlueDart Express,IND-CUST-1023,Vini,Consumer,India,Bangalore,Karnataka,560001,South,IND-PRD-11482,Clothing,Hankerchief,Hankerchief - Grade A,285.0,2,0.15,96.0
B-26097,2019-03-28,2019-03-29,Standard Express,IND-CUST-1023,Vini,Consumer,India,Bangalore,Karnataka,560001,South,IND-PRD-11483,Clothing,Leggings,Leggings - Grade Premium,585.0,2,0.1,216.0
B-26097,2019-03-28,2019-03-29,BlueDart Express,IND-CUST-1023,Vini,Consumer,India,Bangalore,Karnataka,560001,South,IND-PRD-11484,Furniture,Chairs,Chairs - Grade Premium,2775.0,6,0.3,-312.0
B-26097,2019-03-28,2019-03-29,Standard Express,IND-CUST-1023,Vini,Small Business,India,Bangalore,Karnataka,560001,South,IND-PRD-11485,Electronics,Printers,Printers - Grade B,9945.0,5,0.05,-2544.0
B-26097,2019-03-28,2019-03-30,BlueDart Express,IND-CUST-1023,Vini,Consumer,India,Bangalore,Karnataka,560001,South,IND-PRD-11486,Electronics,Electronic Games,Electronic Games - Grade Standard,10065.0,5,0.0,-3708.0
B-26098,2019-03-29,2019-04-02,Standard Express,IND-CUST-1024,Pinky,Consumer,India,Kashmir,Jammu and Kashmir,400001,North,IND-PRD-11487,Electronics,Accessories,Accessories - Grade B,1230.0,3,0.0,96.0
B-26098,2019-03-29,2019-04-03,Same Day Delivery,IND-CUST-1024,Pinky,Small Business,India,Kashmir,Jammu and Kashmir,400001,North,IND-PRD-11488,Furniture,Chairs,Chairs - Grade A,7455.0,3,0.05,2148.0
B-26098,2019-03-29,2019-04-01,Standard Express,IND-CUST-1024,Pinky,Small Business,India,Kashmir,Jammu and Kashmir,400001,North,IND-PRD-11489,Clothing,Leggings,Leggings - Grade B,1440.0,5,0.0,576.0
B-26098,2019-03-29,2019-04-01,Standard Express,IND-CUST-1024,Pinky,Corporate,India,Kashmir,Jammu and Kashmir,400001,North,IND-PRD-11490,Clothing,Saree,Saree - Grade B,6135.0,3,0.25,1032.0
B-26098,2019-03-29,2019-03-31,Standard Express,IND-CUST-1024,Pinky,Corporate,India,Kashmir,Jammu and Kashmir,400001,North,IND-PRD-11491,Clothing,T-shirt,T-shirt - Grade B,885.0,2,0.15,180.0
B-26098,2019-03-29,2019-03-30,Standard Express,IND-CUST-1024,Pinky,Consumer,India,Kashmir,Jammu and Kashmir,400001,North,IND-PRD-11492,Clothing,Skirt,Skirt - Grade Standard,690.0,5,0.0,168.0
B-26099,2019-03-30,2019-04-01,BlueDart Express,IND-CUST-1025,Bhishm,Consumer,India,Mumbai,Maharashtra,400001,West,IND-PRD-11493,Clothing,Skirt,Skirt - Grade A,135.0,1,0.1,36.0
B-26099,2019-03-30,2019-04-03,Standard Express,IND-CUST-1025,Bhishm,Consumer,India,Mumbai,Maharashtra,400001,West,IND-PRD-11494,Clothing,Hankerchief,Hankerchief - Grade B,3105.0,4,0.15,444.0
B-26099,2019-03-30,2019-04-03,Same Day Delivery,IND-CUST-1025,Bhishm,Corporate,India,Mumbai,Maharashtra,400001,West,IND-PRD-11495,Electronics,Phones,Phones - Grade Standard,12525.0,5,0.25,3204.0
B-26099,2019-03-30,2019-04-04,Standard Express,IND-CUST-1025,Bhishm,Corporate,India,Mumbai,Maharashtra,400001,West,IND-PRD-11496,Clothing,Trousers,Trousers - Grade A,35490.0,5,0.2,6624.0
B-26100,2019-03-31,2019-04-05,Standard Express,IND-CUST-1026,Hitika,Consumer,India,Indore,Madhya Pradesh,452001,Central,IND-PRD-11497,Furniture,Chairs,Chairs - Grade Premium,12420.0,2,0.1,2760.0
B-26100,2019-03-31,2019-04-04,Standard Express,IND-CUST-1026,Hitika,Consumer,India,Indore,Madhya Pradesh,452001,Central,IND-PRD-11498,Clothing,T-shirt,T-shirt - Grade B,510.0,2,0.15,120.0
B-26100,2019-03-31,2019-04-04,Standard Express,IND-CUST-1026,Hitika,Corporate,India,Indore,Madhya Pradesh,452001,Central,IND-PRD-11499,Clothing,Shirt,Shirt - Grade A,1080.0,2,0.1,192.0
